2026-06-06 22:23:01,993 WARNING:discord.ext.commands.bot:Privileged message content intent is missing, commands may not work as expected.
2026-06-06 23:11:28,130 WARNING:discord.ext.commands.bot:Privileged message content intent is missing, commands may not work as expected.
2026-06-07 15:50:01,963 WARNING:apscheduler.scheduler:Execution of job "send_due_reminders (trigger: interval[0:00:01], next run at: 2026-06-07 15:50:01 UTC)" skipped: maximum number of running instances reached (1)
2026-06-07 15:50:02,962 WARNING:apscheduler.scheduler:Execution of job "send_due_reminders (trigger: interval[0:00:01], next run at: 2026-06-07 15:50:02 UTC)" skipped: maximum number of running instances reached (1)
2026-06-07 15:50:03,963 WARNING:apscheduler.scheduler:Execution of job "send_due_reminders (trigger: interval[0:00:01], next run at: 2026-06-07 15:50:03 UTC)" skipped: maximum number of running instances reached (1)
2026-06-07 15:50:04,964 WARNING:apscheduler.scheduler:Execution of job "send_due_reminders (trigger: interval[0:00:01], next run at: 2026-06-07 15:50:04 UTC)" skipped: maximum number of running instances reached (1)
2026-06-07 15:50:05,962 WARNING:apscheduler.scheduler:Execution of job "send_due_reminders (trigger: interval[0:00:01], next run at: 2026-06-07 15:50:05 UTC)" skipped: maximum number of running instances reached (1)
2026-06-07 15:50:06,962 WARNING:apscheduler.scheduler:Execution of job "send_due_reminders (trigger: interval[0:00:01], next run at: 2026-06-07 15:50:06 UTC)" skipped: maximum number of running instances reached (1)
2026-06-07 15:50:07,752 WARNING:SP4RK.reminders:DM closed for user 979971752107069471
2026-06-07 15:50:07,964 WARNING:apscheduler.scheduler:Execution of job "send_due_reminders (trigger: interval[0:00:01], next run at: 2026-06-07 15:50:07 UTC)" skipped: maximum number of running instances reached (1)
2026-06-07 15:50:08,963 WARNING:apscheduler.scheduler:Execution of job "send_due_reminders (trigger: interval[0:00:01], next run at: 2026-06-07 15:50:08 UTC)" skipped: maximum number of running instances reached (1)
2026-06-07 15:50:09,963 WARNING:apscheduler.scheduler:Execution of job "send_due_reminders (trigger: interval[0:00:01], next run at: 2026-06-07 15:50:09 UTC)" skipped: maximum number of running instances reached (1)
2026-06-07 18:00:01,963 WARNING:apscheduler.scheduler:Execution of job "send_due_reminders (trigger: interval[0:00:01], next run at: 2026-06-07 18:00:01 UTC)" skipped: maximum number of running instances reached (1)
2026-06-07 18:00:02,301 WARNING:SP4RK.reminders:DM closed for user 591297089686863872
2026-06-07 18:00:02,964 WARNING:apscheduler.scheduler:Execution of job "send_due_reminders (trigger: interval[0:00:01], next run at: 2026-06-07 18:00:02 UTC)" skipped: maximum number of running instances reached (1)
2026-06-07 18:00:03,962 WARNING:apscheduler.scheduler:Execution of job "send_due_reminders (trigger: interval[0:00:01], next run at: 2026-06-07 18:00:03 UTC)" skipped: maximum number of running instances reached (1)
2026-06-07 18:00:04,963 WARNING:apscheduler.scheduler:Execution of job "send_due_reminders (trigger: interval[0:00:01], next run at: 2026-06-07 18:00:04 UTC)" skipped: maximum number of running instances reached (1)
2026-06-07 18:00:05,963 WARNING:apscheduler.scheduler:Execution of job "send_due_reminders (trigger: interval[0:00:01], next run at: 2026-06-07 18:00:05 UTC)" skipped: maximum number of running instances reached (1)
2026-06-07 18:00:06,964 WARNING:apscheduler.scheduler:Execution of job "send_due_reminders (trigger: interval[0:00:01], next run at: 2026-06-07 18:00:06 UTC)" skipped: maximum number of running instances reached (1)
2026-06-07 18:00:07,964 WARNING:apscheduler.scheduler:Execution of job "send_due_reminders (trigger: interval[0:00:01], next run at: 2026-06-07 18:00:07 UTC)" skipped: maximum number of running instances reached (1)
2026-06-07 18:00:08,963 WARNING:apscheduler.scheduler:Execution of job "send_due_reminders (trigger: interval[0:00:01], next run at: 2026-06-07 18:00:08 UTC)" skipped: maximum number of running instances reached (1)
2026-06-07 18:00:09,963 WARNING:apscheduler.scheduler:Execution of job "send_due_reminders (trigger: interval[0:00:01], next run at: 2026-06-07 18:00:09 UTC)" skipped: maximum number of running instances reached (1)
2026-06-07 18:00:10,963 WARNING:apscheduler.scheduler:Execution of job "send_due_reminders (trigger: interval[0:00:01], next run at: 2026-06-07 18:00:10 UTC)" skipped: maximum number of running instances reached (1)
2026-06-07 18:00:11,963 WARNING:apscheduler.scheduler:Execution of job "send_due_reminders (trigger: interval[0:00:01], next run at: 2026-06-07 18:00:11 UTC)" skipped: maximum number of running instances reached (1)
2026-06-07 18:00:12,963 WARNING:apscheduler.scheduler:Execution of job "send_due_reminders (trigger: interval[0:00:01], next run at: 2026-06-07 18:00:12 UTC)" skipped: maximum number of running instances reached (1)
2026-06-07 18:00:13,963 WARNING:apscheduler.scheduler:Execution of job "send_due_reminders (trigger: interval[0:00:01], next run at: 2026-06-07 18:00:13 UTC)" skipped: maximum number of running instances reached (1)
2026-06-07 18:00:14,962 WARNING:apscheduler.scheduler:Execution of job "send_due_reminders (trigger: interval[0:00:01], next run at: 2026-06-07 18:00:14 UTC)" skipped: maximum number of running instances reached (1)
2026-06-09 16:35:01,963 WARNING:apscheduler.scheduler:Execution of job "send_due_reminders (trigger: interval[0:00:01], next run at: 2026-06-09 16:35:01 UTC)" skipped: maximum number of running instances reached (1)
2026-06-09 16:35:02,964 WARNING:apscheduler.scheduler:Execution of job "send_due_reminders (trigger: interval[0:00:01], next run at: 2026-06-09 16:35:02 UTC)" skipped: maximum number of running instances reached (1)
2026-06-09 16:35:03,962 WARNING:apscheduler.scheduler:Execution of job "send_due_reminders (trigger: interval[0:00:01], next run at: 2026-06-09 16:35:03 UTC)" skipped: maximum number of running instances reached (1)
2026-06-09 16:35:04,388 WARNING:SP4RK.reminders:DM closed for user 591297089686863872
2026-06-09 16:35:04,963 WARNING:apscheduler.scheduler:Execution of job "send_due_reminders (trigger: interval[0:00:01], next run at: 2026-06-09 16:35:04 UTC)" skipped: maximum number of running instances reached (1)
2026-06-09 16:35:05,963 WARNING:apscheduler.scheduler:Execution of job "send_due_reminders (trigger: interval[0:00:01], next run at: 2026-06-09 16:35:05 UTC)" skipped: maximum number of running instances reached (1)
2026-06-09 17:36:15,676 WARNING:discord.ext.commands.bot:Privileged message content intent is missing, commands may not work as expected.
2026-06-09 21:14:44,200 ERROR:discord.client:Attempting a reconnect in 1.81s
Traceback (most recent call last):
  File "/projects/sp4rk/.venv/lib/python3.12/site-packages/discord/client.py", line 664, in connect
    self.ws = await asyncio.wait_for(coro, timeout=60.0)
              ^^^^^^^^^^^^^^^^^^^^^^^^^^^^^^^^^^^^^^^^^^
  File "/usr/lib/python3.12/asyncio/tasks.py", line 520, in wait_for
    return await fut
           ^^^^^^^^^
  File "/projects/sp4rk/.venv/lib/python3.12/site-packages/discord/gateway.py", line 374, in from_client
    socket = await client.http.ws_connect(str(url))
             ^^^^^^^^^^^^^^^^^^^^^^^^^^^^^^^^^^^^^^
  File "/projects/sp4rk/.venv/lib/python3.12/site-packages/discord/http.py", line 550, in ws_connect
    return await self.__session.ws_connect(url, **kwargs)
           ^^^^^^^^^^^^^^^^^^^^^^^^^^^^^^^^^^^^^^^^^^^^^^
  File "/projects/sp4rk/.venv/lib/python3.12/site-packages/aiohttp/client.py", line 1261, in _ws_connect
    raise WSServerHandshakeError(
aiohttp.client_exceptions.WSServerHandshakeError: 520, message='Invalid response status', url='wss://gateway-us-east1-b.discord.gg/?v=10&encoding=json&compress=zlib-stream'
2026-06-09 21:15:43,592 ERROR:discord.client:Attempting a reconnect in 3.65s
Traceback (most recent call last):
  File "/projects/sp4rk/.venv/lib/python3.12/site-packages/discord/client.py", line 664, in connect
    self.ws = await asyncio.wait_for(coro, timeout=60.0)
              ^^^^^^^^^^^^^^^^^^^^^^^^^^^^^^^^^^^^^^^^^^
  File "/usr/lib/python3.12/asyncio/tasks.py", line 520, in wait_for
    return await fut
           ^^^^^^^^^
  File "/projects/sp4rk/.venv/lib/python3.12/site-packages/discord/gateway.py", line 374, in from_client
    socket = await client.http.ws_connect(str(url))
             ^^^^^^^^^^^^^^^^^^^^^^^^^^^^^^^^^^^^^^
  File "/projects/sp4rk/.venv/lib/python3.12/site-packages/discord/http.py", line 550, in ws_connect
    return await self.__session.ws_connect(url, **kwargs)
           ^^^^^^^^^^^^^^^^^^^^^^^^^^^^^^^^^^^^^^^^^^^^^^
  File "/projects/sp4rk/.venv/lib/python3.12/site-packages/aiohttp/client.py", line 1261, in _ws_connect
    raise WSServerHandshakeError(
aiohttp.client_exceptions.WSServerHandshakeError: 520, message='Invalid response status', url='wss://gateway-us-east1-b.discord.gg/?v=10&encoding=json&compress=zlib-stream'
2026-06-10 16:40:01,602 WARNING:apscheduler.scheduler:Execution of job "send_due_reminders (trigger: interval[0:00:01], next run at: 2026-06-10 16:40:01 UTC)" skipped: maximum number of running instances reached (1)
2026-06-10 16:40:02,601 WARNING:apscheduler.scheduler:Execution of job "send_due_reminders (trigger: interval[0:00:01], next run at: 2026-06-10 16:40:02 UTC)" skipped: maximum number of running instances reached (1)
2026-06-10 16:40:03,602 WARNING:apscheduler.scheduler:Execution of job "send_due_reminders (trigger: interval[0:00:01], next run at: 2026-06-10 16:40:03 UTC)" skipped: maximum number of running instances reached (1)
2026-06-10 16:40:04,601 WARNING:apscheduler.scheduler:Execution of job "send_due_reminders (trigger: interval[0:00:01], next run at: 2026-06-10 16:40:04 UTC)" skipped: maximum number of running instances reached (1)
2026-06-10 16:40:05,601 WARNING:apscheduler.scheduler:Execution of job "send_due_reminders (trigger: interval[0:00:01], next run at: 2026-06-10 16:40:05 UTC)" skipped: maximum number of running instances reached (1)
2026-06-10 16:40:06,602 WARNING:apscheduler.scheduler:Execution of job "send_due_reminders (trigger: interval[0:00:01], next run at: 2026-06-10 16:40:06 UTC)" skipped: maximum number of running instances reached (1)
2026-06-10 16:40:07,602 WARNING:apscheduler.scheduler:Execution of job "send_due_reminders (trigger: interval[0:00:01], next run at: 2026-06-10 16:40:07 UTC)" skipped: maximum number of running instances reached (1)
2026-06-10 16:40:08,601 WARNING:apscheduler.scheduler:Execution of job "send_due_reminders (trigger: interval[0:00:01], next run at: 2026-06-10 16:40:08 UTC)" skipped: maximum number of running instances reached (1)
2026-06-10 16:40:08,902 WARNING:SP4RK.reminders:DM closed for user 591297089686863872
2026-06-10 16:40:09,601 WARNING:apscheduler.scheduler:Execution of job "send_due_reminders (trigger: interval[0:00:01], next run at: 2026-06-10 16:40:09 UTC)" skipped: maximum number of running instances reached (1)
2026-06-10 16:40:10,601 WARNING:apscheduler.scheduler:Execution of job "send_due_reminders (trigger: interval[0:00:01], next run at: 2026-06-10 16:40:10 UTC)" skipped: maximum number of running instances reached (1)
2026-06-10 16:40:11,601 WARNING:apscheduler.scheduler:Execution of job "send_due_reminders (trigger: interval[0:00:01], next run at: 2026-06-10 16:40:11 UTC)" skipped: maximum number of running instances reached (1)
2026-06-10 16:40:12,602 WARNING:apscheduler.scheduler:Execution of job "send_due_reminders (trigger: interval[0:00:01], next run at: 2026-06-10 16:40:12 UTC)" skipped: maximum number of running instances reached (1)
2026-06-11 10:13:27,927 ERROR:SP4RK.ui:Class signup select failed: NotFound
Traceback (most recent call last):
  File "/projects/sp4rk/app/bot/ui.py", line 76, in callback
    await self._callback_impl(interaction)
  File "/projects/sp4rk/app/bot/ui.py", line 157, in _callback_impl
    await interaction.response.edit_message(content=text, embed=None, view=None)
  File "/projects/sp4rk/.venv/lib/python3.12/site-packages/discord/interactions.py", line 990, in edit_message
    await adapter.create_interaction_response(
  File "/projects/sp4rk/.venv/lib/python3.12/site-packages/discord/webhook/async_.py", line 221, in request
    raise NotFound(response, data)
discord.errors.NotFound: 404 Not Found (error code: 10062): Unknown interaction
2026-06-11 16:50:01,602 WARNING:apscheduler.scheduler:Execution of job "send_due_reminders (trigger: interval[0:00:01], next run at: 2026-06-11 16:50:01 UTC)" skipped: maximum number of running instances reached (1)
2026-06-11 16:50:02,602 WARNING:apscheduler.scheduler:Execution of job "send_due_reminders (trigger: interval[0:00:01], next run at: 2026-06-11 16:50:02 UTC)" skipped: maximum number of running instances reached (1)
2026-06-11 16:50:03,601 WARNING:apscheduler.scheduler:Execution of job "send_due_reminders (trigger: interval[0:00:01], next run at: 2026-06-11 16:50:03 UTC)" skipped: maximum number of running instances reached (1)
2026-06-11 16:50:04,601 WARNING:apscheduler.scheduler:Execution of job "send_due_reminders (trigger: interval[0:00:01], next run at: 2026-06-11 16:50:04 UTC)" skipped: maximum number of running instances reached (1)
2026-06-11 16:50:05,601 WARNING:apscheduler.scheduler:Execution of job "send_due_reminders (trigger: interval[0:00:01], next run at: 2026-06-11 16:50:05 UTC)" skipped: maximum number of running instances reached (1)
2026-06-11 16:50:05,686 WARNING:SP4RK.reminders:DM closed for user 591297089686863872
2026-06-11 16:50:06,601 WARNING:apscheduler.scheduler:Execution of job "send_due_reminders (trigger: interval[0:00:01], next run at: 2026-06-11 16:50:06 UTC)" skipped: maximum number of running instances reached (1)
2026-06-11 16:50:07,603 WARNING:apscheduler.scheduler:Execution of job "send_due_reminders (trigger: interval[0:00:01], next run at: 2026-06-11 16:50:07 UTC)" skipped: maximum number of running instances reached (1)
2026-06-11 16:50:08,602 WARNING:apscheduler.scheduler:Execution of job "send_due_reminders (trigger: interval[0:00:01], next run at: 2026-06-11 16:50:08 UTC)" skipped: maximum number of running instances reached (1)
2026-06-11 16:50:09,265 WARNING:SP4RK.reminders:DM closed for user 935180245500330154
2026-06-11 16:50:09,601 WARNING:apscheduler.scheduler:Execution of job "send_due_reminders (trigger: interval[0:00:01], next run at: 2026-06-11 16:50:09 UTC)" skipped: maximum number of running instances reached (1)
2026-06-11 16:50:10,602 WARNING:apscheduler.scheduler:Execution of job "send_due_reminders (trigger: interval[0:00:01], next run at: 2026-06-11 16:50:10 UTC)" skipped: maximum number of running instances reached (1)
2026-06-11 17:50:01,601 WARNING:apscheduler.scheduler:Execution of job "send_due_reminders (trigger: interval[0:00:01], next run at: 2026-06-11 17:50:01 UTC)" skipped: maximum number of running instances reached (1)
2026-06-11 17:50:02,602 WARNING:apscheduler.scheduler:Execution of job "send_due_reminders (trigger: interval[0:00:01], next run at: 2026-06-11 17:50:02 UTC)" skipped: maximum number of running instances reached (1)
2026-06-11 17:50:03,275 WARNING:SP4RK.reminders:DM closed for user 591297089686863872
2026-06-11 17:50:03,601 WARNING:apscheduler.scheduler:Execution of job "send_due_reminders (trigger: interval[0:00:01], next run at: 2026-06-11 17:50:03 UTC)" skipped: maximum number of running instances reached (1)
2026-06-11 17:50:04,602 WARNING:apscheduler.scheduler:Execution of job "send_due_reminders (trigger: interval[0:00:01], next run at: 2026-06-11 17:50:04 UTC)" skipped: maximum number of running instances reached (1)
2026-06-11 17:50:05,601 WARNING:apscheduler.scheduler:Execution of job "send_due_reminders (trigger: interval[0:00:01], next run at: 2026-06-11 17:50:05 UTC)" skipped: maximum number of running instances reached (1)
2026-06-11 17:50:06,601 WARNING:apscheduler.scheduler:Execution of job "send_due_reminders (trigger: interval[0:00:01], next run at: 2026-06-11 17:50:06 UTC)" skipped: maximum number of running instances reached (1)
2026-06-11 17:50:07,602 WARNING:apscheduler.scheduler:Execution of job "send_due_reminders (trigger: interval[0:00:01], next run at: 2026-06-11 17:50:07 UTC)" skipped: maximum number of running instances reached (1)
2026-06-11 17:50:08,603 WARNING:apscheduler.scheduler:Execution of job "send_due_reminders (trigger: interval[0:00:01], next run at: 2026-06-11 17:50:08 UTC)" skipped: maximum number of running instances reached (1)
2026-06-11 17:50:08,703 WARNING:SP4RK.reminders:DM closed for user 935180245500330154
2026-06-11 17:50:09,602 WARNING:apscheduler.scheduler:Execution of job "send_due_reminders (trigger: interval[0:00:01], next run at: 2026-06-11 17:50:09 UTC)" skipped: maximum number of running instances reached (1)
2026-06-11 17:50:10,602 WARNING:apscheduler.scheduler:Execution of job "send_due_reminders (trigger: interval[0:00:01], next run at: 2026-06-11 17:50:10 UTC)" skipped: maximum number of running instances reached (1)
2026-06-11 17:50:11,602 WARNING:apscheduler.scheduler:Execution of job "send_due_reminders (trigger: interval[0:00:01], next run at: 2026-06-11 17:50:11 UTC)" skipped: maximum number of running instances reached (1)
2026-06-11 18:25:01,601 WARNING:apscheduler.scheduler:Execution of job "send_due_reminders (trigger: interval[0:00:01], next run at: 2026-06-11 18:25:01 UTC)" skipped: maximum number of running instances reached (1)
2026-06-11 18:25:02,602 WARNING:apscheduler.scheduler:Execution of job "send_due_reminders (trigger: interval[0:00:01], next run at: 2026-06-11 18:25:02 UTC)" skipped: maximum number of running instances reached (1)
2026-06-11 18:25:03,103 WARNING:SP4RK.reminders:DM closed for user 591297089686863872
2026-06-11 18:25:03,602 WARNING:apscheduler.scheduler:Execution of job "send_due_reminders (trigger: interval[0:00:01], next run at: 2026-06-11 18:25:03 UTC)" skipped: maximum number of running instances reached (1)
2026-06-11 18:25:04,601 WARNING:apscheduler.scheduler:Execution of job "send_due_reminders (trigger: interval[0:00:01], next run at: 2026-06-11 18:25:04 UTC)" skipped: maximum number of running instances reached (1)
2026-06-11 18:25:05,601 WARNING:apscheduler.scheduler:Execution of job "send_due_reminders (trigger: interval[0:00:01], next run at: 2026-06-11 18:25:05 UTC)" skipped: maximum number of running instances reached (1)
2026-06-11 18:25:06,601 WARNING:apscheduler.scheduler:Execution of job "send_due_reminders (trigger: interval[0:00:01], next run at: 2026-06-11 18:25:06 UTC)" skipped: maximum number of running instances reached (1)
2026-06-11 18:25:07,063 WARNING:SP4RK.reminders:DM closed for user 935180245500330154
2026-06-12 16:50:01,477 WARNING:SP4RK.reminders:DM closed for user 591297089686863872
2026-06-12 16:50:01,601 WARNING:apscheduler.scheduler:Execution of job "send_due_reminders (trigger: interval[0:00:01], next run at: 2026-06-12 16:50:01 UTC)" skipped: maximum number of running instances reached (1)
2026-06-12 16:50:02,602 WARNING:apscheduler.scheduler:Execution of job "send_due_reminders (trigger: interval[0:00:01], next run at: 2026-06-12 16:50:02 UTC)" skipped: maximum number of running instances reached (1)
2026-06-12 16:50:03,602 WARNING:apscheduler.scheduler:Execution of job "send_due_reminders (trigger: interval[0:00:01], next run at: 2026-06-12 16:50:03 UTC)" skipped: maximum number of running instances reached (1)
2026-06-12 16:50:04,601 WARNING:apscheduler.scheduler:Execution of job "send_due_reminders (trigger: interval[0:00:01], next run at: 2026-06-12 16:50:04 UTC)" skipped: maximum number of running instances reached (1)
2026-06-12 16:50:05,601 WARNING:apscheduler.scheduler:Execution of job "send_due_reminders (trigger: interval[0:00:01], next run at: 2026-06-12 16:50:05 UTC)" skipped: maximum number of running instances reached (1)
2026-06-12 16:50:06,289 WARNING:SP4RK.reminders:DM closed for user 935180245500330154
2026-06-12 16:50:06,602 WARNING:apscheduler.scheduler:Execution of job "send_due_reminders (trigger: interval[0:00:01], next run at: 2026-06-12 16:50:06 UTC)" skipped: maximum number of running instances reached (1)
2026-06-13 16:55:01,601 WARNING:apscheduler.scheduler:Execution of job "send_due_reminders (trigger: interval[0:00:01], next run at: 2026-06-13 16:55:01 UTC)" skipped: maximum number of running instances reached (1)
2026-06-13 16:55:02,601 WARNING:apscheduler.scheduler:Execution of job "send_due_reminders (trigger: interval[0:00:01], next run at: 2026-06-13 16:55:02 UTC)" skipped: maximum number of running instances reached (1)
2026-06-13 16:55:03,275 WARNING:SP4RK.reminders:DM closed for user 935180245500330154
2026-06-13 16:55:03,601 WARNING:apscheduler.scheduler:Execution of job "send_due_reminders (trigger: interval[0:00:01], next run at: 2026-06-13 16:55:03 UTC)" skipped: maximum number of running instances reached (1)
2026-06-13 16:55:04,602 WARNING:apscheduler.scheduler:Execution of job "send_due_reminders (trigger: interval[0:00:01], next run at: 2026-06-13 16:55:04 UTC)" skipped: maximum number of running instances reached (1)
2026-06-13 18:00:01,602 WARNING:apscheduler.scheduler:Execution of job "send_due_reminders (trigger: interval[0:00:01], next run at: 2026-06-13 18:00:01 UTC)" skipped: maximum number of running instances reached (1)
2026-06-13 18:00:02,602 WARNING:apscheduler.scheduler:Execution of job "send_due_reminders (trigger: interval[0:00:01], next run at: 2026-06-13 18:00:02 UTC)" skipped: maximum number of running instances reached (1)
2026-06-13 18:00:03,601 WARNING:apscheduler.scheduler:Execution of job "send_due_reminders (trigger: interval[0:00:01], next run at: 2026-06-13 18:00:03 UTC)" skipped: maximum number of running instances reached (1)
2026-06-13 18:00:04,601 WARNING:apscheduler.scheduler:Execution of job "send_due_reminders (trigger: interval[0:00:01], next run at: 2026-06-13 18:00:04 UTC)" skipped: maximum number of running instances reached (1)
2026-06-13 18:00:05,601 WARNING:apscheduler.scheduler:Execution of job "send_due_reminders (trigger: interval[0:00:01], next run at: 2026-06-13 18:00:05 UTC)" skipped: maximum number of running instances reached (1)
2026-06-13 18:00:06,601 WARNING:apscheduler.scheduler:Execution of job "send_due_reminders (trigger: interval[0:00:01], next run at: 2026-06-13 18:00:06 UTC)" skipped: maximum number of running instances reached (1)
2026-06-13 18:00:07,037 WARNING:SP4RK.reminders:DM closed for user 591297089686863872
2026-06-13 18:00:07,603 WARNING:apscheduler.scheduler:Execution of job "send_due_reminders (trigger: interval[0:00:01], next run at: 2026-06-13 18:00:07 UTC)" skipped: maximum number of running instances reached (1)
2026-06-13 18:00:08,602 WARNING:apscheduler.scheduler:Execution of job "send_due_reminders (trigger: interval[0:00:01], next run at: 2026-06-13 18:00:08 UTC)" skipped: maximum number of running instances reached (1)
2026-06-13 18:00:09,601 WARNING:apscheduler.scheduler:Execution of job "send_due_reminders (trigger: interval[0:00:01], next run at: 2026-06-13 18:00:09 UTC)" skipped: maximum number of running instances reached (1)
2026-06-13 18:00:10,601 WARNING:apscheduler.scheduler:Execution of job "send_due_reminders (trigger: interval[0:00:01], next run at: 2026-06-13 18:00:10 UTC)" skipped: maximum number of running instances reached (1)
2026-06-13 18:00:11,601 WARNING:apscheduler.scheduler:Execution of job "send_due_reminders (trigger: interval[0:00:01], next run at: 2026-06-13 18:00:11 UTC)" skipped: maximum number of running instances reached (1)
2026-06-13 18:00:12,601 WARNING:apscheduler.scheduler:Execution of job "send_due_reminders (trigger: interval[0:00:01], next run at: 2026-06-13 18:00:12 UTC)" skipped: maximum number of running instances reached (1)
2026-06-13 18:00:13,602 WARNING:apscheduler.scheduler:Execution of job "send_due_reminders (trigger: interval[0:00:01], next run at: 2026-06-13 18:00:13 UTC)" skipped: maximum number of running instances reached (1)
2026-06-13 18:00:14,601 WARNING:apscheduler.scheduler:Execution of job "send_due_reminders (trigger: interval[0:00:01], next run at: 2026-06-13 18:00:14 UTC)" skipped: maximum number of running instances reached (1)
2026-06-13 18:00:15,601 WARNING:apscheduler.scheduler:Execution of job "send_due_reminders (trigger: interval[0:00:01], next run at: 2026-06-13 18:00:15 UTC)" skipped: maximum number of running instances reached (1)
2026-06-13 18:00:16,602 WARNING:apscheduler.scheduler:Execution of job "send_due_reminders (trigger: interval[0:00:01], next run at: 2026-06-13 18:00:16 UTC)" skipped: maximum number of running instances reached (1)
2026-06-13 18:00:17,602 WARNING:apscheduler.scheduler:Execution of job "send_due_reminders (trigger: interval[0:00:01], next run at: 2026-06-13 18:00:17 UTC)" skipped: maximum number of running instances reached (1)
2026-06-13 18:00:18,602 WARNING:apscheduler.scheduler:Execution of job "send_due_reminders (trigger: interval[0:00:01], next run at: 2026-06-13 18:00:18 UTC)" skipped: maximum number of running instances reached (1)
2026-06-13 18:00:19,602 WARNING:apscheduler.scheduler:Execution of job "send_due_reminders (trigger: interval[0:00:01], next run at: 2026-06-13 18:00:19 UTC)" skipped: maximum number of running instances reached (1)
2026-06-13 18:50:01,602 WARNING:apscheduler.scheduler:Execution of job "send_due_reminders (trigger: interval[0:00:01], next run at: 2026-06-13 18:50:01 UTC)" skipped: maximum number of running instances reached (1)
2026-06-13 18:50:02,601 WARNING:apscheduler.scheduler:Execution of job "send_due_reminders (trigger: interval[0:00:01], next run at: 2026-06-13 18:50:02 UTC)" skipped: maximum number of running instances reached (1)
2026-06-13 18:50:03,601 WARNING:apscheduler.scheduler:Execution of job "send_due_reminders (trigger: interval[0:00:01], next run at: 2026-06-13 18:50:03 UTC)" skipped: maximum number of running instances reached (1)
2026-06-13 18:50:04,601 WARNING:apscheduler.scheduler:Execution of job "send_due_reminders (trigger: interval[0:00:01], next run at: 2026-06-13 18:50:04 UTC)" skipped: maximum number of running instances reached (1)
2026-06-13 18:50:04,773 WARNING:SP4RK.reminders:DM closed for user 935180245500330154
2026-06-13 18:50:05,602 WARNING:apscheduler.scheduler:Execution of job "send_due_reminders (trigger: interval[0:00:01], next run at: 2026-06-13 18:50:05 UTC)" skipped: maximum number of running instances reached (1)
2026-06-14 14:32:16,661 WARNING:discord.ext.commands.bot:Privileged message content intent is missing, commands may not work as expected.
2026-06-14 18:00:01,655 WARNING:apscheduler.scheduler:Execution of job "send_due_reminders (trigger: interval[0:00:01], next run at: 2026-06-14 18:00:01 UTC)" skipped: maximum number of running instances reached (1)
2026-06-14 18:00:02,655 WARNING:apscheduler.scheduler:Execution of job "send_due_reminders (trigger: interval[0:00:01], next run at: 2026-06-14 18:00:02 UTC)" skipped: maximum number of running instances reached (1)
2026-06-14 18:00:03,654 WARNING:apscheduler.scheduler:Execution of job "send_due_reminders (trigger: interval[0:00:01], next run at: 2026-06-14 18:00:03 UTC)" skipped: maximum number of running instances reached (1)
2026-06-14 18:00:04,656 WARNING:apscheduler.scheduler:Execution of job "send_due_reminders (trigger: interval[0:00:01], next run at: 2026-06-14 18:00:04 UTC)" skipped: maximum number of running instances reached (1)
2026-06-14 18:00:05,655 WARNING:apscheduler.scheduler:Execution of job "send_due_reminders (trigger: interval[0:00:01], next run at: 2026-06-14 18:00:05 UTC)" skipped: maximum number of running instances reached (1)
2026-06-14 18:00:06,654 WARNING:apscheduler.scheduler:Execution of job "send_due_reminders (trigger: interval[0:00:01], next run at: 2026-06-14 18:00:06 UTC)" skipped: maximum number of running instances reached (1)
2026-06-14 18:00:07,656 WARNING:apscheduler.scheduler:Execution of job "send_due_reminders (trigger: interval[0:00:01], next run at: 2026-06-14 18:00:07 UTC)" skipped: maximum number of running instances reached (1)
2026-06-14 18:00:08,655 WARNING:apscheduler.scheduler:Execution of job "send_due_reminders (trigger: interval[0:00:01], next run at: 2026-06-14 18:00:08 UTC)" skipped: maximum number of running instances reached (1)
2026-06-14 18:00:09,655 WARNING:apscheduler.scheduler:Execution of job "send_due_reminders (trigger: interval[0:00:01], next run at: 2026-06-14 18:00:09 UTC)" skipped: maximum number of running instances reached (1)
2026-06-14 18:00:10,655 WARNING:apscheduler.scheduler:Execution of job "send_due_reminders (trigger: interval[0:00:01], next run at: 2026-06-14 18:00:10 UTC)" skipped: maximum number of running instances reached (1)
2026-06-14 18:00:11,655 WARNING:apscheduler.scheduler:Execution of job "send_due_reminders (trigger: interval[0:00:01], next run at: 2026-06-14 18:00:11 UTC)" skipped: maximum number of running instances reached (1)
2026-06-14 18:00:12,655 WARNING:apscheduler.scheduler:Execution of job "send_due_reminders (trigger: interval[0:00:01], next run at: 2026-06-14 18:00:12 UTC)" skipped: maximum number of running instances reached (1)
2026-06-14 18:00:13,656 WARNING:apscheduler.scheduler:Execution of job "send_due_reminders (trigger: interval[0:00:01], next run at: 2026-06-14 18:00:13 UTC)" skipped: maximum number of running instances reached (1)
2026-06-14 18:00:14,654 WARNING:apscheduler.scheduler:Execution of job "send_due_reminders (trigger: interval[0:00:01], next run at: 2026-06-14 18:00:14 UTC)" skipped: maximum number of running instances reached (1)
2026-06-14 18:00:15,654 WARNING:apscheduler.scheduler:Execution of job "send_due_reminders (trigger: interval[0:00:01], next run at: 2026-06-14 18:00:15 UTC)" skipped: maximum number of running instances reached (1)
2026-06-14 18:00:16,654 WARNING:apscheduler.scheduler:Execution of job "send_due_reminders (trigger: interval[0:00:01], next run at: 2026-06-14 18:00:16 UTC)" skipped: maximum number of running instances reached (1)
2026-06-14 18:00:17,655 WARNING:apscheduler.scheduler:Execution of job "send_due_reminders (trigger: interval[0:00:01], next run at: 2026-06-14 18:00:17 UTC)" skipped: maximum number of running instances reached (1)
2026-06-14 18:00:18,655 WARNING:apscheduler.scheduler:Execution of job "send_due_reminders (trigger: interval[0:00:01], next run at: 2026-06-14 18:00:18 UTC)" skipped: maximum number of running instances reached (1)
2026-06-14 18:00:19,655 WARNING:apscheduler.scheduler:Execution of job "send_due_reminders (trigger: interval[0:00:01], next run at: 2026-06-14 18:00:19 UTC)" skipped: maximum number of running instances reached (1)
2026-06-14 18:50:01,655 WARNING:apscheduler.scheduler:Execution of job "send_due_reminders (trigger: interval[0:00:01], next run at: 2026-06-14 18:50:01 UTC)" skipped: maximum number of running instances reached (1)
2026-06-14 18:50:01,853 WARNING:SP4RK.reminders:DM closed for user 935180245500330154
2026-06-14 18:50:02,655 WARNING:apscheduler.scheduler:Execution of job "send_due_reminders (trigger: interval[0:00:01], next run at: 2026-06-14 18:50:02 UTC)" skipped: maximum number of running instances reached (1)
2026-06-14 18:50:03,654 WARNING:apscheduler.scheduler:Execution of job "send_due_reminders (trigger: interval[0:00:01], next run at: 2026-06-14 18:50:03 UTC)" skipped: maximum number of running instances reached (1)
2026-06-14 18:50:04,656 WARNING:apscheduler.scheduler:Execution of job "send_due_reminders (trigger: interval[0:00:01], next run at: 2026-06-14 18:50:04 UTC)" skipped: maximum number of running instances reached (1)
2026-06-14 18:50:05,654 WARNING:apscheduler.scheduler:Execution of job "send_due_reminders (trigger: interval[0:00:01], next run at: 2026-06-14 18:50:05 UTC)" skipped: maximum number of running instances reached (1)
2026-06-14 18:50:06,656 WARNING:apscheduler.scheduler:Execution of job "send_due_reminders (trigger: interval[0:00:01], next run at: 2026-06-14 18:50:06 UTC)" skipped: maximum number of running instances reached (1)
2026-06-14 18:50:07,654 WARNING:apscheduler.scheduler:Execution of job "send_due_reminders (trigger: interval[0:00:01], next run at: 2026-06-14 18:50:07 UTC)" skipped: maximum number of running instances reached (1)
2026-06-14 18:50:08,654 WARNING:apscheduler.scheduler:Execution of job "send_due_reminders (trigger: interval[0:00:01], next run at: 2026-06-14 18:50:08 UTC)" skipped: maximum number of running instances reached (1)
2026-06-14 18:50:09,656 WARNING:apscheduler.scheduler:Execution of job "send_due_reminders (trigger: interval[0:00:01], next run at: 2026-06-14 18:50:09 UTC)" skipped: maximum number of running instances reached (1)
2026-06-15 16:50:01,654 WARNING:apscheduler.scheduler:Execution of job "send_due_reminders (trigger: interval[0:00:01], next run at: 2026-06-15 16:50:01 UTC)" skipped: maximum number of running instances reached (1)
2026-06-15 16:50:02,084 WARNING:SP4RK.reminders:DM closed for user 935180245500330154
2026-06-15 16:50:02,655 WARNING:apscheduler.scheduler:Execution of job "send_due_reminders (trigger: interval[0:00:01], next run at: 2026-06-15 16:50:02 UTC)" skipped: maximum number of running instances reached (1)
2026-06-15 16:50:03,655 WARNING:apscheduler.scheduler:Execution of job "send_due_reminders (trigger: interval[0:00:01], next run at: 2026-06-15 16:50:03 UTC)" skipped: maximum number of running instances reached (1)
2026-06-15 16:50:04,655 WARNING:apscheduler.scheduler:Execution of job "send_due_reminders (trigger: interval[0:00:01], next run at: 2026-06-15 16:50:04 UTC)" skipped: maximum number of running instances reached (1)
2026-06-15 16:50:04,701 WARNING:SP4RK.reminders:DM closed for user 591297089686863872
2026-06-16 17:55:01,656 WARNING:apscheduler.scheduler:Execution of job "send_due_reminders (trigger: interval[0:00:01], next run at: 2026-06-16 17:55:01 UTC)" skipped: maximum number of running instances reached (1)
2026-06-16 17:55:02,654 WARNING:apscheduler.scheduler:Execution of job "send_due_reminders (trigger: interval[0:00:01], next run at: 2026-06-16 17:55:02 UTC)" skipped: maximum number of running instances reached (1)
2026-06-16 17:55:03,174 WARNING:SP4RK.reminders:DM closed for user 591297089686863872
2026-06-16 17:55:03,630 WARNING:SP4RK.reminders:DM closed for user 935180245500330154
2026-06-16 17:55:03,655 WARNING:apscheduler.scheduler:Execution of job "send_due_reminders (trigger: interval[0:00:01], next run at: 2026-06-16 17:55:03 UTC)" skipped: maximum number of running instances reached (1)
2026-06-17 16:30:01,654 WARNING:apscheduler.scheduler:Execution of job "send_due_reminders (trigger: interval[0:00:01], next run at: 2026-06-17 16:30:01 UTC)" skipped: maximum number of running instances reached (1)
2026-06-17 16:30:02,655 WARNING:apscheduler.scheduler:Execution of job "send_due_reminders (trigger: interval[0:00:01], next run at: 2026-06-17 16:30:02 UTC)" skipped: maximum number of running instances reached (1)
2026-06-17 16:30:03,655 WARNING:apscheduler.scheduler:Execution of job "send_due_reminders (trigger: interval[0:00:01], next run at: 2026-06-17 16:30:03 UTC)" skipped: maximum number of running instances reached (1)
2026-06-17 16:30:04,654 WARNING:apscheduler.scheduler:Execution of job "send_due_reminders (trigger: interval[0:00:01], next run at: 2026-06-17 16:30:04 UTC)" skipped: maximum number of running instances reached (1)
2026-06-17 16:30:05,654 WARNING:apscheduler.scheduler:Execution of job "send_due_reminders (trigger: interval[0:00:01], next run at: 2026-06-17 16:30:05 UTC)" skipped: maximum number of running instances reached (1)
2026-06-17 16:30:06,226 WARNING:SP4RK.reminders:DM closed for user 591297089686863872
2026-06-17 16:30:06,655 WARNING:apscheduler.scheduler:Execution of job "send_due_reminders (trigger: interval[0:00:01], next run at: 2026-06-17 16:30:06 UTC)" skipped: maximum number of running instances reached (1)
2026-06-17 16:30:07,655 WARNING:apscheduler.scheduler:Execution of job "send_due_reminders (trigger: interval[0:00:01], next run at: 2026-06-17 16:30:07 UTC)" skipped: maximum number of running instances reached (1)
2026-06-17 16:30:08,654 WARNING:apscheduler.scheduler:Execution of job "send_due_reminders (trigger: interval[0:00:01], next run at: 2026-06-17 16:30:08 UTC)" skipped: maximum number of running instances reached (1)
2026-06-17 16:30:09,655 WARNING:apscheduler.scheduler:Execution of job "send_due_reminders (trigger: interval[0:00:01], next run at: 2026-06-17 16:30:09 UTC)" skipped: maximum number of running instances reached (1)
2026-06-17 16:30:10,655 WARNING:apscheduler.scheduler:Execution of job "send_due_reminders (trigger: interval[0:00:01], next run at: 2026-06-17 16:30:10 UTC)" skipped: maximum number of running instances reached (1)
2026-06-17 16:30:11,655 WARNING:apscheduler.scheduler:Execution of job "send_due_reminders (trigger: interval[0:00:01], next run at: 2026-06-17 16:30:11 UTC)" skipped: maximum number of running instances reached (1)
2026-06-17 16:30:12,655 WARNING:apscheduler.scheduler:Execution of job "send_due_reminders (trigger: interval[0:00:01], next run at: 2026-06-17 16:30:12 UTC)" skipped: maximum number of running instances reached (1)
2026-06-17 16:30:13,654 WARNING:apscheduler.scheduler:Execution of job "send_due_reminders (trigger: interval[0:00:01], next run at: 2026-06-17 16:30:13 UTC)" skipped: maximum number of running instances reached (1)
2026-06-17 16:30:14,654 WARNING:apscheduler.scheduler:Execution of job "send_due_reminders (trigger: interval[0:00:01], next run at: 2026-06-17 16:30:14 UTC)" skipped: maximum number of running instances reached (1)
2026-06-17 16:30:15,654 WARNING:apscheduler.scheduler:Execution of job "send_due_reminders (trigger: interval[0:00:01], next run at: 2026-06-17 16:30:15 UTC)" skipped: maximum number of running instances reached (1)
2026-06-17 17:30:01,655 WARNING:apscheduler.scheduler:Execution of job "send_due_reminders (trigger: interval[0:00:01], next run at: 2026-06-17 17:30:01 UTC)" skipped: maximum number of running instances reached (1)
2026-06-17 17:30:02,008 WARNING:SP4RK.reminders:DM closed for user 591297089686863872
2026-06-17 17:30:02,613 WARNING:SP4RK.reminders:DM closed for user 935180245500330154
2026-06-17 17:30:02,655 WARNING:apscheduler.scheduler:Execution of job "send_due_reminders (trigger: interval[0:00:01], next run at: 2026-06-17 17:30:02 UTC)" skipped: maximum number of running instances reached (1)
2026-06-17 17:50:01,654 WARNING:apscheduler.scheduler:Execution of job "send_due_reminders (trigger: interval[0:00:01], next run at: 2026-06-17 17:50:01 UTC)" skipped: maximum number of running instances reached (1)
2026-06-17 17:50:02,347 WARNING:SP4RK.reminders:DM closed for user 935180245500330154
2026-06-17 17:50:02,656 WARNING:apscheduler.scheduler:Execution of job "send_due_reminders (trigger: interval[0:00:01], next run at: 2026-06-17 17:50:02 UTC)" skipped: maximum number of running instances reached (1)
2026-06-17 17:50:03,654 WARNING:apscheduler.scheduler:Execution of job "send_due_reminders (trigger: interval[0:00:01], next run at: 2026-06-17 17:50:03 UTC)" skipped: maximum number of running instances reached (1)
2026-06-17 17:50:04,424 WARNING:SP4RK.reminders:DM closed for user 591297089686863872
2026-06-17 17:50:04,655 WARNING:apscheduler.scheduler:Execution of job "send_due_reminders (trigger: interval[0:00:01], next run at: 2026-06-17 17:50:04 UTC)" skipped: maximum number of running instances reached (1)
2026-06-17 17:50:05,654 WARNING:apscheduler.scheduler:Execution of job "send_due_reminders (trigger: interval[0:00:01], next run at: 2026-06-17 17:50:05 UTC)" skipped: maximum number of running instances reached (1)
2026-06-17 17:50:06,655 WARNING:apscheduler.scheduler:Execution of job "send_due_reminders (trigger: interval[0:00:01], next run at: 2026-06-17 17:50:06 UTC)" skipped: maximum number of running instances reached (1)
2026-06-17 17:50:07,654 WARNING:apscheduler.scheduler:Execution of job "send_due_reminders (trigger: interval[0:00:01], next run at: 2026-06-17 17:50:07 UTC)" skipped: maximum number of running instances reached (1)
2026-06-17 17:50:08,655 WARNING:apscheduler.scheduler:Execution of job "send_due_reminders (trigger: interval[0:00:01], next run at: 2026-06-17 17:50:08 UTC)" skipped: maximum number of running instances reached (1)
2026-06-17 17:50:09,655 WARNING:apscheduler.scheduler:Execution of job "send_due_reminders (trigger: interval[0:00:01], next run at: 2026-06-17 17:50:09 UTC)" skipped: maximum number of running instances reached (1)
2026-06-17 17:50:10,656 WARNING:apscheduler.scheduler:Execution of job "send_due_reminders (trigger: interval[0:00:01], next run at: 2026-06-17 17:50:10 UTC)" skipped: maximum number of running instances reached (1)
2026-06-17 17:50:11,654 WARNING:apscheduler.scheduler:Execution of job "send_due_reminders (trigger: interval[0:00:01], next run at: 2026-06-17 17:50:11 UTC)" skipped: maximum number of running instances reached (1)
2026-06-18 16:50:01,640 WARNING:SP4RK.reminders:DM closed for user 591297089686863872
2026-06-18 16:50:01,655 WARNING:apscheduler.scheduler:Execution of job "send_due_reminders (trigger: interval[0:00:01], next run at: 2026-06-18 16:50:01 UTC)" skipped: maximum number of running instances reached (1)
2026-06-18 16:50:02,655 WARNING:apscheduler.scheduler:Execution of job "send_due_reminders (trigger: interval[0:00:01], next run at: 2026-06-18 16:50:02 UTC)" skipped: maximum number of running instances reached (1)
2026-06-18 16:50:02,990 WARNING:SP4RK.reminders:DM closed for user 935180245500330154
2026-06-18 16:50:03,654 WARNING:apscheduler.scheduler:Execution of job "send_due_reminders (trigger: interval[0:00:01], next run at: 2026-06-18 16:50:03 UTC)" skipped: maximum number of running instances reached (1)
2026-06-18 16:50:04,654 WARNING:apscheduler.scheduler:Execution of job "send_due_reminders (trigger: interval[0:00:01], next run at: 2026-06-18 16:50:04 UTC)" skipped: maximum number of running instances reached (1)
2026-06-18 16:50:05,654 WARNING:apscheduler.scheduler:Execution of job "send_due_reminders (trigger: interval[0:00:01], next run at: 2026-06-18 16:50:05 UTC)" skipped: maximum number of running instances reached (1)
2026-06-18 16:50:06,654 WARNING:apscheduler.scheduler:Execution of job "send_due_reminders (trigger: interval[0:00:01], next run at: 2026-06-18 16:50:06 UTC)" skipped: maximum number of running instances reached (1)
2026-06-19 16:30:01,655 WARNING:apscheduler.scheduler:Execution of job "send_due_reminders (trigger: interval[0:00:01], next run at: 2026-06-19 16:30:01 UTC)" skipped: maximum number of running instances reached (1)
2026-06-19 16:30:01,669 WARNING:SP4RK.reminders:DM closed for user 591297089686863872
2026-06-19 16:30:02,104 WARNING:SP4RK.reminders:DM closed for user 935180245500330154
2026-06-19 16:30:02,655 WARNING:apscheduler.scheduler:Execution of job "send_due_reminders (trigger: interval[0:00:01], next run at: 2026-06-19 16:30:02 UTC)" skipped: maximum number of running instances reached (1)
2026-06-19 16:30:03,655 WARNING:apscheduler.scheduler:Execution of job "send_due_reminders (trigger: interval[0:00:01], next run at: 2026-06-19 16:30:03 UTC)" skipped: maximum number of running instances reached (1)
2026-06-19 17:50:01,654 WARNING:apscheduler.scheduler:Execution of job "send_due_reminders (trigger: interval[0:00:01], next run at: 2026-06-19 17:50:01 UTC)" skipped: maximum number of running instances reached (1)
2026-06-19 17:50:02,655 WARNING:apscheduler.scheduler:Execution of job "send_due_reminders (trigger: interval[0:00:01], next run at: 2026-06-19 17:50:02 UTC)" skipped: maximum number of running instances reached (1)
2026-06-19 17:50:03,656 WARNING:apscheduler.scheduler:Execution of job "send_due_reminders (trigger: interval[0:00:01], next run at: 2026-06-19 17:50:03 UTC)" skipped: maximum number of running instances reached (1)
2026-06-19 17:50:04,655 WARNING:apscheduler.scheduler:Execution of job "send_due_reminders (trigger: interval[0:00:01], next run at: 2026-06-19 17:50:04 UTC)" skipped: maximum number of running instances reached (1)
2026-06-19 17:50:05,466 WARNING:SP4RK.reminders:DM closed for user 591297089686863872
2026-06-19 17:50:05,654 WARNING:apscheduler.scheduler:Execution of job "send_due_reminders (trigger: interval[0:00:01], next run at: 2026-06-19 17:50:05 UTC)" skipped: maximum number of running instances reached (1)
2026-06-19 17:50:06,655 WARNING:apscheduler.scheduler:Execution of job "send_due_reminders (trigger: interval[0:00:01], next run at: 2026-06-19 17:50:06 UTC)" skipped: maximum number of running instances reached (1)
2026-06-20 16:55:01,654 WARNING:apscheduler.scheduler:Execution of job "send_due_reminders (trigger: interval[0:00:01], next run at: 2026-06-20 16:55:01 UTC)" skipped: maximum number of running instances reached (1)
2026-06-20 16:55:02,656 WARNING:apscheduler.scheduler:Execution of job "send_due_reminders (trigger: interval[0:00:01], next run at: 2026-06-20 16:55:02 UTC)" skipped: maximum number of running instances reached (1)
2026-06-20 16:55:03,654 WARNING:apscheduler.scheduler:Execution of job "send_due_reminders (trigger: interval[0:00:01], next run at: 2026-06-20 16:55:03 UTC)" skipped: maximum number of running instances reached (1)
2026-06-20 16:55:04,654 WARNING:apscheduler.scheduler:Execution of job "send_due_reminders (trigger: interval[0:00:01], next run at: 2026-06-20 16:55:04 UTC)" skipped: maximum number of running instances reached (1)
2026-06-20 16:55:05,654 WARNING:apscheduler.scheduler:Execution of job "send_due_reminders (trigger: interval[0:00:01], next run at: 2026-06-20 16:55:05 UTC)" skipped: maximum number of running instances reached (1)
2026-06-20 18:00:01,460 WARNING:SP4RK.reminders:DM closed for user 591297089686863872
2026-06-20 18:00:01,655 WARNING:apscheduler.scheduler:Execution of job "send_due_reminders (trigger: interval[0:00:01], next run at: 2026-06-20 18:00:01 UTC)" skipped: maximum number of running instances reached (1)
2026-06-20 18:00:02,655 WARNING:apscheduler.scheduler:Execution of job "send_due_reminders (trigger: interval[0:00:01], next run at: 2026-06-20 18:00:02 UTC)" skipped: maximum number of running instances reached (1)
2026-06-20 18:00:03,655 WARNING:apscheduler.scheduler:Execution of job "send_due_reminders (trigger: interval[0:00:01], next run at: 2026-06-20 18:00:03 UTC)" skipped: maximum number of running instances reached (1)
2026-06-20 18:00:04,655 WARNING:apscheduler.scheduler:Execution of job "send_due_reminders (trigger: interval[0:00:01], next run at: 2026-06-20 18:00:04 UTC)" skipped: maximum number of running instances reached (1)
2026-06-20 18:00:05,654 WARNING:apscheduler.scheduler:Execution of job "send_due_reminders (trigger: interval[0:00:01], next run at: 2026-06-20 18:00:05 UTC)" skipped: maximum number of running instances reached (1)
2026-06-20 18:00:06,654 WARNING:apscheduler.scheduler:Execution of job "send_due_reminders (trigger: interval[0:00:01], next run at: 2026-06-20 18:00:06 UTC)" skipped: maximum number of running instances reached (1)
2026-06-20 18:00:07,654 WARNING:apscheduler.scheduler:Execution of job "send_due_reminders (trigger: interval[0:00:01], next run at: 2026-06-20 18:00:07 UTC)" skipped: maximum number of running instances reached (1)
2026-06-20 18:00:08,654 WARNING:apscheduler.scheduler:Execution of job "send_due_reminders (trigger: interval[0:00:01], next run at: 2026-06-20 18:00:08 UTC)" skipped: maximum number of running instances reached (1)
2026-06-20 18:00:09,655 WARNING:apscheduler.scheduler:Execution of job "send_due_reminders (trigger: interval[0:00:01], next run at: 2026-06-20 18:00:09 UTC)" skipped: maximum number of running instances reached (1)
2026-06-20 18:00:10,656 WARNING:apscheduler.scheduler:Execution of job "send_due_reminders (trigger: interval[0:00:01], next run at: 2026-06-20 18:00:10 UTC)" skipped: maximum number of running instances reached (1)
2026-06-20 18:00:11,654 WARNING:apscheduler.scheduler:Execution of job "send_due_reminders (trigger: interval[0:00:01], next run at: 2026-06-20 18:00:11 UTC)" skipped: maximum number of running instances reached (1)
2026-06-20 18:00:12,655 WARNING:apscheduler.scheduler:Execution of job "send_due_reminders (trigger: interval[0:00:01], next run at: 2026-06-20 18:00:12 UTC)" skipped: maximum number of running instances reached (1)
2026-06-20 18:00:13,654 WARNING:apscheduler.scheduler:Execution of job "send_due_reminders (trigger: interval[0:00:01], next run at: 2026-06-20 18:00:13 UTC)" skipped: maximum number of running instances reached (1)
2026-06-20 18:50:01,655 WARNING:apscheduler.scheduler:Execution of job "send_due_reminders (trigger: interval[0:00:01], next run at: 2026-06-20 18:50:01 UTC)" skipped: maximum number of running instances reached (1)
2026-06-20 18:50:02,655 WARNING:apscheduler.scheduler:Execution of job "send_due_reminders (trigger: interval[0:00:01], next run at: 2026-06-20 18:50:02 UTC)" skipped: maximum number of running instances reached (1)
2026-06-20 18:50:03,654 WARNING:apscheduler.scheduler:Execution of job "send_due_reminders (trigger: interval[0:00:01], next run at: 2026-06-20 18:50:03 UTC)" skipped: maximum number of running instances reached (1)
2026-06-20 18:50:04,655 WARNING:apscheduler.scheduler:Execution of job "send_due_reminders (trigger: interval[0:00:01], next run at: 2026-06-20 18:50:04 UTC)" skipped: maximum number of running instances reached (1)
2026-06-20 18:50:05,654 WARNING:apscheduler.scheduler:Execution of job "send_due_reminders (trigger: interval[0:00:01], next run at: 2026-06-20 18:50:05 UTC)" skipped: maximum number of running instances reached (1)
2026-06-20 18:50:06,066 WARNING:SP4RK.reminders:DM closed for user 591297089686863872
2026-06-20 18:50:06,655 WARNING:apscheduler.scheduler:Execution of job "send_due_reminders (trigger: interval[0:00:01], next run at: 2026-06-20 18:50:06 UTC)" skipped: maximum number of running instances reached (1)
2026-06-21 15:30:01,655 WARNING:apscheduler.scheduler:Execution of job "send_due_reminders (trigger: interval[0:00:01], next run at: 2026-06-21 15:30:01 UTC)" skipped: maximum number of running instances reached (1)
2026-06-21 15:30:02,654 WARNING:apscheduler.scheduler:Execution of job "send_due_reminders (trigger: interval[0:00:01], next run at: 2026-06-21 15:30:02 UTC)" skipped: maximum number of running instances reached (1)
2026-06-21 15:30:03,654 WARNING:apscheduler.scheduler:Execution of job "send_due_reminders (trigger: interval[0:00:01], next run at: 2026-06-21 15:30:03 UTC)" skipped: maximum number of running instances reached (1)
2026-06-21 15:30:04,089 WARNING:SP4RK.reminders:DM closed for user 591297089686863872
2026-06-21 15:30:04,656 WARNING:apscheduler.scheduler:Execution of job "send_due_reminders (trigger: interval[0:00:01], next run at: 2026-06-21 15:30:04 UTC)" skipped: maximum number of running instances reached (1)
2026-06-21 15:30:05,654 WARNING:apscheduler.scheduler:Execution of job "send_due_reminders (trigger: interval[0:00:01], next run at: 2026-06-21 15:30:05 UTC)" skipped: maximum number of running instances reached (1)
2026-06-21 15:30:06,654 WARNING:apscheduler.scheduler:Execution of job "send_due_reminders (trigger: interval[0:00:01], next run at: 2026-06-21 15:30:06 UTC)" skipped: maximum number of running instances reached (1)
2026-06-21 15:30:07,655 WARNING:apscheduler.scheduler:Execution of job "send_due_reminders (trigger: interval[0:00:01], next run at: 2026-06-21 15:30:07 UTC)" skipped: maximum number of running instances reached (1)
2026-06-21 15:30:08,655 WARNING:apscheduler.scheduler:Execution of job "send_due_reminders (trigger: interval[0:00:01], next run at: 2026-06-21 15:30:08 UTC)" skipped: maximum number of running instances reached (1)
2026-06-21 18:00:01,655 WARNING:apscheduler.scheduler:Execution of job "send_due_reminders (trigger: interval[0:00:01], next run at: 2026-06-21 18:00:01 UTC)" skipped: maximum number of running instances reached (1)
2026-06-21 18:00:02,655 WARNING:apscheduler.scheduler:Execution of job "send_due_reminders (trigger: interval[0:00:01], next run at: 2026-06-21 18:00:02 UTC)" skipped: maximum number of running instances reached (1)
2026-06-21 18:00:03,655 WARNING:apscheduler.scheduler:Execution of job "send_due_reminders (trigger: interval[0:00:01], next run at: 2026-06-21 18:00:03 UTC)" skipped: maximum number of running instances reached (1)
2026-06-21 18:00:04,655 WARNING:apscheduler.scheduler:Execution of job "send_due_reminders (trigger: interval[0:00:01], next run at: 2026-06-21 18:00:04 UTC)" skipped: maximum number of running instances reached (1)
2026-06-21 18:00:05,656 WARNING:apscheduler.scheduler:Execution of job "send_due_reminders (trigger: interval[0:00:01], next run at: 2026-06-21 18:00:05 UTC)" skipped: maximum number of running instances reached (1)
2026-06-21 18:00:06,655 WARNING:apscheduler.scheduler:Execution of job "send_due_reminders (trigger: interval[0:00:01], next run at: 2026-06-21 18:00:06 UTC)" skipped: maximum number of running instances reached (1)
2026-06-21 18:00:07,655 WARNING:apscheduler.scheduler:Execution of job "send_due_reminders (trigger: interval[0:00:01], next run at: 2026-06-21 18:00:07 UTC)" skipped: maximum number of running instances reached (1)
2026-06-21 18:00:08,655 WARNING:apscheduler.scheduler:Execution of job "send_due_reminders (trigger: interval[0:00:01], next run at: 2026-06-21 18:00:08 UTC)" skipped: maximum number of running instances reached (1)
2026-06-21 18:00:09,654 WARNING:apscheduler.scheduler:Execution of job "send_due_reminders (trigger: interval[0:00:01], next run at: 2026-06-21 18:00:09 UTC)" skipped: maximum number of running instances reached (1)
2026-06-21 18:00:10,403 WARNING:SP4RK.reminders:DM closed for user 591297089686863872
2026-06-21 18:00:10,654 WARNING:apscheduler.scheduler:Execution of job "send_due_reminders (trigger: interval[0:00:01], next run at: 2026-06-21 18:00:10 UTC)" skipped: maximum number of running instances reached (1)
2026-06-21 18:00:11,654 WARNING:apscheduler.scheduler:Execution of job "send_due_reminders (trigger: interval[0:00:01], next run at: 2026-06-21 18:00:11 UTC)" skipped: maximum number of running instances reached (1)
2026-06-21 18:00:12,654 WARNING:apscheduler.scheduler:Execution of job "send_due_reminders (trigger: interval[0:00:01], next run at: 2026-06-21 18:00:12 UTC)" skipped: maximum number of running instances reached (1)
2026-06-21 18:00:13,654 WARNING:apscheduler.scheduler:Execution of job "send_due_reminders (trigger: interval[0:00:01], next run at: 2026-06-21 18:00:13 UTC)" skipped: maximum number of running instances reached (1)
2026-06-21 18:00:14,655 WARNING:apscheduler.scheduler:Execution of job "send_due_reminders (trigger: interval[0:00:01], next run at: 2026-06-21 18:00:14 UTC)" skipped: maximum number of running instances reached (1)
2026-06-21 18:00:15,654 WARNING:apscheduler.scheduler:Execution of job "send_due_reminders (trigger: interval[0:00:01], next run at: 2026-06-21 18:00:15 UTC)" skipped: maximum number of running instances reached (1)
2026-06-21 18:00:16,655 WARNING:apscheduler.scheduler:Execution of job "send_due_reminders (trigger: interval[0:00:01], next run at: 2026-06-21 18:00:16 UTC)" skipped: maximum number of running instances reached (1)
2026-06-22 17:20:01,656 WARNING:apscheduler.scheduler:Execution of job "send_due_reminders (trigger: interval[0:00:01], next run at: 2026-06-22 17:20:01 UTC)" skipped: maximum number of running instances reached (1)
2026-06-22 17:20:02,654 WARNING:apscheduler.scheduler:Execution of job "send_due_reminders (trigger: interval[0:00:01], next run at: 2026-06-22 17:20:02 UTC)" skipped: maximum number of running instances reached (1)
2026-06-22 17:20:03,654 WARNING:apscheduler.scheduler:Execution of job "send_due_reminders (trigger: interval[0:00:01], next run at: 2026-06-22 17:20:03 UTC)" skipped: maximum number of running instances reached (1)
2026-06-22 17:20:03,868 WARNING:SP4RK.reminders:DM closed for user 935180245500330154
2026-06-22 17:20:04,656 WARNING:apscheduler.scheduler:Execution of job "send_due_reminders (trigger: interval[0:00:01], next run at: 2026-06-22 17:20:04 UTC)" skipped: maximum number of running instances reached (1)
2026-06-22 17:20:04,966 WARNING:SP4RK.reminders:DM closed for user 591297089686863872
2026-06-22 17:20:05,654 WARNING:apscheduler.scheduler:Execution of job "send_due_reminders (trigger: interval[0:00:01], next run at: 2026-06-22 17:20:05 UTC)" skipped: maximum number of running instances reached (1)
2026-06-23 17:20:01,658 WARNING:apscheduler.scheduler:Execution of job "send_due_reminders (trigger: interval[0:00:01], next run at: 2026-06-23 17:20:01 UTC)" skipped: maximum number of running instances reached (1)
2026-06-23 17:20:02,655 WARNING:apscheduler.scheduler:Execution of job "send_due_reminders (trigger: interval[0:00:01], next run at: 2026-06-23 17:20:02 UTC)" skipped: maximum number of running instances reached (1)
2026-06-23 17:20:02,723 WARNING:SP4RK.reminders:DM closed for user 935180245500330154
2026-06-23 17:20:03,252 WARNING:SP4RK.reminders:DM closed for user 591297089686863872
2026-06-23 17:20:03,655 WARNING:apscheduler.scheduler:Execution of job "send_due_reminders (trigger: interval[0:00:01], next run at: 2026-06-23 17:20:03 UTC)" skipped: maximum number of running instances reached (1)
2026-06-23 17:20:04,655 WARNING:apscheduler.scheduler:Execution of job "send_due_reminders (trigger: interval[0:00:01], next run at: 2026-06-23 17:20:04 UTC)" skipped: maximum number of running instances reached (1)
2026-06-23 17:20:05,655 WARNING:apscheduler.scheduler:Execution of job "send_due_reminders (trigger: interval[0:00:01], next run at: 2026-06-23 17:20:05 UTC)" skipped: maximum number of running instances reached (1)
2026-06-24 16:35:01,655 WARNING:apscheduler.scheduler:Execution of job "send_due_reminders (trigger: interval[0:00:01], next run at: 2026-06-24 16:35:01 UTC)" skipped: maximum number of running instances reached (1)
2026-06-24 16:35:02,555 WARNING:SP4RK.reminders:DM closed for user 591297089686863872
2026-06-24 16:35:02,654 WARNING:apscheduler.scheduler:Execution of job "send_due_reminders (trigger: interval[0:00:01], next run at: 2026-06-24 16:35:02 UTC)" skipped: maximum number of running instances reached (1)
2026-06-24 16:35:03,656 WARNING:apscheduler.scheduler:Execution of job "send_due_reminders (trigger: interval[0:00:01], next run at: 2026-06-24 16:35:03 UTC)" skipped: maximum number of running instances reached (1)
2026-06-24 16:35:04,256 WARNING:SP4RK.reminders:DM closed for user 935180245500330154
2026-06-24 17:20:01,655 WARNING:apscheduler.scheduler:Execution of job "send_due_reminders (trigger: interval[0:00:01], next run at: 2026-06-24 17:20:01 UTC)" skipped: maximum number of running instances reached (1)
2026-06-24 17:20:02,090 WARNING:SP4RK.reminders:DM closed for user 935180245500330154
2026-06-24 17:20:02,654 WARNING:apscheduler.scheduler:Execution of job "send_due_reminders (trigger: interval[0:00:01], next run at: 2026-06-24 17:20:02 UTC)" skipped: maximum number of running instances reached (1)
2026-06-24 17:20:03,654 WARNING:apscheduler.scheduler:Execution of job "send_due_reminders (trigger: interval[0:00:01], next run at: 2026-06-24 17:20:03 UTC)" skipped: maximum number of running instances reached (1)
2026-06-24 17:20:04,211 WARNING:SP4RK.reminders:DM closed for user 591297089686863872
2026-06-24 17:20:04,656 WARNING:apscheduler.scheduler:Execution of job "send_due_reminders (trigger: interval[0:00:01], next run at: 2026-06-24 17:20:04 UTC)" skipped: maximum number of running instances reached (1)
2026-06-25 14:50:01,655 WARNING:apscheduler.scheduler:Execution of job "send_due_reminders (trigger: interval[0:00:01], next run at: 2026-06-25 14:50:01 UTC)" skipped: maximum number of running instances reached (1)
2026-06-25 14:50:02,654 WARNING:apscheduler.scheduler:Execution of job "send_due_reminders (trigger: interval[0:00:01], next run at: 2026-06-25 14:50:02 UTC)" skipped: maximum number of running instances reached (1)
2026-06-25 14:50:03,654 WARNING:apscheduler.scheduler:Execution of job "send_due_reminders (trigger: interval[0:00:01], next run at: 2026-06-25 14:50:03 UTC)" skipped: maximum number of running instances reached (1)
2026-06-25 14:50:04,655 WARNING:apscheduler.scheduler:Execution of job "send_due_reminders (trigger: interval[0:00:01], next run at: 2026-06-25 14:50:04 UTC)" skipped: maximum number of running instances reached (1)
2026-06-25 14:50:05,036 WARNING:SP4RK.reminders:DM closed for user 935180245500330154
2026-06-25 14:50:05,654 WARNING:apscheduler.scheduler:Execution of job "send_due_reminders (trigger: interval[0:00:01], next run at: 2026-06-25 14:50:05 UTC)" skipped: maximum number of running instances reached (1)
2026-06-25 14:50:06,654 WARNING:apscheduler.scheduler:Execution of job "send_due_reminders (trigger: interval[0:00:01], next run at: 2026-06-25 14:50:06 UTC)" skipped: maximum number of running instances reached (1)
2026-06-25 14:50:07,094 WARNING:SP4RK.reminders:DM closed for user 591297089686863872
2026-06-25 16:30:01,655 WARNING:apscheduler.scheduler:Execution of job "send_due_reminders (trigger: interval[0:00:01], next run at: 2026-06-25 16:30:01 UTC)" skipped: maximum number of running instances reached (1)
2026-06-25 16:30:02,654 WARNING:apscheduler.scheduler:Execution of job "send_due_reminders (trigger: interval[0:00:01], next run at: 2026-06-25 16:30:02 UTC)" skipped: maximum number of running instances reached (1)
2026-06-25 16:30:03,655 WARNING:apscheduler.scheduler:Execution of job "send_due_reminders (trigger: interval[0:00:01], next run at: 2026-06-25 16:30:03 UTC)" skipped: maximum number of running instances reached (1)
2026-06-25 16:30:04,404 WARNING:SP4RK.reminders:DM closed for user 935180245500330154
2026-06-25 16:30:04,654 WARNING:apscheduler.scheduler:Execution of job "send_due_reminders (trigger: interval[0:00:01], next run at: 2026-06-25 16:30:04 UTC)" skipped: maximum number of running instances reached (1)
2026-06-25 16:30:05,655 WARNING:apscheduler.scheduler:Execution of job "send_due_reminders (trigger: interval[0:00:01], next run at: 2026-06-25 16:30:05 UTC)" skipped: maximum number of running instances reached (1)
2026-06-25 16:30:05,749 WARNING:SP4RK.reminders:DM closed for user 591297089686863872
2026-06-25 16:30:06,654 WARNING:apscheduler.scheduler:Execution of job "send_due_reminders (trigger: interval[0:00:01], next run at: 2026-06-25 16:30:06 UTC)" skipped: maximum number of running instances reached (1)
2026-06-25 16:30:07,655 WARNING:apscheduler.scheduler:Execution of job "send_due_reminders (trigger: interval[0:00:01], next run at: 2026-06-25 16:30:07 UTC)" skipped: maximum number of running instances reached (1)
2026-06-25 16:30:08,654 WARNING:apscheduler.scheduler:Execution of job "send_due_reminders (trigger: interval[0:00:01], next run at: 2026-06-25 16:30:08 UTC)" skipped: maximum number of running instances reached (1)
2026-06-25 16:30:09,654 WARNING:apscheduler.scheduler:Execution of job "send_due_reminders (trigger: interval[0:00:01], next run at: 2026-06-25 16:30:09 UTC)" skipped: maximum number of running instances reached (1)
2026-06-25 16:30:10,655 WARNING:apscheduler.scheduler:Execution of job "send_due_reminders (trigger: interval[0:00:01], next run at: 2026-06-25 16:30:10 UTC)" skipped: maximum number of running instances reached (1)
2026-06-25 16:30:11,655 WARNING:apscheduler.scheduler:Execution of job "send_due_reminders (trigger: interval[0:00:01], next run at: 2026-06-25 16:30:11 UTC)" skipped: maximum number of running instances reached (1)
2026-06-25 16:30:12,656 WARNING:apscheduler.scheduler:Execution of job "send_due_reminders (trigger: interval[0:00:01], next run at: 2026-06-25 16:30:12 UTC)" skipped: maximum number of running instances reached (1)
2026-06-27 16:55:01,655 WARNING:apscheduler.scheduler:Execution of job "send_due_reminders (trigger: interval[0:00:01], next run at: 2026-06-27 16:55:01 UTC)" skipped: maximum number of running instances reached (1)
2026-06-27 16:55:01,687 WARNING:SP4RK.reminders:DM closed for user 591297089686863872
2026-06-27 16:55:02,654 WARNING:apscheduler.scheduler:Execution of job "send_due_reminders (trigger: interval[0:00:01], next run at: 2026-06-27 16:55:02 UTC)" skipped: maximum number of running instances reached (1)
2026-06-27 16:55:03,363 WARNING:SP4RK.reminders:DM closed for user 935180245500330154
2026-06-27 16:55:03,654 WARNING:apscheduler.scheduler:Execution of job "send_due_reminders (trigger: interval[0:00:01], next run at: 2026-06-27 16:55:03 UTC)" skipped: maximum number of running instances reached (1)
2026-06-27 16:55:04,655 WARNING:apscheduler.scheduler:Execution of job "send_due_reminders (trigger: interval[0:00:01], next run at: 2026-06-27 16:55:04 UTC)" skipped: maximum number of running instances reached (1)
2026-06-27 18:00:01,655 WARNING:apscheduler.scheduler:Execution of job "send_due_reminders (trigger: interval[0:00:01], next run at: 2026-06-27 18:00:01 UTC)" skipped: maximum number of running instances reached (1)
2026-06-27 18:00:02,655 WARNING:apscheduler.scheduler:Execution of job "send_due_reminders (trigger: interval[0:00:01], next run at: 2026-06-27 18:00:02 UTC)" skipped: maximum number of running instances reached (1)
2026-06-27 18:00:03,654 WARNING:apscheduler.scheduler:Execution of job "send_due_reminders (trigger: interval[0:00:01], next run at: 2026-06-27 18:00:03 UTC)" skipped: maximum number of running instances reached (1)
2026-06-27 18:00:04,654 WARNING:apscheduler.scheduler:Execution of job "send_due_reminders (trigger: interval[0:00:01], next run at: 2026-06-27 18:00:04 UTC)" skipped: maximum number of running instances reached (1)
2026-06-27 18:00:05,655 WARNING:apscheduler.scheduler:Execution of job "send_due_reminders (trigger: interval[0:00:01], next run at: 2026-06-27 18:00:05 UTC)" skipped: maximum number of running instances reached (1)
2026-06-27 18:00:06,655 WARNING:apscheduler.scheduler:Execution of job "send_due_reminders (trigger: interval[0:00:01], next run at: 2026-06-27 18:00:06 UTC)" skipped: maximum number of running instances reached (1)
2026-06-27 18:00:07,654 WARNING:apscheduler.scheduler:Execution of job "send_due_reminders (trigger: interval[0:00:01], next run at: 2026-06-27 18:00:07 UTC)" skipped: maximum number of running instances reached (1)
2026-06-27 18:00:08,655 WARNING:apscheduler.scheduler:Execution of job "send_due_reminders (trigger: interval[0:00:01], next run at: 2026-06-27 18:00:08 UTC)" skipped: maximum number of running instances reached (1)
2026-06-27 18:00:09,481 WARNING:SP4RK.reminders:DM closed for user 591297089686863872
2026-06-27 18:00:09,655 WARNING:apscheduler.scheduler:Execution of job "send_due_reminders (trigger: interval[0:00:01], next run at: 2026-06-27 18:00:09 UTC)" skipped: maximum number of running instances reached (1)
2026-06-27 18:00:10,655 WARNING:apscheduler.scheduler:Execution of job "send_due_reminders (trigger: interval[0:00:01], next run at: 2026-06-27 18:00:10 UTC)" skipped: maximum number of running instances reached (1)
2026-06-27 18:00:11,655 WARNING:apscheduler.scheduler:Execution of job "send_due_reminders (trigger: interval[0:00:01], next run at: 2026-06-27 18:00:11 UTC)" skipped: maximum number of running instances reached (1)
2026-06-27 18:00:12,655 WARNING:apscheduler.scheduler:Execution of job "send_due_reminders (trigger: interval[0:00:01], next run at: 2026-06-27 18:00:12 UTC)" skipped: maximum number of running instances reached (1)
2026-06-27 18:00:13,655 WARNING:apscheduler.scheduler:Execution of job "send_due_reminders (trigger: interval[0:00:01], next run at: 2026-06-27 18:00:13 UTC)" skipped: maximum number of running instances reached (1)
2026-06-27 18:50:01,655 WARNING:apscheduler.scheduler:Execution of job "send_due_reminders (trigger: interval[0:00:01], next run at: 2026-06-27 18:50:01 UTC)" skipped: maximum number of running instances reached (1)
2026-06-27 18:50:02,655 WARNING:apscheduler.scheduler:Execution of job "send_due_reminders (trigger: interval[0:00:01], next run at: 2026-06-27 18:50:02 UTC)" skipped: maximum number of running instances reached (1)
2026-06-27 18:50:03,608 WARNING:SP4RK.reminders:DM closed for user 591297089686863872
2026-06-27 18:50:03,655 WARNING:apscheduler.scheduler:Execution of job "send_due_reminders (trigger: interval[0:00:01], next run at: 2026-06-27 18:50:03 UTC)" skipped: maximum number of running instances reached (1)
2026-06-27 18:50:04,654 WARNING:apscheduler.scheduler:Execution of job "send_due_reminders (trigger: interval[0:00:01], next run at: 2026-06-27 18:50:04 UTC)" skipped: maximum number of running instances reached (1)
2026-06-27 18:50:05,347 WARNING:SP4RK.reminders:DM closed for user 935180245500330154
2026-06-27 18:50:05,654 WARNING:apscheduler.scheduler:Execution of job "send_due_reminders (trigger: interval[0:00:01], next run at: 2026-06-27 18:50:05 UTC)" skipped: maximum number of running instances reached (1)
2026-06-27 18:50:06,655 WARNING:apscheduler.scheduler:Execution of job "send_due_reminders (trigger: interval[0:00:01], next run at: 2026-06-27 18:50:06 UTC)" skipped: maximum number of running instances reached (1)
2026-06-27 18:50:07,655 WARNING:apscheduler.scheduler:Execution of job "send_due_reminders (trigger: interval[0:00:01], next run at: 2026-06-27 18:50:07 UTC)" skipped: maximum number of running instances reached (1)
2026-06-28 16:50:01,655 WARNING:apscheduler.scheduler:Execution of job "send_due_reminders (trigger: interval[0:00:01], next run at: 2026-06-28 16:50:01 UTC)" skipped: maximum number of running instances reached (1)
2026-06-28 16:50:02,654 WARNING:apscheduler.scheduler:Execution of job "send_due_reminders (trigger: interval[0:00:01], next run at: 2026-06-28 16:50:02 UTC)" skipped: maximum number of running instances reached (1)
2026-06-28 16:50:03,655 WARNING:apscheduler.scheduler:Execution of job "send_due_reminders (trigger: interval[0:00:01], next run at: 2026-06-28 16:50:03 UTC)" skipped: maximum number of running instances reached (1)
2026-06-28 16:50:03,960 WARNING:SP4RK.reminders:DM closed for user 591297089686863872
2026-06-28 16:50:04,654 WARNING:apscheduler.scheduler:Execution of job "send_due_reminders (trigger: interval[0:00:01], next run at: 2026-06-28 16:50:04 UTC)" skipped: maximum number of running instances reached (1)
2026-06-28 16:50:05,654 WARNING:apscheduler.scheduler:Execution of job "send_due_reminders (trigger: interval[0:00:01], next run at: 2026-06-28 16:50:05 UTC)" skipped: maximum number of running instances reached (1)
2026-06-28 16:50:05,919 WARNING:SP4RK.reminders:DM closed for user 935180245500330154
2026-06-28 18:00:01,655 WARNING:apscheduler.scheduler:Execution of job "send_due_reminders (trigger: interval[0:00:01], next run at: 2026-06-28 18:00:01 UTC)" skipped: maximum number of running instances reached (1)
2026-06-28 18:00:02,593 WARNING:SP4RK.reminders:DM closed for user 591297089686863872
2026-06-28 18:00:02,655 WARNING:apscheduler.scheduler:Execution of job "send_due_reminders (trigger: interval[0:00:01], next run at: 2026-06-28 18:00:02 UTC)" skipped: maximum number of running instances reached (1)
2026-06-28 18:00:03,655 WARNING:apscheduler.scheduler:Execution of job "send_due_reminders (trigger: interval[0:00:01], next run at: 2026-06-28 18:00:03 UTC)" skipped: maximum number of running instances reached (1)
2026-06-28 18:00:04,654 WARNING:apscheduler.scheduler:Execution of job "send_due_reminders (trigger: interval[0:00:01], next run at: 2026-06-28 18:00:04 UTC)" skipped: maximum number of running instances reached (1)
2026-06-28 18:00:05,655 WARNING:apscheduler.scheduler:Execution of job "send_due_reminders (trigger: interval[0:00:01], next run at: 2026-06-28 18:00:05 UTC)" skipped: maximum number of running instances reached (1)
2026-06-28 18:00:06,655 WARNING:apscheduler.scheduler:Execution of job "send_due_reminders (trigger: interval[0:00:01], next run at: 2026-06-28 18:00:06 UTC)" skipped: maximum number of running instances reached (1)
2026-06-28 18:00:07,655 WARNING:apscheduler.scheduler:Execution of job "send_due_reminders (trigger: interval[0:00:01], next run at: 2026-06-28 18:00:07 UTC)" skipped: maximum number of running instances reached (1)
2026-06-28 18:00:08,655 WARNING:apscheduler.scheduler:Execution of job "send_due_reminders (trigger: interval[0:00:01], next run at: 2026-06-28 18:00:08 UTC)" skipped: maximum number of running instances reached (1)
2026-06-28 18:00:09,655 WARNING:apscheduler.scheduler:Execution of job "send_due_reminders (trigger: interval[0:00:01], next run at: 2026-06-28 18:00:09 UTC)" skipped: maximum number of running instances reached (1)
2026-06-28 18:00:10,655 WARNING:apscheduler.scheduler:Execution of job "send_due_reminders (trigger: interval[0:00:01], next run at: 2026-06-28 18:00:10 UTC)" skipped: maximum number of running instances reached (1)
2026-06-28 18:00:11,655 WARNING:apscheduler.scheduler:Execution of job "send_due_reminders (trigger: interval[0:00:01], next run at: 2026-06-28 18:00:11 UTC)" skipped: maximum number of running instances reached (1)
2026-06-28 18:00:12,654 WARNING:apscheduler.scheduler:Execution of job "send_due_reminders (trigger: interval[0:00:01], next run at: 2026-06-28 18:00:12 UTC)" skipped: maximum number of running instances reached (1)
2026-06-28 18:00:13,655 WARNING:apscheduler.scheduler:Execution of job "send_due_reminders (trigger: interval[0:00:01], next run at: 2026-06-28 18:00:13 UTC)" skipped: maximum number of running instances reached (1)
2026-06-28 18:00:14,655 WARNING:apscheduler.scheduler:Execution of job "send_due_reminders (trigger: interval[0:00:01], next run at: 2026-06-28 18:00:14 UTC)" skipped: maximum number of running instances reached (1)
2026-06-29 16:30:01,655 WARNING:apscheduler.scheduler:Execution of job "send_due_reminders (trigger: interval[0:00:01], next run at: 2026-06-29 16:30:01 UTC)" skipped: maximum number of running instances reached (1)
2026-06-29 16:30:02,655 WARNING:apscheduler.scheduler:Execution of job "send_due_reminders (trigger: interval[0:00:01], next run at: 2026-06-29 16:30:02 UTC)" skipped: maximum number of running instances reached (1)
2026-06-29 16:30:03,655 WARNING:apscheduler.scheduler:Execution of job "send_due_reminders (trigger: interval[0:00:01], next run at: 2026-06-29 16:30:03 UTC)" skipped: maximum number of running instances reached (1)
2026-06-29 16:30:04,654 WARNING:apscheduler.scheduler:Execution of job "send_due_reminders (trigger: interval[0:00:01], next run at: 2026-06-29 16:30:04 UTC)" skipped: maximum number of running instances reached (1)
2026-06-29 16:30:05,655 WARNING:apscheduler.scheduler:Execution of job "send_due_reminders (trigger: interval[0:00:01], next run at: 2026-06-29 16:30:05 UTC)" skipped: maximum number of running instances reached (1)
2026-06-29 16:30:05,742 WARNING:SP4RK.reminders:DM closed for user 591297089686863872
2026-06-29 16:30:06,655 WARNING:apscheduler.scheduler:Execution of job "send_due_reminders (trigger: interval[0:00:01], next run at: 2026-06-29 16:30:06 UTC)" skipped: maximum number of running instances reached (1)
2026-06-29 16:30:07,654 WARNING:apscheduler.scheduler:Execution of job "send_due_reminders (trigger: interval[0:00:01], next run at: 2026-06-29 16:30:07 UTC)" skipped: maximum number of running instances reached (1)
2026-06-29 16:30:08,654 WARNING:apscheduler.scheduler:Execution of job "send_due_reminders (trigger: interval[0:00:01], next run at: 2026-06-29 16:30:08 UTC)" skipped: maximum number of running instances reached (1)
2026-06-29 16:30:08,656 WARNING:SP4RK.reminders:DM closed for user 935180245500330154
2026-06-29 16:30:09,655 WARNING:apscheduler.scheduler:Execution of job "send_due_reminders (trigger: interval[0:00:01], next run at: 2026-06-29 16:30:09 UTC)" skipped: maximum number of running instances reached (1)
2026-06-29 17:20:01,430 WARNING:SP4RK.reminders:DM closed for user 591297089686863872
2026-06-29 17:20:01,654 WARNING:apscheduler.scheduler:Execution of job "send_due_reminders (trigger: interval[0:00:01], next run at: 2026-06-29 17:20:01 UTC)" skipped: maximum number of running instances reached (1)
2026-06-29 17:20:02,655 WARNING:apscheduler.scheduler:Execution of job "send_due_reminders (trigger: interval[0:00:01], next run at: 2026-06-29 17:20:02 UTC)" skipped: maximum number of running instances reached (1)
2026-06-29 17:20:03,654 WARNING:apscheduler.scheduler:Execution of job "send_due_reminders (trigger: interval[0:00:01], next run at: 2026-06-29 17:20:03 UTC)" skipped: maximum number of running instances reached (1)
2026-06-29 17:20:04,655 WARNING:apscheduler.scheduler:Execution of job "send_due_reminders (trigger: interval[0:00:01], next run at: 2026-06-29 17:20:04 UTC)" skipped: maximum number of running instances reached (1)
2026-06-29 17:20:05,655 WARNING:apscheduler.scheduler:Execution of job "send_due_reminders (trigger: interval[0:00:01], next run at: 2026-06-29 17:20:05 UTC)" skipped: maximum number of running instances reached (1)
2026-06-29 17:20:06,336 WARNING:SP4RK.reminders:DM closed for user 935180245500330154
2026-06-30 05:48:06,227 ERROR:SP4RK.ui:Class signup select failed: NotFound
Traceback (most recent call last):
  File "/projects/sp4rk/app/bot/ui.py", line 77, in callback
    await self._callback_impl(interaction)
  File "/projects/sp4rk/app/bot/ui.py", line 158, in _callback_impl
    await interaction.response.edit_message(content=text, embed=None, view=None)
  File "/projects/sp4rk/.venv/lib/python3.12/site-packages/discord/interactions.py", line 990, in edit_message
    await adapter.create_interaction_response(
  File "/projects/sp4rk/.venv/lib/python3.12/site-packages/discord/webhook/async_.py", line 221, in request
    raise NotFound(response, data)
discord.errors.NotFound: 404 Not Found (error code: 10062): Unknown interaction
2026-06-30 16:41:08,071 ERROR:SP4RK.ui:Class signup select failed: NotFound
Traceback (most recent call last):
  File "/projects/sp4rk/app/bot/ui.py", line 77, in callback
    await self._callback_impl(interaction)
  File "/projects/sp4rk/app/bot/ui.py", line 158, in _callback_impl
    await interaction.response.edit_message(content=text, embed=None, view=None)
  File "/projects/sp4rk/.venv/lib/python3.12/site-packages/discord/interactions.py", line 990, in edit_message
    await adapter.create_interaction_response(
  File "/projects/sp4rk/.venv/lib/python3.12/site-packages/discord/webhook/async_.py", line 221, in request
    raise NotFound(response, data)
discord.errors.NotFound: 404 Not Found (error code: 10062): Unknown interaction
2026-06-30 17:20:01,654 WARNING:apscheduler.scheduler:Execution of job "send_due_reminders (trigger: interval[0:00:01], next run at: 2026-06-30 17:20:01 UTC)" skipped: maximum number of running instances reached (1)
2026-06-30 17:20:02,654 WARNING:apscheduler.scheduler:Execution of job "send_due_reminders (trigger: interval[0:00:01], next run at: 2026-06-30 17:20:02 UTC)" skipped: maximum number of running instances reached (1)
2026-06-30 17:20:03,407 WARNING:SP4RK.reminders:DM closed for user 591297089686863872
2026-06-30 17:20:03,654 WARNING:apscheduler.scheduler:Execution of job "send_due_reminders (trigger: interval[0:00:01], next run at: 2026-06-30 17:20:03 UTC)" skipped: maximum number of running instances reached (1)
2026-06-30 17:20:04,564 WARNING:SP4RK.reminders:DM closed for user 935180245500330154
2026-06-30 17:20:04,654 WARNING:apscheduler.scheduler:Execution of job "send_due_reminders (trigger: interval[0:00:01], next run at: 2026-06-30 17:20:04 UTC)" skipped: maximum number of running instances reached (1)
2026-06-30 17:20:05,654 WARNING:apscheduler.scheduler:Execution of job "send_due_reminders (trigger: interval[0:00:01], next run at: 2026-06-30 17:20:05 UTC)" skipped: maximum number of running instances reached (1)
2026-06-30 17:20:06,655 WARNING:apscheduler.scheduler:Execution of job "send_due_reminders (trigger: interval[0:00:01], next run at: 2026-06-30 17:20:06 UTC)" skipped: maximum number of running instances reached (1)
2026-06-30 17:20:07,654 WARNING:apscheduler.scheduler:Execution of job "send_due_reminders (trigger: interval[0:00:01], next run at: 2026-06-30 17:20:07 UTC)" skipped: maximum number of running instances reached (1)
2026-06-30 17:20:08,655 WARNING:apscheduler.scheduler:Execution of job "send_due_reminders (trigger: interval[0:00:01], next run at: 2026-06-30 17:20:08 UTC)" skipped: maximum number of running instances reached (1)
2026-07-01 16:55:01,409 WARNING:SP4RK.reminders:DM closed for user 591297089686863872
2026-07-01 16:55:01,655 WARNING:apscheduler.scheduler:Execution of job "send_due_reminders (trigger: interval[0:00:01], next run at: 2026-07-01 16:55:01 UTC)" skipped: maximum number of running instances reached (1)
2026-07-01 16:55:02,655 WARNING:apscheduler.scheduler:Execution of job "send_due_reminders (trigger: interval[0:00:01], next run at: 2026-07-01 16:55:02 UTC)" skipped: maximum number of running instances reached (1)
2026-07-01 16:55:03,654 WARNING:apscheduler.scheduler:Execution of job "send_due_reminders (trigger: interval[0:00:01], next run at: 2026-07-01 16:55:03 UTC)" skipped: maximum number of running instances reached (1)
2026-07-02 16:50:01,654 WARNING:apscheduler.scheduler:Execution of job "send_due_reminders (trigger: interval[0:00:01], next run at: 2026-07-02 16:50:01 UTC)" skipped: maximum number of running instances reached (1)
2026-07-02 16:50:02,655 WARNING:apscheduler.scheduler:Execution of job "send_due_reminders (trigger: interval[0:00:01], next run at: 2026-07-02 16:50:02 UTC)" skipped: maximum number of running instances reached (1)
2026-07-02 16:50:03,654 WARNING:apscheduler.scheduler:Execution of job "send_due_reminders (trigger: interval[0:00:01], next run at: 2026-07-02 16:50:03 UTC)" skipped: maximum number of running instances reached (1)
2026-07-02 16:50:04,301 WARNING:SP4RK.reminders:DM closed for user 591297089686863872
2026-07-02 16:50:04,655 WARNING:apscheduler.scheduler:Execution of job "send_due_reminders (trigger: interval[0:00:01], next run at: 2026-07-02 16:50:04 UTC)" skipped: maximum number of running instances reached (1)
2026-07-02 16:50:05,654 WARNING:apscheduler.scheduler:Execution of job "send_due_reminders (trigger: interval[0:00:01], next run at: 2026-07-02 16:50:05 UTC)" skipped: maximum number of running instances reached (1)
2026-07-02 16:50:06,655 WARNING:apscheduler.scheduler:Execution of job "send_due_reminders (trigger: interval[0:00:01], next run at: 2026-07-02 16:50:06 UTC)" skipped: maximum number of running instances reached (1)
2026-07-03 17:20:01,654 WARNING:apscheduler.scheduler:Execution of job "send_due_reminders (trigger: interval[0:00:01], next run at: 2026-07-03 17:20:01 UTC)" skipped: maximum number of running instances reached (1)
2026-07-03 17:20:02,034 WARNING:SP4RK.reminders:DM closed for user 591297089686863872
2026-07-03 17:20:02,654 WARNING:apscheduler.scheduler:Execution of job "send_due_reminders (trigger: interval[0:00:01], next run at: 2026-07-03 17:20:02 UTC)" skipped: maximum number of running instances reached (1)
2026-07-03 17:20:03,655 WARNING:apscheduler.scheduler:Execution of job "send_due_reminders (trigger: interval[0:00:01], next run at: 2026-07-03 17:20:03 UTC)" skipped: maximum number of running instances reached (1)
2026-07-03 17:20:04,460 WARNING:SP4RK.reminders:DM closed for user 935180245500330154
2026-07-03 17:20:04,655 WARNING:apscheduler.scheduler:Execution of job "send_due_reminders (trigger: interval[0:00:01], next run at: 2026-07-03 17:20:04 UTC)" skipped: maximum number of running instances reached (1)
2026-07-03 17:20:05,655 WARNING:apscheduler.scheduler:Execution of job "send_due_reminders (trigger: interval[0:00:01], next run at: 2026-07-03 17:20:05 UTC)" skipped: maximum number of running instances reached (1)
2026-07-03 17:20:06,656 WARNING:apscheduler.scheduler:Execution of job "send_due_reminders (trigger: interval[0:00:01], next run at: 2026-07-03 17:20:06 UTC)" skipped: maximum number of running instances reached (1)
2026-07-03 17:20:07,655 WARNING:apscheduler.scheduler:Execution of job "send_due_reminders (trigger: interval[0:00:01], next run at: 2026-07-03 17:20:07 UTC)" skipped: maximum number of running instances reached (1)
2026-07-03 17:20:08,655 WARNING:apscheduler.scheduler:Execution of job "send_due_reminders (trigger: interval[0:00:01], next run at: 2026-07-03 17:20:08 UTC)" skipped: maximum number of running instances reached (1)
2026-07-03 17:20:09,656 WARNING:apscheduler.scheduler:Execution of job "send_due_reminders (trigger: interval[0:00:01], next run at: 2026-07-03 17:20:09 UTC)" skipped: maximum number of running instances reached (1)
2026-07-03 17:20:10,654 WARNING:apscheduler.scheduler:Execution of job "send_due_reminders (trigger: interval[0:00:01], next run at: 2026-07-03 17:20:10 UTC)" skipped: maximum number of running instances reached (1)
2026-07-03 17:20:11,655 WARNING:apscheduler.scheduler:Execution of job "send_due_reminders (trigger: interval[0:00:01], next run at: 2026-07-03 17:20:11 UTC)" skipped: maximum number of running instances reached (1)
2026-07-03 17:20:12,655 WARNING:apscheduler.scheduler:Execution of job "send_due_reminders (trigger: interval[0:00:01], next run at: 2026-07-03 17:20:12 UTC)" skipped: maximum number of running instances reached (1)
2026-07-03 17:20:13,655 WARNING:apscheduler.scheduler:Execution of job "send_due_reminders (trigger: interval[0:00:01], next run at: 2026-07-03 17:20:13 UTC)" skipped: maximum number of running instances reached (1)
2026-07-03 17:20:14,654 WARNING:apscheduler.scheduler:Execution of job "send_due_reminders (trigger: interval[0:00:01], next run at: 2026-07-03 17:20:14 UTC)" skipped: maximum number of running instances reached (1)
2026-07-04 18:00:01,656 WARNING:apscheduler.scheduler:Execution of job "send_due_reminders (trigger: interval[0:00:01], next run at: 2026-07-04 18:00:01 UTC)" skipped: maximum number of running instances reached (1)
2026-07-04 18:00:02,259 WARNING:SP4RK.reminders:DM closed for user 591297089686863872
2026-07-04 18:00:02,655 WARNING:apscheduler.scheduler:Execution of job "send_due_reminders (trigger: interval[0:00:01], next run at: 2026-07-04 18:00:02 UTC)" skipped: maximum number of running instances reached (1)
2026-07-04 18:00:03,654 WARNING:apscheduler.scheduler:Execution of job "send_due_reminders (trigger: interval[0:00:01], next run at: 2026-07-04 18:00:03 UTC)" skipped: maximum number of running instances reached (1)
2026-07-04 18:00:04,655 WARNING:apscheduler.scheduler:Execution of job "send_due_reminders (trigger: interval[0:00:01], next run at: 2026-07-04 18:00:04 UTC)" skipped: maximum number of running instances reached (1)
2026-07-04 18:00:05,655 WARNING:apscheduler.scheduler:Execution of job "send_due_reminders (trigger: interval[0:00:01], next run at: 2026-07-04 18:00:05 UTC)" skipped: maximum number of running instances reached (1)
2026-07-04 18:00:06,654 WARNING:apscheduler.scheduler:Execution of job "send_due_reminders (trigger: interval[0:00:01], next run at: 2026-07-04 18:00:06 UTC)" skipped: maximum number of running instances reached (1)
2026-07-04 18:00:07,654 WARNING:apscheduler.scheduler:Execution of job "send_due_reminders (trigger: interval[0:00:01], next run at: 2026-07-04 18:00:07 UTC)" skipped: maximum number of running instances reached (1)
2026-07-04 18:00:08,656 WARNING:apscheduler.scheduler:Execution of job "send_due_reminders (trigger: interval[0:00:01], next run at: 2026-07-04 18:00:08 UTC)" skipped: maximum number of running instances reached (1)
2026-07-04 18:00:09,654 WARNING:apscheduler.scheduler:Execution of job "send_due_reminders (trigger: interval[0:00:01], next run at: 2026-07-04 18:00:09 UTC)" skipped: maximum number of running instances reached (1)
2026-07-04 18:00:10,655 WARNING:apscheduler.scheduler:Execution of job "send_due_reminders (trigger: interval[0:00:01], next run at: 2026-07-04 18:00:10 UTC)" skipped: maximum number of running instances reached (1)
2026-07-05 18:00:01,656 WARNING:apscheduler.scheduler:Execution of job "send_due_reminders (trigger: interval[0:00:01], next run at: 2026-07-05 18:00:01 UTC)" skipped: maximum number of running instances reached (1)
2026-07-05 18:00:02,654 WARNING:apscheduler.scheduler:Execution of job "send_due_reminders (trigger: interval[0:00:01], next run at: 2026-07-05 18:00:02 UTC)" skipped: maximum number of running instances reached (1)
2026-07-05 18:00:03,654 WARNING:apscheduler.scheduler:Execution of job "send_due_reminders (trigger: interval[0:00:01], next run at: 2026-07-05 18:00:03 UTC)" skipped: maximum number of running instances reached (1)
2026-07-05 18:00:04,655 WARNING:apscheduler.scheduler:Execution of job "send_due_reminders (trigger: interval[0:00:01], next run at: 2026-07-05 18:00:04 UTC)" skipped: maximum number of running instances reached (1)
2026-07-05 18:00:05,655 WARNING:apscheduler.scheduler:Execution of job "send_due_reminders (trigger: interval[0:00:01], next run at: 2026-07-05 18:00:05 UTC)" skipped: maximum number of running instances reached (1)
2026-07-05 18:00:06,655 WARNING:apscheduler.scheduler:Execution of job "send_due_reminders (trigger: interval[0:00:01], next run at: 2026-07-05 18:00:06 UTC)" skipped: maximum number of running instances reached (1)
2026-07-05 18:00:07,654 WARNING:apscheduler.scheduler:Execution of job "send_due_reminders (trigger: interval[0:00:01], next run at: 2026-07-05 18:00:07 UTC)" skipped: maximum number of running instances reached (1)
2026-07-05 18:00:08,043 WARNING:SP4RK.reminders:DM closed for user 591297089686863872
2026-07-05 18:00:08,654 WARNING:apscheduler.scheduler:Execution of job "send_due_reminders (trigger: interval[0:00:01], next run at: 2026-07-05 18:00:08 UTC)" skipped: maximum number of running instances reached (1)
2026-07-05 18:00:09,655 WARNING:apscheduler.scheduler:Execution of job "send_due_reminders (trigger: interval[0:00:01], next run at: 2026-07-05 18:00:09 UTC)" skipped: maximum number of running instances reached (1)
2026-07-05 18:00:10,655 WARNING:apscheduler.scheduler:Execution of job "send_due_reminders (trigger: interval[0:00:01], next run at: 2026-07-05 18:00:10 UTC)" skipped: maximum number of running instances reached (1)
2026-07-05 18:00:11,654 WARNING:apscheduler.scheduler:Execution of job "send_due_reminders (trigger: interval[0:00:01], next run at: 2026-07-05 18:00:11 UTC)" skipped: maximum number of running instances reached (1)
2026-07-05 18:00:12,655 WARNING:apscheduler.scheduler:Execution of job "send_due_reminders (trigger: interval[0:00:01], next run at: 2026-07-05 18:00:12 UTC)" skipped: maximum number of running instances reached (1)
2026-07-05 18:00:13,655 WARNING:apscheduler.scheduler:Execution of job "send_due_reminders (trigger: interval[0:00:01], next run at: 2026-07-05 18:00:13 UTC)" skipped: maximum number of running instances reached (1)
2026-07-05 18:00:14,654 WARNING:apscheduler.scheduler:Execution of job "send_due_reminders (trigger: interval[0:00:01], next run at: 2026-07-05 18:00:14 UTC)" skipped: maximum number of running instances reached (1)
2026-07-05 18:00:15,655 WARNING:apscheduler.scheduler:Execution of job "send_due_reminders (trigger: interval[0:00:01], next run at: 2026-07-05 18:00:15 UTC)" skipped: maximum number of running instances reached (1)
2026-07-05 18:00:16,655 WARNING:apscheduler.scheduler:Execution of job "send_due_reminders (trigger: interval[0:00:01], next run at: 2026-07-05 18:00:16 UTC)" skipped: maximum number of running instances reached (1)
2026-07-08 17:20:01,655 WARNING:apscheduler.scheduler:Execution of job "send_due_reminders (trigger: interval[0:00:01], next run at: 2026-07-08 17:20:01 UTC)" skipped: maximum number of running instances reached (1)
2026-07-08 17:20:02,655 WARNING:apscheduler.scheduler:Execution of job "send_due_reminders (trigger: interval[0:00:01], next run at: 2026-07-08 17:20:02 UTC)" skipped: maximum number of running instances reached (1)
2026-07-08 17:20:03,654 WARNING:apscheduler.scheduler:Execution of job "send_due_reminders (trigger: interval[0:00:01], next run at: 2026-07-08 17:20:03 UTC)" skipped: maximum number of running instances reached (1)
2026-07-08 17:20:04,119 WARNING:SP4RK.reminders:DM closed for user 591297089686863872
2026-07-08 17:20:04,655 WARNING:apscheduler.scheduler:Execution of job "send_due_reminders (trigger: interval[0:00:01], next run at: 2026-07-08 17:20:04 UTC)" skipped: maximum number of running instances reached (1)
2026-07-08 17:20:05,655 WARNING:apscheduler.scheduler:Execution of job "send_due_reminders (trigger: interval[0:00:01], next run at: 2026-07-08 17:20:05 UTC)" skipped: maximum number of running instances reached (1)
2026-07-08 17:20:06,655 WARNING:apscheduler.scheduler:Execution of job "send_due_reminders (trigger: interval[0:00:01], next run at: 2026-07-08 17:20:06 UTC)" skipped: maximum number of running instances reached (1)
2026-07-11 05:56:36,233 ERROR:discord.ui.view:Ignoring exception in view <SignupView timeout=None children=7> for item <LeaveButton style=<ButtonStyle.danger: 4> url=None disabled=False label='Отменить запись' emoji=<PartialEmoji animated=False name='✖️' id=None> row=None sku_id=None>
Traceback (most recent call last):
  File "/projects/sp4rk/.venv/lib/python3.12/site-packages/discord/ui/view.py", line 430, in _scheduled_task
    await item.callback(interaction)
  File "/projects/sp4rk/app/bot/ui.py", line 312, in callback
    await interaction.response.send_message(text, ephemeral=True, delete_after=EPHEMERAL_DELETE_AFTER)
  File "/projects/sp4rk/app/bot/ephemeral.py", line 89, in patched_send_message
    result = await original_send_message(self, *args, **kwargs)
             ^^^^^^^^^^^^^^^^^^^^^^^^^^^^^^^^^^^^^^^^^^^^^^^^^^
  File "/projects/sp4rk/.venv/lib/python3.12/site-packages/discord/interactions.py", line 855, in send_message
    await adapter.create_interaction_response(
  File "/projects/sp4rk/.venv/lib/python3.12/site-packages/discord/webhook/async_.py", line 221, in request
    raise NotFound(response, data)
discord.errors.NotFound: 404 Not Found (error code: 10062): Unknown interaction
2026-07-11 18:00:01,655 WARNING:apscheduler.scheduler:Execution of job "send_due_reminders (trigger: interval[0:00:01], next run at: 2026-07-11 18:00:01 UTC)" skipped: maximum number of running instances reached (1)
2026-07-11 18:00:01,693 WARNING:SP4RK.reminders:DM closed for user 591297089686863872
2026-07-11 18:00:02,654 WARNING:apscheduler.scheduler:Execution of job "send_due_reminders (trigger: interval[0:00:01], next run at: 2026-07-11 18:00:02 UTC)" skipped: maximum number of running instances reached (1)
2026-07-11 18:00:03,654 WARNING:apscheduler.scheduler:Execution of job "send_due_reminders (trigger: interval[0:00:01], next run at: 2026-07-11 18:00:03 UTC)" skipped: maximum number of running instances reached (1)
2026-07-11 18:00:04,655 WARNING:apscheduler.scheduler:Execution of job "send_due_reminders (trigger: interval[0:00:01], next run at: 2026-07-11 18:00:04 UTC)" skipped: maximum number of running instances reached (1)
2026-07-11 18:00:05,655 WARNING:apscheduler.scheduler:Execution of job "send_due_reminders (trigger: interval[0:00:01], next run at: 2026-07-11 18:00:05 UTC)" skipped: maximum number of running instances reached (1)
2026-07-11 18:00:06,656 WARNING:apscheduler.scheduler:Execution of job "send_due_reminders (trigger: interval[0:00:01], next run at: 2026-07-11 18:00:06 UTC)" skipped: maximum number of running instances reached (1)
2026-07-11 18:00:07,654 WARNING:apscheduler.scheduler:Execution of job "send_due_reminders (trigger: interval[0:00:01], next run at: 2026-07-11 18:00:07 UTC)" skipped: maximum number of running instances reached (1)
2026-07-11 18:00:08,654 WARNING:apscheduler.scheduler:Execution of job "send_due_reminders (trigger: interval[0:00:01], next run at: 2026-07-11 18:00:08 UTC)" skipped: maximum number of running instances reached (1)
2026-07-11 18:00:09,655 WARNING:apscheduler.scheduler:Execution of job "send_due_reminders (trigger: interval[0:00:01], next run at: 2026-07-11 18:00:09 UTC)" skipped: maximum number of running instances reached (1)
2026-07-11 18:00:10,655 WARNING:apscheduler.scheduler:Execution of job "send_due_reminders (trigger: interval[0:00:01], next run at: 2026-07-11 18:00:10 UTC)" skipped: maximum number of running instances reached (1)
2026-07-11 18:00:11,655 WARNING:apscheduler.scheduler:Execution of job "send_due_reminders (trigger: interval[0:00:01], next run at: 2026-07-11 18:00:11 UTC)" skipped: maximum number of running instances reached (1)
2026-07-11 18:00:12,654 WARNING:apscheduler.scheduler:Execution of job "send_due_reminders (trigger: interval[0:00:01], next run at: 2026-07-11 18:00:12 UTC)" skipped: maximum number of running instances reached (1)
2026-07-11 18:00:13,654 WARNING:apscheduler.scheduler:Execution of job "send_due_reminders (trigger: interval[0:00:01], next run at: 2026-07-11 18:00:13 UTC)" skipped: maximum number of running instances reached (1)
2026-07-11 18:00:14,655 WARNING:apscheduler.scheduler:Execution of job "send_due_reminders (trigger: interval[0:00:01], next run at: 2026-07-11 18:00:14 UTC)" skipped: maximum number of running instances reached (1)
2026-07-11 18:00:15,654 WARNING:apscheduler.scheduler:Execution of job "send_due_reminders (trigger: interval[0:00:01], next run at: 2026-07-11 18:00:15 UTC)" skipped: maximum number of running instances reached (1)
2026-07-11 18:50:01,655 WARNING:apscheduler.scheduler:Execution of job "send_due_reminders (trigger: interval[0:00:01], next run at: 2026-07-11 18:50:01 UTC)" skipped: maximum number of running instances reached (1)
2026-07-11 18:50:02,654 WARNING:apscheduler.scheduler:Execution of job "send_due_reminders (trigger: interval[0:00:01], next run at: 2026-07-11 18:50:02 UTC)" skipped: maximum number of running instances reached (1)
2026-07-11 18:50:02,763 WARNING:SP4RK.reminders:DM closed for user 591297089686863872
2026-07-11 18:50:03,654 WARNING:apscheduler.scheduler:Execution of job "send_due_reminders (trigger: interval[0:00:01], next run at: 2026-07-11 18:50:03 UTC)" skipped: maximum number of running instances reached (1)
2026-07-11 18:50:04,655 WARNING:apscheduler.scheduler:Execution of job "send_due_reminders (trigger: interval[0:00:01], next run at: 2026-07-11 18:50:04 UTC)" skipped: maximum number of running instances reached (1)
2026-07-11 18:50:05,654 WARNING:apscheduler.scheduler:Execution of job "send_due_reminders (trigger: interval[0:00:01], next run at: 2026-07-11 18:50:05 UTC)" skipped: maximum number of running instances reached (1)
2026-07-11 18:50:06,654 WARNING:apscheduler.scheduler:Execution of job "send_due_reminders (trigger: interval[0:00:01], next run at: 2026-07-11 18:50:06 UTC)" skipped: maximum number of running instances reached (1)
2026-07-11 18:50:07,654 WARNING:apscheduler.scheduler:Execution of job "send_due_reminders (trigger: interval[0:00:01], next run at: 2026-07-11 18:50:07 UTC)" skipped: maximum number of running instances reached (1)
2026-07-11 18:50:08,654 WARNING:apscheduler.scheduler:Execution of job "send_due_reminders (trigger: interval[0:00:01], next run at: 2026-07-11 18:50:08 UTC)" skipped: maximum number of running instances reached (1)
2026-07-12 18:00:01,655 WARNING:apscheduler.scheduler:Execution of job "send_due_reminders (trigger: interval[0:00:01], next run at: 2026-07-12 18:00:01 UTC)" skipped: maximum number of running instances reached (1)
2026-07-12 18:00:02,654 WARNING:apscheduler.scheduler:Execution of job "send_due_reminders (trigger: interval[0:00:01], next run at: 2026-07-12 18:00:02 UTC)" skipped: maximum number of running instances reached (1)
2026-07-12 18:00:02,892 WARNING:SP4RK.reminders:DM closed for user 591297089686863872
2026-07-12 18:00:03,655 WARNING:apscheduler.scheduler:Execution of job "send_due_reminders (trigger: interval[0:00:01], next run at: 2026-07-12 18:00:03 UTC)" skipped: maximum number of running instances reached (1)
2026-07-12 18:00:04,656 WARNING:apscheduler.scheduler:Execution of job "send_due_reminders (trigger: interval[0:00:01], next run at: 2026-07-12 18:00:04 UTC)" skipped: maximum number of running instances reached (1)
2026-07-12 18:00:05,654 WARNING:apscheduler.scheduler:Execution of job "send_due_reminders (trigger: interval[0:00:01], next run at: 2026-07-12 18:00:05 UTC)" skipped: maximum number of running instances reached (1)
2026-07-12 18:00:06,655 WARNING:apscheduler.scheduler:Execution of job "send_due_reminders (trigger: interval[0:00:01], next run at: 2026-07-12 18:00:06 UTC)" skipped: maximum number of running instances reached (1)
2026-07-12 18:00:07,655 WARNING:apscheduler.scheduler:Execution of job "send_due_reminders (trigger: interval[0:00:01], next run at: 2026-07-12 18:00:07 UTC)" skipped: maximum number of running instances reached (1)
2026-07-12 18:00:08,655 WARNING:apscheduler.scheduler:Execution of job "send_due_reminders (trigger: interval[0:00:01], next run at: 2026-07-12 18:00:08 UTC)" skipped: maximum number of running instances reached (1)
2026-07-12 18:00:09,655 WARNING:apscheduler.scheduler:Execution of job "send_due_reminders (trigger: interval[0:00:01], next run at: 2026-07-12 18:00:09 UTC)" skipped: maximum number of running instances reached (1)
2026-07-12 18:00:10,655 WARNING:apscheduler.scheduler:Execution of job "send_due_reminders (trigger: interval[0:00:01], next run at: 2026-07-12 18:00:10 UTC)" skipped: maximum number of running instances reached (1)
2026-07-12 18:00:11,655 WARNING:apscheduler.scheduler:Execution of job "send_due_reminders (trigger: interval[0:00:01], next run at: 2026-07-12 18:00:11 UTC)" skipped: maximum number of running instances reached (1)
2026-07-12 18:00:12,656 WARNING:apscheduler.scheduler:Execution of job "send_due_reminders (trigger: interval[0:00:01], next run at: 2026-07-12 18:00:12 UTC)" skipped: maximum number of running instances reached (1)
2026-07-12 18:00:13,656 WARNING:apscheduler.scheduler:Execution of job "send_due_reminders (trigger: interval[0:00:01], next run at: 2026-07-12 18:00:13 UTC)" skipped: maximum number of running instances reached (1)
2026-07-12 18:00:14,655 WARNING:apscheduler.scheduler:Execution of job "send_due_reminders (trigger: interval[0:00:01], next run at: 2026-07-12 18:00:14 UTC)" skipped: maximum number of running instances reached (1)
2026-07-13 15:24:45,242 ERROR:discord.client:Attempting a reconnect in 1.00s
Traceback (most recent call last):
  File "/projects/sp4rk/.venv/lib/python3.12/site-packages/discord/client.py", line 664, in connect
    self.ws = await asyncio.wait_for(coro, timeout=60.0)
              ^^^^^^^^^^^^^^^^^^^^^^^^^^^^^^^^^^^^^^^^^^
  File "/usr/lib/python3.12/asyncio/tasks.py", line 520, in wait_for
    return await fut
           ^^^^^^^^^
  File "/projects/sp4rk/.venv/lib/python3.12/site-packages/discord/gateway.py", line 374, in from_client
    socket = await client.http.ws_connect(str(url))
             ^^^^^^^^^^^^^^^^^^^^^^^^^^^^^^^^^^^^^^
  File "/projects/sp4rk/.venv/lib/python3.12/site-packages/discord/http.py", line 550, in ws_connect
    return await self.__session.ws_connect(url, **kwargs)
           ^^^^^^^^^^^^^^^^^^^^^^^^^^^^^^^^^^^^^^^^^^^^^^
  File "/projects/sp4rk/.venv/lib/python3.12/site-packages/aiohttp/client.py", line 1261, in _ws_connect
    raise WSServerHandshakeError(
aiohttp.client_exceptions.WSServerHandshakeError: 503, message='Invalid response status', url='wss://gateway-us-east1-b.discord.gg/?v=10&encoding=json&compress=zlib-stream'
2026-07-13 15:24:46,408 ERROR:discord.client:Attempting a reconnect in 3.51s
Traceback (most recent call last):
  File "/projects/sp4rk/.venv/lib/python3.12/site-packages/discord/client.py", line 664, in connect
    self.ws = await asyncio.wait_for(coro, timeout=60.0)
              ^^^^^^^^^^^^^^^^^^^^^^^^^^^^^^^^^^^^^^^^^^
  File "/usr/lib/python3.12/asyncio/tasks.py", line 520, in wait_for
    return await fut
           ^^^^^^^^^
  File "/projects/sp4rk/.venv/lib/python3.12/site-packages/discord/gateway.py", line 374, in from_client
    socket = await client.http.ws_connect(str(url))
             ^^^^^^^^^^^^^^^^^^^^^^^^^^^^^^^^^^^^^^
  File "/projects/sp4rk/.venv/lib/python3.12/site-packages/discord/http.py", line 550, in ws_connect
    return await self.__session.ws_connect(url, **kwargs)
           ^^^^^^^^^^^^^^^^^^^^^^^^^^^^^^^^^^^^^^^^^^^^^^
  File "/projects/sp4rk/.venv/lib/python3.12/site-packages/aiohttp/client.py", line 1261, in _ws_connect
    raise WSServerHandshakeError(
aiohttp.client_exceptions.WSServerHandshakeError: 503, message='Invalid response status', url='wss://gateway-us-east1-b.discord.gg/?v=10&encoding=json&compress=zlib-stream'
2026-07-13 15:24:50,071 ERROR:discord.client:Attempting a reconnect in 0.91s
Traceback (most recent call last):
  File "/projects/sp4rk/.venv/lib/python3.12/site-packages/discord/client.py", line 664, in connect
    self.ws = await asyncio.wait_for(coro, timeout=60.0)
              ^^^^^^^^^^^^^^^^^^^^^^^^^^^^^^^^^^^^^^^^^^
  File "/usr/lib/python3.12/asyncio/tasks.py", line 520, in wait_for
    return await fut
           ^^^^^^^^^
  File "/projects/sp4rk/.venv/lib/python3.12/site-packages/discord/gateway.py", line 374, in from_client
    socket = await client.http.ws_connect(str(url))
             ^^^^^^^^^^^^^^^^^^^^^^^^^^^^^^^^^^^^^^
  File "/projects/sp4rk/.venv/lib/python3.12/site-packages/discord/http.py", line 550, in ws_connect
    return await self.__session.ws_connect(url, **kwargs)
           ^^^^^^^^^^^^^^^^^^^^^^^^^^^^^^^^^^^^^^^^^^^^^^
  File "/projects/sp4rk/.venv/lib/python3.12/site-packages/aiohttp/client.py", line 1261, in _ws_connect
    raise WSServerHandshakeError(
aiohttp.client_exceptions.WSServerHandshakeError: 503, message='Invalid response status', url='wss://gateway-us-east1-b.discord.gg/?v=10&encoding=json&compress=zlib-stream'
2026-07-13 15:24:51,128 ERROR:discord.client:Attempting a reconnect in 0.45s
Traceback (most recent call last):
  File "/projects/sp4rk/.venv/lib/python3.12/site-packages/discord/client.py", line 664, in connect
    self.ws = await asyncio.wait_for(coro, timeout=60.0)
              ^^^^^^^^^^^^^^^^^^^^^^^^^^^^^^^^^^^^^^^^^^
  File "/usr/lib/python3.12/asyncio/tasks.py", line 520, in wait_for
    return await fut
           ^^^^^^^^^
  File "/projects/sp4rk/.venv/lib/python3.12/site-packages/discord/gateway.py", line 374, in from_client
    socket = await client.http.ws_connect(str(url))
             ^^^^^^^^^^^^^^^^^^^^^^^^^^^^^^^^^^^^^^
  File "/projects/sp4rk/.venv/lib/python3.12/site-packages/discord/http.py", line 550, in ws_connect
    return await self.__session.ws_connect(url, **kwargs)
           ^^^^^^^^^^^^^^^^^^^^^^^^^^^^^^^^^^^^^^^^^^^^^^
  File "/projects/sp4rk/.venv/lib/python3.12/site-packages/aiohttp/client.py", line 1261, in _ws_connect
    raise WSServerHandshakeError(
aiohttp.client_exceptions.WSServerHandshakeError: 503, message='Invalid response status', url='wss://gateway-us-east1-b.discord.gg/?v=10&encoding=json&compress=zlib-stream'
2026-07-13 17:20:01,655 WARNING:apscheduler.scheduler:Execution of job "send_due_reminders (trigger: interval[0:00:01], next run at: 2026-07-13 17:20:01 UTC)" skipped: maximum number of running instances reached (1)
2026-07-13 17:20:02,061 WARNING:SP4RK.reminders:DM closed for user 591297089686863872
2026-07-13 17:20:02,654 WARNING:apscheduler.scheduler:Execution of job "send_due_reminders (trigger: interval[0:00:01], next run at: 2026-07-13 17:20:02 UTC)" skipped: maximum number of running instances reached (1)
2026-07-13 17:20:03,654 WARNING:apscheduler.scheduler:Execution of job "send_due_reminders (trigger: interval[0:00:01], next run at: 2026-07-13 17:20:03 UTC)" skipped: maximum number of running instances reached (1)
2026-07-13 17:20:04,654 WARNING:apscheduler.scheduler:Execution of job "send_due_reminders (trigger: interval[0:00:01], next run at: 2026-07-13 17:20:04 UTC)" skipped: maximum number of running instances reached (1)
2026-07-13 17:20:05,654 WARNING:apscheduler.scheduler:Execution of job "send_due_reminders (trigger: interval[0:00:01], next run at: 2026-07-13 17:20:05 UTC)" skipped: maximum number of running instances reached (1)
2026-07-13 17:20:06,655 WARNING:apscheduler.scheduler:Execution of job "send_due_reminders (trigger: interval[0:00:01], next run at: 2026-07-13 17:20:06 UTC)" skipped: maximum number of running instances reached (1)
2026-07-13 17:20:07,654 WARNING:apscheduler.scheduler:Execution of job "send_due_reminders (trigger: interval[0:00:01], next run at: 2026-07-13 17:20:07 UTC)" skipped: maximum number of running instances reached (1)
2026-07-13 17:20:08,655 WARNING:apscheduler.scheduler:Execution of job "send_due_reminders (trigger: interval[0:00:01], next run at: 2026-07-13 17:20:08 UTC)" skipped: maximum number of running instances reached (1)
2026-07-13 17:20:09,654 WARNING:apscheduler.scheduler:Execution of job "send_due_reminders (trigger: interval[0:00:01], next run at: 2026-07-13 17:20:09 UTC)" skipped: maximum number of running instances reached (1)
2026-07-13 17:20:10,655 WARNING:apscheduler.scheduler:Execution of job "send_due_reminders (trigger: interval[0:00:01], next run at: 2026-07-13 17:20:10 UTC)" skipped: maximum number of running instances reached (1)
2026-07-15 16:50:01,656 WARNING:apscheduler.scheduler:Execution of job "send_due_reminders (trigger: interval[0:00:01], next run at: 2026-07-15 16:50:01 UTC)" skipped: maximum number of running instances reached (1)
2026-07-15 16:50:02,032 WARNING:SP4RK.reminders:DM closed for user 591297089686863872
2026-07-15 16:50:02,655 WARNING:apscheduler.scheduler:Execution of job "send_due_reminders (trigger: interval[0:00:01], next run at: 2026-07-15 16:50:02 UTC)" skipped: maximum number of running instances reached (1)
2026-07-17 17:20:01,654 WARNING:apscheduler.scheduler:Execution of job "send_due_reminders (trigger: interval[0:00:01], next run at: 2026-07-17 17:20:01 UTC)" skipped: maximum number of running instances reached (1)
2026-07-17 17:20:02,651 WARNING:SP4RK.reminders:DM closed for user 591297089686863872
2026-07-17 17:20:02,654 WARNING:apscheduler.scheduler:Execution of job "send_due_reminders (trigger: interval[0:00:01], next run at: 2026-07-17 17:20:02 UTC)" skipped: maximum number of running instances reached (1)
2026-07-17 17:20:03,655 WARNING:apscheduler.scheduler:Execution of job "send_due_reminders (trigger: interval[0:00:01], next run at: 2026-07-17 17:20:03 UTC)" skipped: maximum number of running instances reached (1)
2026-07-17 17:20:04,654 WARNING:apscheduler.scheduler:Execution of job "send_due_reminders (trigger: interval[0:00:01], next run at: 2026-07-17 17:20:04 UTC)" skipped: maximum number of running instances reached (1)
2026-07-17 17:20:05,655 WARNING:apscheduler.scheduler:Execution of job "send_due_reminders (trigger: interval[0:00:01], next run at: 2026-07-17 17:20:05 UTC)" skipped: maximum number of running instances reached (1)
2026-07-18 18:00:01,655 WARNING:apscheduler.scheduler:Execution of job "send_due_reminders (trigger: interval[0:00:01], next run at: 2026-07-18 18:00:01 UTC)" skipped: maximum number of running instances reached (1)
2026-07-18 18:00:02,655 WARNING:apscheduler.scheduler:Execution of job "send_due_reminders (trigger: interval[0:00:01], next run at: 2026-07-18 18:00:02 UTC)" skipped: maximum number of running instances reached (1)
2026-07-18 18:00:02,951 WARNING:SP4RK.reminders:DM closed for user 591297089686863872
2026-07-18 18:00:03,655 WARNING:apscheduler.scheduler:Execution of job "send_due_reminders (trigger: interval[0:00:01], next run at: 2026-07-18 18:00:03 UTC)" skipped: maximum number of running instances reached (1)
2026-07-18 18:00:04,655 WARNING:apscheduler.scheduler:Execution of job "send_due_reminders (trigger: interval[0:00:01], next run at: 2026-07-18 18:00:04 UTC)" skipped: maximum number of running instances reached (1)
2026-07-18 18:00:05,654 WARNING:apscheduler.scheduler:Execution of job "send_due_reminders (trigger: interval[0:00:01], next run at: 2026-07-18 18:00:05 UTC)" skipped: maximum number of running instances reached (1)
2026-07-18 18:00:06,654 WARNING:apscheduler.scheduler:Execution of job "send_due_reminders (trigger: interval[0:00:01], next run at: 2026-07-18 18:00:06 UTC)" skipped: maximum number of running instances reached (1)
2026-07-18 18:00:07,656 WARNING:apscheduler.scheduler:Execution of job "send_due_reminders (trigger: interval[0:00:01], next run at: 2026-07-18 18:00:07 UTC)" skipped: maximum number of running instances reached (1)
2026-07-18 18:00:08,655 WARNING:apscheduler.scheduler:Execution of job "send_due_reminders (trigger: interval[0:00:01], next run at: 2026-07-18 18:00:08 UTC)" skipped: maximum number of running instances reached (1)
2026-07-18 18:00:09,654 WARNING:apscheduler.scheduler:Execution of job "send_due_reminders (trigger: interval[0:00:01], next run at: 2026-07-18 18:00:09 UTC)" skipped: maximum number of running instances reached (1)
2026-07-19 14:50:01,655 WARNING:apscheduler.scheduler:Execution of job "send_due_reminders (trigger: interval[0:00:01], next run at: 2026-07-19 14:50:01 UTC)" skipped: maximum number of running instances reached (1)
2026-07-19 14:50:02,656 WARNING:apscheduler.scheduler:Execution of job "send_due_reminders (trigger: interval[0:00:01], next run at: 2026-07-19 14:50:02 UTC)" skipped: maximum number of running instances reached (1)
2026-07-19 14:50:02,693 WARNING:SP4RK.reminders:DM closed for user 591297089686863872
2026-07-19 14:50:03,655 WARNING:apscheduler.scheduler:Execution of job "send_due_reminders (trigger: interval[0:00:01], next run at: 2026-07-19 14:50:03 UTC)" skipped: maximum number of running instances reached (1)
2026-07-19 14:50:04,654 WARNING:apscheduler.scheduler:Execution of job "send_due_reminders (trigger: interval[0:00:01], next run at: 2026-07-19 14:50:04 UTC)" skipped: maximum number of running instances reached (1)
2026-07-19 14:50:05,655 WARNING:apscheduler.scheduler:Execution of job "send_due_reminders (trigger: interval[0:00:01], next run at: 2026-07-19 14:50:05 UTC)" skipped: maximum number of running instances reached (1)
2026-07-19 14:50:06,655 WARNING:apscheduler.scheduler:Execution of job "send_due_reminders (trigger: interval[0:00:01], next run at: 2026-07-19 14:50:06 UTC)" skipped: maximum number of running instances reached (1)
2026-07-19 18:00:01,656 WARNING:apscheduler.scheduler:Execution of job "send_due_reminders (trigger: interval[0:00:01], next run at: 2026-07-19 18:00:01 UTC)" skipped: maximum number of running instances reached (1)
2026-07-19 18:00:02,655 WARNING:apscheduler.scheduler:Execution of job "send_due_reminders (trigger: interval[0:00:01], next run at: 2026-07-19 18:00:02 UTC)" skipped: maximum number of running instances reached (1)
2026-07-19 18:00:03,655 WARNING:apscheduler.scheduler:Execution of job "send_due_reminders (trigger: interval[0:00:01], next run at: 2026-07-19 18:00:03 UTC)" skipped: maximum number of running instances reached (1)
2026-07-19 18:00:04,503 WARNING:SP4RK.reminders:DM closed for user 591297089686863872
2026-07-19 18:00:04,655 WARNING:apscheduler.scheduler:Execution of job "send_due_reminders (trigger: interval[0:00:01], next run at: 2026-07-19 18:00:04 UTC)" skipped: maximum number of running instances reached (1)
2026-07-19 18:00:05,655 WARNING:apscheduler.scheduler:Execution of job "send_due_reminders (trigger: interval[0:00:01], next run at: 2026-07-19 18:00:05 UTC)" skipped: maximum number of running instances reached (1)
2026-07-19 18:00:06,655 WARNING:apscheduler.scheduler:Execution of job "send_due_reminders (trigger: interval[0:00:01], next run at: 2026-07-19 18:00:06 UTC)" skipped: maximum number of running instances reached (1)
2026-07-19 18:00:07,655 WARNING:apscheduler.scheduler:Execution of job "send_due_reminders (trigger: interval[0:00:01], next run at: 2026-07-19 18:00:07 UTC)" skipped: maximum number of running instances reached (1)
2026-07-19 18:00:08,654 WARNING:apscheduler.scheduler:Execution of job "send_due_reminders (trigger: interval[0:00:01], next run at: 2026-07-19 18:00:08 UTC)" skipped: maximum number of running instances reached (1)
2026-07-19 18:00:09,655 WARNING:apscheduler.scheduler:Execution of job "send_due_reminders (trigger: interval[0:00:01], next run at: 2026-07-19 18:00:09 UTC)" skipped: maximum number of running instances reached (1)
2026-07-19 18:00:10,656 WARNING:apscheduler.scheduler:Execution of job "send_due_reminders (trigger: interval[0:00:01], next run at: 2026-07-19 18:00:10 UTC)" skipped: maximum number of running instances reached (1)
2026-07-19 18:00:11,655 WARNING:apscheduler.scheduler:Execution of job "send_due_reminders (trigger: interval[0:00:01], next run at: 2026-07-19 18:00:11 UTC)" skipped: maximum number of running instances reached (1)
2026-07-19 18:00:12,654 WARNING:apscheduler.scheduler:Execution of job "send_due_reminders (trigger: interval[0:00:01], next run at: 2026-07-19 18:00:12 UTC)" skipped: maximum number of running instances reached (1)
2026-07-19 18:00:13,655 WARNING:apscheduler.scheduler:Execution of job "send_due_reminders (trigger: interval[0:00:01], next run at: 2026-07-19 18:00:13 UTC)" skipped: maximum number of running instances reached (1)
2026-07-19 18:00:14,655 WARNING:apscheduler.scheduler:Execution of job "send_due_reminders (trigger: interval[0:00:01], next run at: 2026-07-19 18:00:14 UTC)" skipped: maximum number of running instances reached (1)
2026-07-20 17:20:01,655 WARNING:apscheduler.scheduler:Execution of job "send_due_reminders (trigger: interval[0:00:01], next run at: 2026-07-20 17:20:01 UTC)" skipped: maximum number of running instances reached (1)
2026-07-20 17:20:02,654 WARNING:apscheduler.scheduler:Execution of job "send_due_reminders (trigger: interval[0:00:01], next run at: 2026-07-20 17:20:02 UTC)" skipped: maximum number of running instances reached (1)
2026-07-20 17:20:03,655 WARNING:apscheduler.scheduler:Execution of job "send_due_reminders (trigger: interval[0:00:01], next run at: 2026-07-20 17:20:03 UTC)" skipped: maximum number of running instances reached (1)
2026-07-20 17:20:03,799 WARNING:SP4RK.reminders:DM closed for user 591297089686863872
2026-07-20 17:20:04,655 WARNING:apscheduler.scheduler:Execution of job "send_due_reminders (trigger: interval[0:00:01], next run at: 2026-07-20 17:20:04 UTC)" skipped: maximum number of running instances reached (1)
2026-07-20 17:20:05,656 WARNING:apscheduler.scheduler:Execution of job "send_due_reminders (trigger: interval[0:00:01], next run at: 2026-07-20 17:20:05 UTC)" skipped: maximum number of running instances reached (1)
2026-07-20 17:20:06,655 WARNING:apscheduler.scheduler:Execution of job "send_due_reminders (trigger: interval[0:00:01], next run at: 2026-07-20 17:20:06 UTC)" skipped: maximum number of running instances reached (1)
2026-07-20 17:20:07,655 WARNING:apscheduler.scheduler:Execution of job "send_due_reminders (trigger: interval[0:00:01], next run at: 2026-07-20 17:20:07 UTC)" skipped: maximum number of running instances reached (1)
2026-07-23 16:30:01,656 WARNING:apscheduler.scheduler:Execution of job "send_due_reminders (trigger: interval[0:00:01], next run at: 2026-07-23 16:30:01 UTC)" skipped: maximum number of running instances reached (1)
2026-07-23 16:30:02,655 WARNING:apscheduler.scheduler:Execution of job "send_due_reminders (trigger: interval[0:00:01], next run at: 2026-07-23 16:30:02 UTC)" skipped: maximum number of running instances reached (1)
2026-07-23 16:30:03,656 WARNING:apscheduler.scheduler:Execution of job "send_due_reminders (trigger: interval[0:00:01], next run at: 2026-07-23 16:30:03 UTC)" skipped: maximum number of running instances reached (1)
2026-07-23 16:30:04,654 WARNING:apscheduler.scheduler:Execution of job "send_due_reminders (trigger: interval[0:00:01], next run at: 2026-07-23 16:30:04 UTC)" skipped: maximum number of running instances reached (1)
2026-07-23 16:30:05,655 WARNING:apscheduler.scheduler:Execution of job "send_due_reminders (trigger: interval[0:00:01], next run at: 2026-07-23 16:30:05 UTC)" skipped: maximum number of running instances reached (1)
2026-07-23 16:30:06,654 WARNING:apscheduler.scheduler:Execution of job "send_due_reminders (trigger: interval[0:00:01], next run at: 2026-07-23 16:30:06 UTC)" skipped: maximum number of running instances reached (1)
2026-07-23 16:30:07,655 WARNING:apscheduler.scheduler:Execution of job "send_due_reminders (trigger: interval[0:00:01], next run at: 2026-07-23 16:30:07 UTC)" skipped: maximum number of running instances reached (1)
2026-07-23 16:30:08,654 WARNING:apscheduler.scheduler:Execution of job "send_due_reminders (trigger: interval[0:00:01], next run at: 2026-07-23 16:30:08 UTC)" skipped: maximum number of running instances reached (1)
2026-07-23 16:30:09,655 WARNING:apscheduler.scheduler:Execution of job "send_due_reminders (trigger: interval[0:00:01], next run at: 2026-07-23 16:30:09 UTC)" skipped: maximum number of running instances reached (1)
2026-07-23 16:30:10,654 WARNING:apscheduler.scheduler:Execution of job "send_due_reminders (trigger: interval[0:00:01], next run at: 2026-07-23 16:30:10 UTC)" skipped: maximum number of running instances reached (1)
2026-07-23 16:30:11,654 WARNING:apscheduler.scheduler:Execution of job "send_due_reminders (trigger: interval[0:00:01], next run at: 2026-07-23 16:30:11 UTC)" skipped: maximum number of running instances reached (1)
2026-07-26 16:50:01,655 WARNING:apscheduler.scheduler:Execution of job "send_due_reminders (trigger: interval[0:00:01], next run at: 2026-07-26 16:50:01 UTC)" skipped: maximum number of running instances reached (1)
2026-07-26 16:50:02,655 WARNING:apscheduler.scheduler:Execution of job "send_due_reminders (trigger: interval[0:00:01], next run at: 2026-07-26 16:50:02 UTC)" skipped: maximum number of running instances reached (1)
2026-07-26 16:50:03,287 WARNING:SP4RK.reminders:DM closed for user 591297089686863872
2026-07-26 16:50:03,655 WARNING:apscheduler.scheduler:Execution of job "send_due_reminders (trigger: interval[0:00:01], next run at: 2026-07-26 16:50:03 UTC)" skipped: maximum number of running instances reached (1)
2026-07-26 16:50:04,654 WARNING:apscheduler.scheduler:Execution of job "send_due_reminders (trigger: interval[0:00:01], next run at: 2026-07-26 16:50:04 UTC)" skipped: maximum number of running instances reached (1)
2026-07-26 20:50:01,655 WARNING:apscheduler.scheduler:Execution of job "send_due_reminders (trigger: interval[0:00:01], next run at: 2026-07-26 20:50:01 UTC)" skipped: maximum number of running instances reached (1)
2026-07-26 20:50:02,655 WARNING:apscheduler.scheduler:Execution of job "send_due_reminders (trigger: interval[0:00:01], next run at: 2026-07-26 20:50:02 UTC)" skipped: maximum number of running instances reached (1)
2026-07-26 20:50:03,654 WARNING:apscheduler.scheduler:Execution of job "send_due_reminders (trigger: interval[0:00:01], next run at: 2026-07-26 20:50:03 UTC)" skipped: maximum number of running instances reached (1)
2026-07-26 20:50:04,307 WARNING:SP4RK.reminders:DM closed for user 591297089686863872
2026-07-26 20:50:04,655 WARNING:apscheduler.scheduler:Execution of job "send_due_reminders (trigger: interval[0:00:01], next run at: 2026-07-26 20:50:04 UTC)" skipped: maximum number of running instances reached (1)
2026-07-26 20:50:05,654 WARNING:apscheduler.scheduler:Execution of job "send_due_reminders (trigger: interval[0:00:01], next run at: 2026-07-26 20:50:05 UTC)" skipped: maximum number of running instances reached (1)
2026-07-26 20:50:06,654 WARNING:apscheduler.scheduler:Execution of job "send_due_reminders (trigger: interval[0:00:01], next run at: 2026-07-26 20:50:06 UTC)" skipped: maximum number of running instances reached (1)
2026-07-26 20:50:07,654 WARNING:apscheduler.scheduler:Execution of job "send_due_reminders (trigger: interval[0:00:01], next run at: 2026-07-26 20:50:07 UTC)" skipped: maximum number of running instances reached (1)
2026-07-30 17:20:01,655 WARNING:apscheduler.scheduler:Execution of job "send_due_reminders (trigger: interval[0:00:01], next run at: 2026-07-30 17:20:01 UTC)" skipped: maximum number of running instances reached (1)
2026-07-30 17:20:02,654 WARNING:apscheduler.scheduler:Execution of job "send_due_reminders (trigger: interval[0:00:01], next run at: 2026-07-30 17:20:02 UTC)" skipped: maximum number of running instances reached (1)
2026-07-30 17:20:03,655 WARNING:apscheduler.scheduler:Execution of job "send_due_reminders (trigger: interval[0:00:01], next run at: 2026-07-30 17:20:03 UTC)" skipped: maximum number of running instances reached (1)
2026-07-30 17:20:04,079 WARNING:SP4RK.reminders:DM closed for user 591297089686863872
2026-07-30 17:20:04,655 WARNING:apscheduler.scheduler:Execution of job "send_due_reminders (trigger: interval[0:00:01], next run at: 2026-07-30 17:20:04 UTC)" skipped: maximum number of running instances reached (1)
2026-07-30 17:20:05,655 WARNING:apscheduler.scheduler:Execution of job "send_due_reminders (trigger: interval[0:00:01], next run at: 2026-07-30 17:20:05 UTC)" skipped: maximum number of running instances reached (1)
2026-08-01 18:18:00,065 WARNING:discord.ext.commands.bot:Privileged message content intent is missing, commands may not work as expected.
2026-08-02 18:00:01,297 WARNING:apscheduler.scheduler:Execution of job "send_due_reminders (trigger: interval[0:00:01], next run at: 2026-08-02 18:00:01 UTC)" skipped: maximum number of running instances reached (1)
2026-08-02 18:00:01,577 WARNING:SP4RK.reminders:DM closed for user 591297089686863872
2026-08-02 18:00:02,297 WARNING:apscheduler.scheduler:Execution of job "send_due_reminders (trigger: interval[0:00:01], next run at: 2026-08-02 18:00:02 UTC)" skipped: maximum number of running instances reached (1)
2026-08-02 18:00:03,297 WARNING:apscheduler.scheduler:Execution of job "send_due_reminders (trigger: interval[0:00:01], next run at: 2026-08-02 18:00:03 UTC)" skipped: maximum number of running instances reached (1)
2026-08-02 18:00:04,297 WARNING:apscheduler.scheduler:Execution of job "send_due_reminders (trigger: interval[0:00:01], next run at: 2026-08-02 18:00:04 UTC)" skipped: maximum number of running instances reached (1)
2026-08-02 18:00:05,297 WARNING:apscheduler.scheduler:Execution of job "send_due_reminders (trigger: interval[0:00:01], next run at: 2026-08-02 18:00:05 UTC)" skipped: maximum number of running instances reached (1)
2026-08-02 18:00:06,296 WARNING:apscheduler.scheduler:Execution of job "send_due_reminders (trigger: interval[0:00:01], next run at: 2026-08-02 18:00:06 UTC)" skipped: maximum number of running instances reached (1)
2026-08-02 18:00:07,297 WARNING:apscheduler.scheduler:Execution of job "send_due_reminders (trigger: interval[0:00:01], next run at: 2026-08-02 18:00:07 UTC)" skipped: maximum number of running instances reached (1)
2026-08-02 18:00:08,297 WARNING:apscheduler.scheduler:Execution of job "send_due_reminders (trigger: interval[0:00:01], next run at: 2026-08-02 18:00:08 UTC)" skipped: maximum number of running instances reached (1)
2026-08-02 18:00:09,296 WARNING:apscheduler.scheduler:Execution of job "send_due_reminders (trigger: interval[0:00:01], next run at: 2026-08-02 18:00:09 UTC)" skipped: maximum number of running instances reached (1)
2026-08-02 18:00:10,297 WARNING:apscheduler.scheduler:Execution of job "send_due_reminders (trigger: interval[0:00:01], next run at: 2026-08-02 18:00:10 UTC)" skipped: maximum number of running instances reached (1)
2026-08-02 18:00:11,296 WARNING:apscheduler.scheduler:Execution of job "send_due_reminders (trigger: interval[0:00:01], next run at: 2026-08-02 18:00:11 UTC)" skipped: maximum number of running instances reached (1)
2026-08-03 10:14:52,413 ERROR:SP4RK.ui:Class signup select failed: NotFound
Traceback (most recent call last):
  File "/projects/sp4rk/app/bot/ui.py", line 77, in callback
    await self._callback_impl(interaction)
  File "/projects/sp4rk/app/bot/ui.py", line 158, in _callback_impl
    await interaction.response.edit_message(content=text, embed=None, view=None)
  File "/projects/sp4rk/.venv/lib/python3.12/site-packages/discord/interactions.py", line 990, in edit_message
    await adapter.create_interaction_response(
  File "/projects/sp4rk/.venv/lib/python3.12/site-packages/discord/webhook/async_.py", line 221, in request
    raise NotFound(response, data)
discord.errors.NotFound: 404 Not Found (error code: 10062): Unknown interaction
2026-08-03 14:35:07,954 ERROR:discord.ui.view:Ignoring exception in view <SignupView timeout=None children=7> for item <LeaveButton style=<ButtonStyle.danger: 4> url=None disabled=False label='Отменить запись' emoji=<PartialEmoji animated=False name='✖️' id=None> row=None sku_id=None>
Traceback (most recent call last):
  File "/projects/sp4rk/.venv/lib/python3.12/site-packages/discord/ui/view.py", line 430, in _scheduled_task
    await item.callback(interaction)
  File "/projects/sp4rk/app/bot/ui.py", line 312, in callback
    await interaction.response.send_message(text, ephemeral=True, delete_after=EPHEMERAL_DELETE_AFTER)
  File "/projects/sp4rk/app/bot/ephemeral.py", line 89, in patched_send_message
    result = await original_send_message(self, *args, **kwargs)
             ^^^^^^^^^^^^^^^^^^^^^^^^^^^^^^^^^^^^^^^^^^^^^^^^^^
  File "/projects/sp4rk/.venv/lib/python3.12/site-packages/discord/interactions.py", line 855, in send_message
    await adapter.create_interaction_response(
  File "/projects/sp4rk/.venv/lib/python3.12/site-packages/discord/webhook/async_.py", line 221, in request
    raise NotFound(response, data)
discord.errors.NotFound: 404 Not Found (error code: 10062): Unknown interaction
2026-08-03 17:20:01,298 WARNING:apscheduler.scheduler:Execution of job "send_due_reminders (trigger: interval[0:00:01], next run at: 2026-08-03 17:20:01 UTC)" skipped: maximum number of running instances reached (1)
2026-08-03 17:20:02,297 WARNING:apscheduler.scheduler:Execution of job "send_due_reminders (trigger: interval[0:00:01], next run at: 2026-08-03 17:20:02 UTC)" skipped: maximum number of running instances reached (1)
2026-08-03 17:20:03,297 WARNING:apscheduler.scheduler:Execution of job "send_due_reminders (trigger: interval[0:00:01], next run at: 2026-08-03 17:20:03 UTC)" skipped: maximum number of running instances reached (1)
2026-08-03 17:20:04,296 WARNING:apscheduler.scheduler:Execution of job "send_due_reminders (trigger: interval[0:00:01], next run at: 2026-08-03 17:20:04 UTC)" skipped: maximum number of running instances reached (1)
2026-08-03 17:20:05,298 WARNING:apscheduler.scheduler:Execution of job "send_due_reminders (trigger: interval[0:00:01], next run at: 2026-08-03 17:20:05 UTC)" skipped: maximum number of running instances reached (1)
2026-08-03 17:20:06,297 WARNING:apscheduler.scheduler:Execution of job "send_due_reminders (trigger: interval[0:00:01], next run at: 2026-08-03 17:20:06 UTC)" skipped: maximum number of running instances reached (1)
2026-08-03 17:20:07,299 WARNING:apscheduler.scheduler:Execution of job "send_due_reminders (trigger: interval[0:00:01], next run at: 2026-08-03 17:20:07 UTC)" skipped: maximum number of running instances reached (1)
2026-08-03 17:20:08,298 WARNING:apscheduler.scheduler:Execution of job "send_due_reminders (trigger: interval[0:00:01], next run at: 2026-08-03 17:20:08 UTC)" skipped: maximum number of running instances reached (1)
2026-08-03 17:20:09,296 WARNING:apscheduler.scheduler:Execution of job "send_due_reminders (trigger: interval[0:00:01], next run at: 2026-08-03 17:20:09 UTC)" skipped: maximum number of running instances reached (1)
2026-08-03 17:20:10,296 WARNING:apscheduler.scheduler:Execution of job "send_due_reminders (trigger: interval[0:00:01], next run at: 2026-08-03 17:20:10 UTC)" skipped: maximum number of running instances reached (1)
2026-08-03 17:20:10,629 WARNING:SP4RK.reminders:DM closed for user 591297089686863872
2026-08-03 17:20:11,297 WARNING:apscheduler.scheduler:Execution of job "send_due_reminders (trigger: interval[0:00:01], next run at: 2026-08-03 17:20:11 UTC)" skipped: maximum number of running instances reached (1)
2026-08-03 17:20:12,297 WARNING:apscheduler.scheduler:Execution of job "send_due_reminders (trigger: interval[0:00:01], next run at: 2026-08-03 17:20:12 UTC)" skipped: maximum number of running instances reached (1)
2026-08-03 17:20:13,296 WARNING:apscheduler.scheduler:Execution of job "send_due_reminders (trigger: interval[0:00:01], next run at: 2026-08-03 17:20:13 UTC)" skipped: maximum number of running instances reached (1)
2026-08-03 17:20:14,297 WARNING:apscheduler.scheduler:Execution of job "send_due_reminders (trigger: interval[0:00:01], next run at: 2026-08-03 17:20:14 UTC)" skipped: maximum number of running instances reached (1)
2026-08-03 17:20:15,297 WARNING:apscheduler.scheduler:Execution of job "send_due_reminders (trigger: interval[0:00:01], next run at: 2026-08-03 17:20:15 UTC)" skipped: maximum number of running instances reached (1)
2026-08-08 18:00:01,296 WARNING:apscheduler.scheduler:Execution of job "send_due_reminders (trigger: interval[0:00:01], next run at: 2026-08-08 18:00:01 UTC)" skipped: maximum number of running instances reached (1)
2026-08-08 18:00:02,297 WARNING:apscheduler.scheduler:Execution of job "send_due_reminders (trigger: interval[0:00:01], next run at: 2026-08-08 18:00:02 UTC)" skipped: maximum number of running instances reached (1)
2026-08-08 18:00:02,675 WARNING:SP4RK.reminders:DM closed for user 591297089686863872
2026-08-08 18:00:03,296 WARNING:apscheduler.scheduler:Execution of job "send_due_reminders (trigger: interval[0:00:01], next run at: 2026-08-08 18:00:03 UTC)" skipped: maximum number of running instances reached (1)
2026-08-08 18:00:04,297 WARNING:apscheduler.scheduler:Execution of job "send_due_reminders (trigger: interval[0:00:01], next run at: 2026-08-08 18:00:04 UTC)" skipped: maximum number of running instances reached (1)
2026-08-08 18:00:05,297 WARNING:apscheduler.scheduler:Execution of job "send_due_reminders (trigger: interval[0:00:01], next run at: 2026-08-08 18:00:05 UTC)" skipped: maximum number of running instances reached (1)
2026-08-08 18:00:06,297 WARNING:apscheduler.scheduler:Execution of job "send_due_reminders (trigger: interval[0:00:01], next run at: 2026-08-08 18:00:06 UTC)" skipped: maximum number of running instances reached (1)
2026-08-08 18:00:07,297 WARNING:apscheduler.scheduler:Execution of job "send_due_reminders (trigger: interval[0:00:01], next run at: 2026-08-08 18:00:07 UTC)" skipped: maximum number of running instances reached (1)
2026-08-08 18:00:08,297 WARNING:apscheduler.scheduler:Execution of job "send_due_reminders (trigger: interval[0:00:01], next run at: 2026-08-08 18:00:08 UTC)" skipped: maximum number of running instances reached (1)
2026-08-08 18:00:09,297 WARNING:apscheduler.scheduler:Execution of job "send_due_reminders (trigger: interval[0:00:01], next run at: 2026-08-08 18:00:09 UTC)" skipped: maximum number of running instances reached (1)
2026-08-08 18:00:10,296 WARNING:apscheduler.scheduler:Execution of job "send_due_reminders (trigger: interval[0:00:01], next run at: 2026-08-08 18:00:10 UTC)" skipped: maximum number of running instances reached (1)
2026-08-08 18:00:11,297 WARNING:apscheduler.scheduler:Execution of job "send_due_reminders (trigger: interval[0:00:01], next run at: 2026-08-08 18:00:11 UTC)" skipped: maximum number of running instances reached (1)
2026-08-08 18:00:12,297 WARNING:apscheduler.scheduler:Execution of job "send_due_reminders (trigger: interval[0:00:01], next run at: 2026-08-08 18:00:12 UTC)" skipped: maximum number of running instances reached (1)
2026-08-08 18:00:13,297 WARNING:apscheduler.scheduler:Execution of job "send_due_reminders (trigger: interval[0:00:01], next run at: 2026-08-08 18:00:13 UTC)" skipped: maximum number of running instances reached (1)
2026-08-08 18:00:14,297 WARNING:apscheduler.scheduler:Execution of job "send_due_reminders (trigger: interval[0:00:01], next run at: 2026-08-08 18:00:14 UTC)" skipped: maximum number of running instances reached (1)
2026-08-08 18:00:15,296 WARNING:apscheduler.scheduler:Execution of job "send_due_reminders (trigger: interval[0:00:01], next run at: 2026-08-08 18:00:15 UTC)" skipped: maximum number of running instances reached (1)
2026-08-08 18:00:16,296 WARNING:apscheduler.scheduler:Execution of job "send_due_reminders (trigger: interval[0:00:01], next run at: 2026-08-08 18:00:16 UTC)" skipped: maximum number of running instances reached (1)
2026-08-08 18:00:17,297 WARNING:apscheduler.scheduler:Execution of job "send_due_reminders (trigger: interval[0:00:01], next run at: 2026-08-08 18:00:17 UTC)" skipped: maximum number of running instances reached (1)
2026-08-09 18:00:01,297 WARNING:apscheduler.scheduler:Execution of job "send_due_reminders (trigger: interval[0:00:01], next run at: 2026-08-09 18:00:01 UTC)" skipped: maximum number of running instances reached (1)
2026-08-09 18:00:02,298 WARNING:apscheduler.scheduler:Execution of job "send_due_reminders (trigger: interval[0:00:01], next run at: 2026-08-09 18:00:02 UTC)" skipped: maximum number of running instances reached (1)
2026-08-09 18:00:03,296 WARNING:apscheduler.scheduler:Execution of job "send_due_reminders (trigger: interval[0:00:01], next run at: 2026-08-09 18:00:03 UTC)" skipped: maximum number of running instances reached (1)
2026-08-09 18:00:04,296 WARNING:apscheduler.scheduler:Execution of job "send_due_reminders (trigger: interval[0:00:01], next run at: 2026-08-09 18:00:04 UTC)" skipped: maximum number of running instances reached (1)
2026-08-09 18:00:04,789 WARNING:SP4RK.reminders:DM closed for user 591297089686863872
2026-08-09 18:00:05,296 WARNING:apscheduler.scheduler:Execution of job "send_due_reminders (trigger: interval[0:00:01], next run at: 2026-08-09 18:00:05 UTC)" skipped: maximum number of running instances reached (1)
2026-08-09 18:00:06,298 WARNING:apscheduler.scheduler:Execution of job "send_due_reminders (trigger: interval[0:00:01], next run at: 2026-08-09 18:00:06 UTC)" skipped: maximum number of running instances reached (1)
2026-08-09 18:00:07,296 WARNING:apscheduler.scheduler:Execution of job "send_due_reminders (trigger: interval[0:00:01], next run at: 2026-08-09 18:00:07 UTC)" skipped: maximum number of running instances reached (1)
2026-08-09 18:00:08,297 WARNING:apscheduler.scheduler:Execution of job "send_due_reminders (trigger: interval[0:00:01], next run at: 2026-08-09 18:00:08 UTC)" skipped: maximum number of running instances reached (1)
2026-08-09 18:00:09,297 WARNING:apscheduler.scheduler:Execution of job "send_due_reminders (trigger: interval[0:00:01], next run at: 2026-08-09 18:00:09 UTC)" skipped: maximum number of running instances reached (1)
2026-08-09 18:00:10,297 WARNING:apscheduler.scheduler:Execution of job "send_due_reminders (trigger: interval[0:00:01], next run at: 2026-08-09 18:00:10 UTC)" skipped: maximum number of running instances reached (1)
2026-08-09 18:00:11,296 WARNING:apscheduler.scheduler:Execution of job "send_due_reminders (trigger: interval[0:00:01], next run at: 2026-08-09 18:00:11 UTC)" skipped: maximum number of running instances reached (1)
2026-08-09 18:00:12,297 WARNING:apscheduler.scheduler:Execution of job "send_due_reminders (trigger: interval[0:00:01], next run at: 2026-08-09 18:00:12 UTC)" skipped: maximum number of running instances reached (1)
2026-08-09 18:24:11,389 ERROR:discord.ui.view:Ignoring exception in view <SignupView timeout=None children=7> for item <MaybeButton style=<ButtonStyle.primary: 1> url=None disabled=False label='Возможно буду' emoji=<PartialEmoji animated=False name='❔' id=None> row=None sku_id=None>
Traceback (most recent call last):
  File "/projects/sp4rk/.venv/lib/python3.12/site-packages/discord/ui/view.py", line 430, in _scheduled_task
    await item.callback(interaction)
  File "/projects/sp4rk/app/bot/ui.py", line 261, in callback
    await interaction.response.send_message("❔ Вы отмечены как **возможно будете**.", ephemeral=True, delete_after=EPHEMERAL_DELETE_AFTER)
  File "/projects/sp4rk/app/bot/ephemeral.py", line 89, in patched_send_message
    result = await original_send_message(self, *args, **kwargs)
             ^^^^^^^^^^^^^^^^^^^^^^^^^^^^^^^^^^^^^^^^^^^^^^^^^^
  File "/projects/sp4rk/.venv/lib/python3.12/site-packages/discord/interactions.py", line 855, in send_message
    await adapter.create_interaction_response(
  File "/projects/sp4rk/.venv/lib/python3.12/site-packages/discord/webhook/async_.py", line 221, in request
    raise NotFound(response, data)
discord.errors.NotFound: 404 Not Found (error code: 10062): Unknown interaction
2026-08-09 20:50:01,297 WARNING:apscheduler.scheduler:Execution of job "send_due_reminders (trigger: interval[0:00:01], next run at: 2026-08-09 20:50:01 UTC)" skipped: maximum number of running instances reached (1)
2026-08-09 20:50:02,297 WARNING:apscheduler.scheduler:Execution of job "send_due_reminders (trigger: interval[0:00:01], next run at: 2026-08-09 20:50:02 UTC)" skipped: maximum number of running instances reached (1)
2026-08-09 20:50:03,296 WARNING:apscheduler.scheduler:Execution of job "send_due_reminders (trigger: interval[0:00:01], next run at: 2026-08-09 20:50:03 UTC)" skipped: maximum number of running instances reached (1)
2026-08-09 20:50:04,297 WARNING:apscheduler.scheduler:Execution of job "send_due_reminders (trigger: interval[0:00:01], next run at: 2026-08-09 20:50:04 UTC)" skipped: maximum number of running instances reached (1)
2026-08-09 20:50:05,296 WARNING:apscheduler.scheduler:Execution of job "send_due_reminders (trigger: interval[0:00:01], next run at: 2026-08-09 20:50:05 UTC)" skipped: maximum number of running instances reached (1)
2026-08-09 20:50:06,297 WARNING:apscheduler.scheduler:Execution of job "send_due_reminders (trigger: interval[0:00:01], next run at: 2026-08-09 20:50:06 UTC)" skipped: maximum number of running instances reached (1)
2026-08-09 20:50:07,297 WARNING:apscheduler.scheduler:Execution of job "send_due_reminders (trigger: interval[0:00:01], next run at: 2026-08-09 20:50:07 UTC)" skipped: maximum number of running instances reached (1)
2026-08-09 20:50:08,296 WARNING:apscheduler.scheduler:Execution of job "send_due_reminders (trigger: interval[0:00:01], next run at: 2026-08-09 20:50:08 UTC)" skipped: maximum number of running instances reached (1)
2026-08-09 20:50:09,296 WARNING:apscheduler.scheduler:Execution of job "send_due_reminders (trigger: interval[0:00:01], next run at: 2026-08-09 20:50:09 UTC)" skipped: maximum number of running instances reached (1)
2026-08-09 20:50:09,786 WARNING:SP4RK.reminders:DM closed for user 591297089686863872
2026-08-09 20:50:10,297 WARNING:apscheduler.scheduler:Execution of job "send_due_reminders (trigger: interval[0:00:01], next run at: 2026-08-09 20:50:10 UTC)" skipped: maximum number of running instances reached (1)
2026-08-09 20:50:11,297 WARNING:apscheduler.scheduler:Execution of job "send_due_reminders (trigger: interval[0:00:01], next run at: 2026-08-09 20:50:11 UTC)" skipped: maximum number of running instances reached (1)
2026-08-09 20:50:12,297 WARNING:apscheduler.scheduler:Execution of job "send_due_reminders (trigger: interval[0:00:01], next run at: 2026-08-09 20:50:12 UTC)" skipped: maximum number of running instances reached (1)
2026-08-10 17:20:01,298 WARNING:apscheduler.scheduler:Execution of job "send_due_reminders (trigger: interval[0:00:01], next run at: 2026-08-10 17:20:01 UTC)" skipped: maximum number of running instances reached (1)
2026-08-10 17:20:02,297 WARNING:apscheduler.scheduler:Execution of job "send_due_reminders (trigger: interval[0:00:01], next run at: 2026-08-10 17:20:02 UTC)" skipped: maximum number of running instances reached (1)
2026-08-10 17:20:03,297 WARNING:apscheduler.scheduler:Execution of job "send_due_reminders (trigger: interval[0:00:01], next run at: 2026-08-10 17:20:03 UTC)" skipped: maximum number of running instances reached (1)
2026-08-10 17:20:04,296 WARNING:apscheduler.scheduler:Execution of job "send_due_reminders (trigger: interval[0:00:01], next run at: 2026-08-10 17:20:04 UTC)" skipped: maximum number of running instances reached (1)
2026-08-10 17:20:05,297 WARNING:apscheduler.scheduler:Execution of job "send_due_reminders (trigger: interval[0:00:01], next run at: 2026-08-10 17:20:05 UTC)" skipped: maximum number of running instances reached (1)
2026-08-10 17:20:05,628 WARNING:SP4RK.reminders:DM closed for user 591297089686863872
2026-08-10 17:20:06,297 WARNING:apscheduler.scheduler:Execution of job "send_due_reminders (trigger: interval[0:00:01], next run at: 2026-08-10 17:20:06 UTC)" skipped: maximum number of running instances reached (1)
2026-08-10 17:20:07,296 WARNING:apscheduler.scheduler:Execution of job "send_due_reminders (trigger: interval[0:00:01], next run at: 2026-08-10 17:20:07 UTC)" skipped: maximum number of running instances reached (1)
2026-08-15 18:00:01,297 WARNING:apscheduler.scheduler:Execution of job "send_due_reminders (trigger: interval[0:00:01], next run at: 2026-08-15 18:00:01 UTC)" skipped: maximum number of running instances reached (1)
2026-08-15 18:00:02,297 WARNING:apscheduler.scheduler:Execution of job "send_due_reminders (trigger: interval[0:00:01], next run at: 2026-08-15 18:00:02 UTC)" skipped: maximum number of running instances reached (1)
2026-08-15 18:00:03,297 WARNING:apscheduler.scheduler:Execution of job "send_due_reminders (trigger: interval[0:00:01], next run at: 2026-08-15 18:00:03 UTC)" skipped: maximum number of running instances reached (1)
2026-08-15 18:00:04,297 WARNING:apscheduler.scheduler:Execution of job "send_due_reminders (trigger: interval[0:00:01], next run at: 2026-08-15 18:00:04 UTC)" skipped: maximum number of running instances reached (1)
2026-08-15 18:00:05,086 WARNING:SP4RK.reminders:DM closed for user 591297089686863872
2026-08-15 18:00:05,297 WARNING:apscheduler.scheduler:Execution of job "send_due_reminders (trigger: interval[0:00:01], next run at: 2026-08-15 18:00:05 UTC)" skipped: maximum number of running instances reached (1)
2026-08-15 18:00:06,297 WARNING:apscheduler.scheduler:Execution of job "send_due_reminders (trigger: interval[0:00:01], next run at: 2026-08-15 18:00:06 UTC)" skipped: maximum number of running instances reached (1)
2026-08-15 18:00:07,296 WARNING:apscheduler.scheduler:Execution of job "send_due_reminders (trigger: interval[0:00:01], next run at: 2026-08-15 18:00:07 UTC)" skipped: maximum number of running instances reached (1)
2026-08-15 18:00:08,297 WARNING:apscheduler.scheduler:Execution of job "send_due_reminders (trigger: interval[0:00:01], next run at: 2026-08-15 18:00:08 UTC)" skipped: maximum number of running instances reached (1)
2026-08-15 18:00:09,296 WARNING:apscheduler.scheduler:Execution of job "send_due_reminders (trigger: interval[0:00:01], next run at: 2026-08-15 18:00:09 UTC)" skipped: maximum number of running instances reached (1)
2026-08-15 18:00:10,297 WARNING:apscheduler.scheduler:Execution of job "send_due_reminders (trigger: interval[0:00:01], next run at: 2026-08-15 18:00:10 UTC)" skipped: maximum number of running instances reached (1)
2026-08-15 18:00:11,296 WARNING:apscheduler.scheduler:Execution of job "send_due_reminders (trigger: interval[0:00:01], next run at: 2026-08-15 18:00:11 UTC)" skipped: maximum number of running instances reached (1)
2026-08-15 18:00:12,297 WARNING:apscheduler.scheduler:Execution of job "send_due_reminders (trigger: interval[0:00:01], next run at: 2026-08-15 18:00:12 UTC)" skipped: maximum number of running instances reached (1)
2026-08-15 18:00:13,296 WARNING:apscheduler.scheduler:Execution of job "send_due_reminders (trigger: interval[0:00:01], next run at: 2026-08-15 18:00:13 UTC)" skipped: maximum number of running instances reached (1)
2026-08-15 18:00:14,297 WARNING:apscheduler.scheduler:Execution of job "send_due_reminders (trigger: interval[0:00:01], next run at: 2026-08-15 18:00:14 UTC)" skipped: maximum number of running instances reached (1)
2026-08-15 18:00:15,297 WARNING:apscheduler.scheduler:Execution of job "send_due_reminders (trigger: interval[0:00:01], next run at: 2026-08-15 18:00:15 UTC)" skipped: maximum number of running instances reached (1)
2026-08-16 18:00:01,296 WARNING:apscheduler.scheduler:Execution of job "send_due_reminders (trigger: interval[0:00:01], next run at: 2026-08-16 18:00:01 UTC)" skipped: maximum number of running instances reached (1)
2026-08-16 18:00:01,982 WARNING:SP4RK.reminders:DM closed for user 591297089686863872
2026-08-16 18:00:02,296 WARNING:apscheduler.scheduler:Execution of job "send_due_reminders (trigger: interval[0:00:01], next run at: 2026-08-16 18:00:02 UTC)" skipped: maximum number of running instances reached (1)
2026-08-16 18:00:03,297 WARNING:apscheduler.scheduler:Execution of job "send_due_reminders (trigger: interval[0:00:01], next run at: 2026-08-16 18:00:03 UTC)" skipped: maximum number of running instances reached (1)
2026-08-16 18:00:04,297 WARNING:apscheduler.scheduler:Execution of job "send_due_reminders (trigger: interval[0:00:01], next run at: 2026-08-16 18:00:04 UTC)" skipped: maximum number of running instances reached (1)
2026-08-16 18:00:05,296 WARNING:apscheduler.scheduler:Execution of job "send_due_reminders (trigger: interval[0:00:01], next run at: 2026-08-16 18:00:05 UTC)" skipped: maximum number of running instances reached (1)
2026-08-16 18:00:06,297 WARNING:apscheduler.scheduler:Execution of job "send_due_reminders (trigger: interval[0:00:01], next run at: 2026-08-16 18:00:06 UTC)" skipped: maximum number of running instances reached (1)
2026-08-16 18:00:07,296 WARNING:apscheduler.scheduler:Execution of job "send_due_reminders (trigger: interval[0:00:01], next run at: 2026-08-16 18:00:07 UTC)" skipped: maximum number of running instances reached (1)
2026-08-16 18:00:08,297 WARNING:apscheduler.scheduler:Execution of job "send_due_reminders (trigger: interval[0:00:01], next run at: 2026-08-16 18:00:08 UTC)" skipped: maximum number of running instances reached (1)
2026-08-16 18:00:09,297 WARNING:apscheduler.scheduler:Execution of job "send_due_reminders (trigger: interval[0:00:01], next run at: 2026-08-16 18:00:09 UTC)" skipped: maximum number of running instances reached (1)
2026-08-16 18:00:10,297 WARNING:apscheduler.scheduler:Execution of job "send_due_reminders (trigger: interval[0:00:01], next run at: 2026-08-16 18:00:10 UTC)" skipped: maximum number of running instances reached (1)
2026-08-16 18:00:11,296 WARNING:apscheduler.scheduler:Execution of job "send_due_reminders (trigger: interval[0:00:01], next run at: 2026-08-16 18:00:11 UTC)" skipped: maximum number of running instances reached (1)
2026-08-16 18:00:12,297 WARNING:apscheduler.scheduler:Execution of job "send_due_reminders (trigger: interval[0:00:01], next run at: 2026-08-16 18:00:12 UTC)" skipped: maximum number of running instances reached (1)
2026-08-16 18:00:13,297 WARNING:apscheduler.scheduler:Execution of job "send_due_reminders (trigger: interval[0:00:01], next run at: 2026-08-16 18:00:13 UTC)" skipped: maximum number of running instances reached (1)
2026-08-16 18:00:14,298 WARNING:apscheduler.scheduler:Execution of job "send_due_reminders (trigger: interval[0:00:01], next run at: 2026-08-16 18:00:14 UTC)" skipped: maximum number of running instances reached (1)
2026-08-16 18:00:15,297 WARNING:apscheduler.scheduler:Execution of job "send_due_reminders (trigger: interval[0:00:01], next run at: 2026-08-16 18:00:15 UTC)" skipped: maximum number of running instances reached (1)
2026-08-16 18:00:16,298 WARNING:apscheduler.scheduler:Execution of job "send_due_reminders (trigger: interval[0:00:01], next run at: 2026-08-16 18:00:16 UTC)" skipped: maximum number of running instances reached (1)
2026-08-16 18:00:17,298 WARNING:apscheduler.scheduler:Execution of job "send_due_reminders (trigger: interval[0:00:01], next run at: 2026-08-16 18:00:17 UTC)" skipped: maximum number of running instances reached (1)
2026-08-16 18:00:18,297 WARNING:apscheduler.scheduler:Execution of job "send_due_reminders (trigger: interval[0:00:01], next run at: 2026-08-16 18:00:18 UTC)" skipped: maximum number of running instances reached (1)
2026-08-16 18:00:19,298 WARNING:apscheduler.scheduler:Execution of job "send_due_reminders (trigger: interval[0:00:01], next run at: 2026-08-16 18:00:19 UTC)" skipped: maximum number of running instances reached (1)
2026-08-16 20:50:01,297 WARNING:apscheduler.scheduler:Execution of job "send_due_reminders (trigger: interval[0:00:01], next run at: 2026-08-16 20:50:01 UTC)" skipped: maximum number of running instances reached (1)
2026-08-16 20:50:02,297 WARNING:apscheduler.scheduler:Execution of job "send_due_reminders (trigger: interval[0:00:01], next run at: 2026-08-16 20:50:02 UTC)" skipped: maximum number of running instances reached (1)
2026-08-16 20:50:03,297 WARNING:apscheduler.scheduler:Execution of job "send_due_reminders (trigger: interval[0:00:01], next run at: 2026-08-16 20:50:03 UTC)" skipped: maximum number of running instances reached (1)
2026-08-16 20:50:03,706 WARNING:SP4RK.reminders:DM closed for user 591297089686863872
2026-08-16 20:50:04,296 WARNING:apscheduler.scheduler:Execution of job "send_due_reminders (trigger: interval[0:00:01], next run at: 2026-08-16 20:50:04 UTC)" skipped: maximum number of running instances reached (1)
2026-08-16 20:50:05,297 WARNING:apscheduler.scheduler:Execution of job "send_due_reminders (trigger: interval[0:00:01], next run at: 2026-08-16 20:50:05 UTC)" skipped: maximum number of running instances reached (1)
2026-08-16 20:50:06,297 WARNING:apscheduler.scheduler:Execution of job "send_due_reminders (trigger: interval[0:00:01], next run at: 2026-08-16 20:50:06 UTC)" skipped: maximum number of running instances reached (1)
2026-08-16 20:50:07,297 WARNING:apscheduler.scheduler:Execution of job "send_due_reminders (trigger: interval[0:00:01], next run at: 2026-08-16 20:50:07 UTC)" skipped: maximum number of running instances reached (1)
2026-08-17 16:30:01,144 WARNING:SP4RK.reminders:DM closed for user 591297089686863872
2026-08-17 16:30:01,297 WARNING:apscheduler.scheduler:Execution of job "send_due_reminders (trigger: interval[0:00:01], next run at: 2026-08-17 16:30:01 UTC)" skipped: maximum number of running instances reached (1)
2026-08-17 16:30:02,298 WARNING:apscheduler.scheduler:Execution of job "send_due_reminders (trigger: interval[0:00:01], next run at: 2026-08-17 16:30:02 UTC)" skipped: maximum number of running instances reached (1)
2026-08-17 16:30:03,297 WARNING:apscheduler.scheduler:Execution of job "send_due_reminders (trigger: interval[0:00:01], next run at: 2026-08-17 16:30:03 UTC)" skipped: maximum number of running instances reached (1)
2026-08-17 16:30:04,297 WARNING:apscheduler.scheduler:Execution of job "send_due_reminders (trigger: interval[0:00:01], next run at: 2026-08-17 16:30:04 UTC)" skipped: maximum number of running instances reached (1)
2026-08-17 16:30:05,298 WARNING:apscheduler.scheduler:Execution of job "send_due_reminders (trigger: interval[0:00:01], next run at: 2026-08-17 16:30:05 UTC)" skipped: maximum number of running instances reached (1)
2026-08-17 16:30:06,296 WARNING:apscheduler.scheduler:Execution of job "send_due_reminders (trigger: interval[0:00:01], next run at: 2026-08-17 16:30:06 UTC)" skipped: maximum number of running instances reached (1)
2026-08-18 17:04:28,105 ERROR:discord.client:Attempting a reconnect in 1.52s
Traceback (most recent call last):
  File "/usr/lib/python3.12/asyncio/tasks.py", line 520, in wait_for
    return await fut
           ^^^^^^^^^
  File "/projects/sp4rk/.venv/lib/python3.12/site-packages/discord/gateway.py", line 374, in from_client
    socket = await client.http.ws_connect(str(url))
             ^^^^^^^^^^^^^^^^^^^^^^^^^^^^^^^^^^^^^^
  File "/projects/sp4rk/.venv/lib/python3.12/site-packages/discord/http.py", line 550, in ws_connect
    return await self.__session.ws_connect(url, **kwargs)
           ^^^^^^^^^^^^^^^^^^^^^^^^^^^^^^^^^^^^^^^^^^^^^^
  File "/projects/sp4rk/.venv/lib/python3.12/site-packages/aiohttp/client.py", line 1244, in _ws_connect
    resp = await self.request(
           ^^^^^^^^^^^^^^^^^^^
  File "/projects/sp4rk/.venv/lib/python3.12/site-packages/aiohttp/client.py", line 856, in _request
    resp = await handler(req)
           ^^^^^^^^^^^^^^^^^^
  File "/projects/sp4rk/.venv/lib/python3.12/site-packages/aiohttp/client.py", line 810, in _connect_and_send_request
    conn = await self._connector.connect(
           ^^^^^^^^^^^^^^^^^^^^^^^^^^^^^^
  File "/projects/sp4rk/.venv/lib/python3.12/site-packages/aiohttp/connector.py", line 655, in connect
    proto = await self._create_connection(req, traces, timeout)
            ^^^^^^^^^^^^^^^^^^^^^^^^^^^^^^^^^^^^^^^^^^^^^^^^^^^
  File "/projects/sp4rk/.venv/lib/python3.12/site-packages/aiohttp/connector.py", line 1232, in _create_connection
    _, proto = await self._create_direct_connection(req, traces, timeout)
               ^^^^^^^^^^^^^^^^^^^^^^^^^^^^^^^^^^^^^^^^^^^^^^^^^^^^^^^^^^
  File "/projects/sp4rk/.venv/lib/python3.12/site-packages/aiohttp/connector.py", line 1579, in _create_direct_connection
    transp, proto = await self._wrap_create_connection(
                    ^^^^^^^^^^^^^^^^^^^^^^^^^^^^^^^^^^^
  File "/projects/sp4rk/.venv/lib/python3.12/site-packages/aiohttp/connector.py", line 1291, in _wrap_create_connection
    sock = await aiohappyeyeballs.start_connection(
           ^^^^^^^^^^^^^^^^^^^^^^^^^^^^^^^^^^^^^^^^
  File "/projects/sp4rk/.venv/lib/python3.12/site-packages/aiohappyeyeballs/impl.py", line 89, in start_connection
    sock, _, _ = await _staggered.staggered_race(
                 ^^^^^^^^^^^^^^^^^^^^^^^^^^^^^^^^
  File "/projects/sp4rk/.venv/lib/python3.12/site-packages/aiohappyeyeballs/_staggered.py", line 155, in staggered_race
    done = await _wait_one(
           ^^^^^^^^^^^^^^^^
  File "/projects/sp4rk/.venv/lib/python3.12/site-packages/aiohappyeyeballs/_staggered.py", line 36, in _wait_one
    return await wait_next
           ^^^^^^^^^^^^^^^
asyncio.exceptions.CancelledError

The above exception was the direct cause of the following exception:

Traceback (most recent call last):
  File "/projects/sp4rk/.venv/lib/python3.12/site-packages/discord/client.py", line 664, in connect
    self.ws = await asyncio.wait_for(coro, timeout=60.0)
              ^^^^^^^^^^^^^^^^^^^^^^^^^^^^^^^^^^^^^^^^^^
  File "/usr/lib/python3.12/asyncio/tasks.py", line 519, in wait_for
    async with timeouts.timeout(timeout):
  File "/usr/lib/python3.12/asyncio/timeouts.py", line 115, in __aexit__
    raise TimeoutError from exc_val
TimeoutError
2026-08-18 17:05:29,647 ERROR:discord.client:Attempting a reconnect in 2.47s
Traceback (most recent call last):
  File "/usr/lib/python3.12/asyncio/tasks.py", line 520, in wait_for
    return await fut
           ^^^^^^^^^
  File "/projects/sp4rk/.venv/lib/python3.12/site-packages/discord/gateway.py", line 374, in from_client
    socket = await client.http.ws_connect(str(url))
             ^^^^^^^^^^^^^^^^^^^^^^^^^^^^^^^^^^^^^^
  File "/projects/sp4rk/.venv/lib/python3.12/site-packages/discord/http.py", line 550, in ws_connect
    return await self.__session.ws_connect(url, **kwargs)
           ^^^^^^^^^^^^^^^^^^^^^^^^^^^^^^^^^^^^^^^^^^^^^^
  File "/projects/sp4rk/.venv/lib/python3.12/site-packages/aiohttp/client.py", line 1244, in _ws_connect
    resp = await self.request(
           ^^^^^^^^^^^^^^^^^^^
  File "/projects/sp4rk/.venv/lib/python3.12/site-packages/aiohttp/client.py", line 856, in _request
    resp = await handler(req)
           ^^^^^^^^^^^^^^^^^^
  File "/projects/sp4rk/.venv/lib/python3.12/site-packages/aiohttp/client.py", line 810, in _connect_and_send_request
    conn = await self._connector.connect(
           ^^^^^^^^^^^^^^^^^^^^^^^^^^^^^^
  File "/projects/sp4rk/.venv/lib/python3.12/site-packages/aiohttp/connector.py", line 655, in connect
    proto = await self._create_connection(req, traces, timeout)
            ^^^^^^^^^^^^^^^^^^^^^^^^^^^^^^^^^^^^^^^^^^^^^^^^^^^
  File "/projects/sp4rk/.venv/lib/python3.12/site-packages/aiohttp/connector.py", line 1232, in _create_connection
    _, proto = await self._create_direct_connection(req, traces, timeout)
               ^^^^^^^^^^^^^^^^^^^^^^^^^^^^^^^^^^^^^^^^^^^^^^^^^^^^^^^^^^
  File "/projects/sp4rk/.venv/lib/python3.12/site-packages/aiohttp/connector.py", line 1579, in _create_direct_connection
    transp, proto = await self._wrap_create_connection(
                    ^^^^^^^^^^^^^^^^^^^^^^^^^^^^^^^^^^^
  File "/projects/sp4rk/.venv/lib/python3.12/site-packages/aiohttp/connector.py", line 1291, in _wrap_create_connection
    sock = await aiohappyeyeballs.start_connection(
           ^^^^^^^^^^^^^^^^^^^^^^^^^^^^^^^^^^^^^^^^
  File "/projects/sp4rk/.venv/lib/python3.12/site-packages/aiohappyeyeballs/impl.py", line 89, in start_connection
    sock, _, _ = await _staggered.staggered_race(
                 ^^^^^^^^^^^^^^^^^^^^^^^^^^^^^^^^
  File "/projects/sp4rk/.venv/lib/python3.12/site-packages/aiohappyeyeballs/_staggered.py", line 155, in staggered_race
    done = await _wait_one(
           ^^^^^^^^^^^^^^^^
  File "/projects/sp4rk/.venv/lib/python3.12/site-packages/aiohappyeyeballs/_staggered.py", line 36, in _wait_one
    return await wait_next
           ^^^^^^^^^^^^^^^
asyncio.exceptions.CancelledError

The above exception was the direct cause of the following exception:

Traceback (most recent call last):
  File "/projects/sp4rk/.venv/lib/python3.12/site-packages/discord/client.py", line 664, in connect
    self.ws = await asyncio.wait_for(coro, timeout=60.0)
              ^^^^^^^^^^^^^^^^^^^^^^^^^^^^^^^^^^^^^^^^^^
  File "/usr/lib/python3.12/asyncio/tasks.py", line 519, in wait_for
    async with timeouts.timeout(timeout):
  File "/usr/lib/python3.12/asyncio/timeouts.py", line 115, in __aexit__
    raise TimeoutError from exc_val
TimeoutError
2026-08-18 17:06:32,122 ERROR:discord.client:Attempting a reconnect in 2.85s
Traceback (most recent call last):
  File "/usr/lib/python3.12/asyncio/tasks.py", line 520, in wait_for
    return await fut
           ^^^^^^^^^
  File "/projects/sp4rk/.venv/lib/python3.12/site-packages/discord/gateway.py", line 374, in from_client
    socket = await client.http.ws_connect(str(url))
             ^^^^^^^^^^^^^^^^^^^^^^^^^^^^^^^^^^^^^^
  File "/projects/sp4rk/.venv/lib/python3.12/site-packages/discord/http.py", line 550, in ws_connect
    return await self.__session.ws_connect(url, **kwargs)
           ^^^^^^^^^^^^^^^^^^^^^^^^^^^^^^^^^^^^^^^^^^^^^^
  File "/projects/sp4rk/.venv/lib/python3.12/site-packages/aiohttp/client.py", line 1244, in _ws_connect
    resp = await self.request(
           ^^^^^^^^^^^^^^^^^^^
  File "/projects/sp4rk/.venv/lib/python3.12/site-packages/aiohttp/client.py", line 856, in _request
    resp = await handler(req)
           ^^^^^^^^^^^^^^^^^^
  File "/projects/sp4rk/.venv/lib/python3.12/site-packages/aiohttp/client.py", line 810, in _connect_and_send_request
    conn = await self._connector.connect(
           ^^^^^^^^^^^^^^^^^^^^^^^^^^^^^^
  File "/projects/sp4rk/.venv/lib/python3.12/site-packages/aiohttp/connector.py", line 655, in connect
    proto = await self._create_connection(req, traces, timeout)
            ^^^^^^^^^^^^^^^^^^^^^^^^^^^^^^^^^^^^^^^^^^^^^^^^^^^
  File "/projects/sp4rk/.venv/lib/python3.12/site-packages/aiohttp/connector.py", line 1232, in _create_connection
    _, proto = await self._create_direct_connection(req, traces, timeout)
               ^^^^^^^^^^^^^^^^^^^^^^^^^^^^^^^^^^^^^^^^^^^^^^^^^^^^^^^^^^
  File "/projects/sp4rk/.venv/lib/python3.12/site-packages/aiohttp/connector.py", line 1579, in _create_direct_connection
    transp, proto = await self._wrap_create_connection(
                    ^^^^^^^^^^^^^^^^^^^^^^^^^^^^^^^^^^^
  File "/projects/sp4rk/.venv/lib/python3.12/site-packages/aiohttp/connector.py", line 1291, in _wrap_create_connection
    sock = await aiohappyeyeballs.start_connection(
           ^^^^^^^^^^^^^^^^^^^^^^^^^^^^^^^^^^^^^^^^
  File "/projects/sp4rk/.venv/lib/python3.12/site-packages/aiohappyeyeballs/impl.py", line 89, in start_connection
    sock, _, _ = await _staggered.staggered_race(
                 ^^^^^^^^^^^^^^^^^^^^^^^^^^^^^^^^
  File "/projects/sp4rk/.venv/lib/python3.12/site-packages/aiohappyeyeballs/_staggered.py", line 155, in staggered_race
    done = await _wait_one(
           ^^^^^^^^^^^^^^^^
  File "/projects/sp4rk/.venv/lib/python3.12/site-packages/aiohappyeyeballs/_staggered.py", line 36, in _wait_one
    return await wait_next
           ^^^^^^^^^^^^^^^
asyncio.exceptions.CancelledError

The above exception was the direct cause of the following exception:

Traceback (most recent call last):
  File "/projects/sp4rk/.venv/lib/python3.12/site-packages/discord/client.py", line 664, in connect
    self.ws = await asyncio.wait_for(coro, timeout=60.0)
              ^^^^^^^^^^^^^^^^^^^^^^^^^^^^^^^^^^^^^^^^^^
  File "/usr/lib/python3.12/asyncio/tasks.py", line 519, in wait_for
    async with timeouts.timeout(timeout):
  File "/usr/lib/python3.12/asyncio/timeouts.py", line 115, in __aexit__
    raise TimeoutError from exc_val
TimeoutError
2026-08-18 17:07:34,975 ERROR:discord.client:Attempting a reconnect in 15.91s
Traceback (most recent call last):
  File "/usr/lib/python3.12/asyncio/tasks.py", line 520, in wait_for
    return await fut
           ^^^^^^^^^
  File "/projects/sp4rk/.venv/lib/python3.12/site-packages/discord/gateway.py", line 374, in from_client
    socket = await client.http.ws_connect(str(url))
             ^^^^^^^^^^^^^^^^^^^^^^^^^^^^^^^^^^^^^^
  File "/projects/sp4rk/.venv/lib/python3.12/site-packages/discord/http.py", line 550, in ws_connect
    return await self.__session.ws_connect(url, **kwargs)
           ^^^^^^^^^^^^^^^^^^^^^^^^^^^^^^^^^^^^^^^^^^^^^^
  File "/projects/sp4rk/.venv/lib/python3.12/site-packages/aiohttp/client.py", line 1244, in _ws_connect
    resp = await self.request(
           ^^^^^^^^^^^^^^^^^^^
  File "/projects/sp4rk/.venv/lib/python3.12/site-packages/aiohttp/client.py", line 856, in _request
    resp = await handler(req)
           ^^^^^^^^^^^^^^^^^^
  File "/projects/sp4rk/.venv/lib/python3.12/site-packages/aiohttp/client.py", line 810, in _connect_and_send_request
    conn = await self._connector.connect(
           ^^^^^^^^^^^^^^^^^^^^^^^^^^^^^^
  File "/projects/sp4rk/.venv/lib/python3.12/site-packages/aiohttp/connector.py", line 655, in connect
    proto = await self._create_connection(req, traces, timeout)
            ^^^^^^^^^^^^^^^^^^^^^^^^^^^^^^^^^^^^^^^^^^^^^^^^^^^
  File "/projects/sp4rk/.venv/lib/python3.12/site-packages/aiohttp/connector.py", line 1232, in _create_connection
    _, proto = await self._create_direct_connection(req, traces, timeout)
               ^^^^^^^^^^^^^^^^^^^^^^^^^^^^^^^^^^^^^^^^^^^^^^^^^^^^^^^^^^
  File "/projects/sp4rk/.venv/lib/python3.12/site-packages/aiohttp/connector.py", line 1579, in _create_direct_connection
    transp, proto = await self._wrap_create_connection(
                    ^^^^^^^^^^^^^^^^^^^^^^^^^^^^^^^^^^^
  File "/projects/sp4rk/.venv/lib/python3.12/site-packages/aiohttp/connector.py", line 1291, in _wrap_create_connection
    sock = await aiohappyeyeballs.start_connection(
           ^^^^^^^^^^^^^^^^^^^^^^^^^^^^^^^^^^^^^^^^
  File "/projects/sp4rk/.venv/lib/python3.12/site-packages/aiohappyeyeballs/impl.py", line 89, in start_connection
    sock, _, _ = await _staggered.staggered_race(
                 ^^^^^^^^^^^^^^^^^^^^^^^^^^^^^^^^
  File "/projects/sp4rk/.venv/lib/python3.12/site-packages/aiohappyeyeballs/_staggered.py", line 155, in staggered_race
    done = await _wait_one(
           ^^^^^^^^^^^^^^^^
  File "/projects/sp4rk/.venv/lib/python3.12/site-packages/aiohappyeyeballs/_staggered.py", line 36, in _wait_one
    return await wait_next
           ^^^^^^^^^^^^^^^
asyncio.exceptions.CancelledError

The above exception was the direct cause of the following exception:

Traceback (most recent call last):
  File "/projects/sp4rk/.venv/lib/python3.12/site-packages/discord/client.py", line 664, in connect
    self.ws = await asyncio.wait_for(coro, timeout=60.0)
              ^^^^^^^^^^^^^^^^^^^^^^^^^^^^^^^^^^^^^^^^^^
  File "/usr/lib/python3.12/asyncio/tasks.py", line 519, in wait_for
    async with timeouts.timeout(timeout):
  File "/usr/lib/python3.12/asyncio/timeouts.py", line 115, in __aexit__
    raise TimeoutError from exc_val
TimeoutError
2026-08-18 17:08:50,889 ERROR:discord.client:Attempting a reconnect in 0.77s
Traceback (most recent call last):
  File "/usr/lib/python3.12/asyncio/tasks.py", line 520, in wait_for
    return await fut
           ^^^^^^^^^
  File "/projects/sp4rk/.venv/lib/python3.12/site-packages/discord/gateway.py", line 374, in from_client
    socket = await client.http.ws_connect(str(url))
             ^^^^^^^^^^^^^^^^^^^^^^^^^^^^^^^^^^^^^^
  File "/projects/sp4rk/.venv/lib/python3.12/site-packages/discord/http.py", line 550, in ws_connect
    return await self.__session.ws_connect(url, **kwargs)
           ^^^^^^^^^^^^^^^^^^^^^^^^^^^^^^^^^^^^^^^^^^^^^^
  File "/projects/sp4rk/.venv/lib/python3.12/site-packages/aiohttp/client.py", line 1244, in _ws_connect
    resp = await self.request(
           ^^^^^^^^^^^^^^^^^^^
  File "/projects/sp4rk/.venv/lib/python3.12/site-packages/aiohttp/client.py", line 856, in _request
    resp = await handler(req)
           ^^^^^^^^^^^^^^^^^^
  File "/projects/sp4rk/.venv/lib/python3.12/site-packages/aiohttp/client.py", line 810, in _connect_and_send_request
    conn = await self._connector.connect(
           ^^^^^^^^^^^^^^^^^^^^^^^^^^^^^^
  File "/projects/sp4rk/.venv/lib/python3.12/site-packages/aiohttp/connector.py", line 655, in connect
    proto = await self._create_connection(req, traces, timeout)
            ^^^^^^^^^^^^^^^^^^^^^^^^^^^^^^^^^^^^^^^^^^^^^^^^^^^
  File "/projects/sp4rk/.venv/lib/python3.12/site-packages/aiohttp/connector.py", line 1232, in _create_connection
    _, proto = await self._create_direct_connection(req, traces, timeout)
               ^^^^^^^^^^^^^^^^^^^^^^^^^^^^^^^^^^^^^^^^^^^^^^^^^^^^^^^^^^
  File "/projects/sp4rk/.venv/lib/python3.12/site-packages/aiohttp/connector.py", line 1579, in _create_direct_connection
    transp, proto = await self._wrap_create_connection(
                    ^^^^^^^^^^^^^^^^^^^^^^^^^^^^^^^^^^^
  File "/projects/sp4rk/.venv/lib/python3.12/site-packages/aiohttp/connector.py", line 1291, in _wrap_create_connection
    sock = await aiohappyeyeballs.start_connection(
           ^^^^^^^^^^^^^^^^^^^^^^^^^^^^^^^^^^^^^^^^
  File "/projects/sp4rk/.venv/lib/python3.12/site-packages/aiohappyeyeballs/impl.py", line 89, in start_connection
    sock, _, _ = await _staggered.staggered_race(
                 ^^^^^^^^^^^^^^^^^^^^^^^^^^^^^^^^
  File "/projects/sp4rk/.venv/lib/python3.12/site-packages/aiohappyeyeballs/_staggered.py", line 155, in staggered_race
    done = await _wait_one(
           ^^^^^^^^^^^^^^^^
  File "/projects/sp4rk/.venv/lib/python3.12/site-packages/aiohappyeyeballs/_staggered.py", line 36, in _wait_one
    return await wait_next
           ^^^^^^^^^^^^^^^
asyncio.exceptions.CancelledError

The above exception was the direct cause of the following exception:

Traceback (most recent call last):
  File "/projects/sp4rk/.venv/lib/python3.12/site-packages/discord/client.py", line 664, in connect
    self.ws = await asyncio.wait_for(coro, timeout=60.0)
              ^^^^^^^^^^^^^^^^^^^^^^^^^^^^^^^^^^^^^^^^^^
  File "/usr/lib/python3.12/asyncio/tasks.py", line 519, in wait_for
    async with timeouts.timeout(timeout):
  File "/usr/lib/python3.12/asyncio/timeouts.py", line 115, in __aexit__
    raise TimeoutError from exc_val
TimeoutError
2026-08-18 17:09:51,667 ERROR:discord.client:Attempting a reconnect in 63.18s
Traceback (most recent call last):
  File "/usr/lib/python3.12/asyncio/tasks.py", line 520, in wait_for
    return await fut
           ^^^^^^^^^
  File "/projects/sp4rk/.venv/lib/python3.12/site-packages/discord/gateway.py", line 374, in from_client
    socket = await client.http.ws_connect(str(url))
             ^^^^^^^^^^^^^^^^^^^^^^^^^^^^^^^^^^^^^^
  File "/projects/sp4rk/.venv/lib/python3.12/site-packages/discord/http.py", line 550, in ws_connect
    return await self.__session.ws_connect(url, **kwargs)
           ^^^^^^^^^^^^^^^^^^^^^^^^^^^^^^^^^^^^^^^^^^^^^^
  File "/projects/sp4rk/.venv/lib/python3.12/site-packages/aiohttp/client.py", line 1244, in _ws_connect
    resp = await self.request(
           ^^^^^^^^^^^^^^^^^^^
  File "/projects/sp4rk/.venv/lib/python3.12/site-packages/aiohttp/client.py", line 856, in _request
    resp = await handler(req)
           ^^^^^^^^^^^^^^^^^^
  File "/projects/sp4rk/.venv/lib/python3.12/site-packages/aiohttp/client.py", line 810, in _connect_and_send_request
    conn = await self._connector.connect(
           ^^^^^^^^^^^^^^^^^^^^^^^^^^^^^^
  File "/projects/sp4rk/.venv/lib/python3.12/site-packages/aiohttp/connector.py", line 655, in connect
    proto = await self._create_connection(req, traces, timeout)
            ^^^^^^^^^^^^^^^^^^^^^^^^^^^^^^^^^^^^^^^^^^^^^^^^^^^
  File "/projects/sp4rk/.venv/lib/python3.12/site-packages/aiohttp/connector.py", line 1232, in _create_connection
    _, proto = await self._create_direct_connection(req, traces, timeout)
               ^^^^^^^^^^^^^^^^^^^^^^^^^^^^^^^^^^^^^^^^^^^^^^^^^^^^^^^^^^
  File "/projects/sp4rk/.venv/lib/python3.12/site-packages/aiohttp/connector.py", line 1579, in _create_direct_connection
    transp, proto = await self._wrap_create_connection(
                    ^^^^^^^^^^^^^^^^^^^^^^^^^^^^^^^^^^^
  File "/projects/sp4rk/.venv/lib/python3.12/site-packages/aiohttp/connector.py", line 1291, in _wrap_create_connection
    sock = await aiohappyeyeballs.start_connection(
           ^^^^^^^^^^^^^^^^^^^^^^^^^^^^^^^^^^^^^^^^
  File "/projects/sp4rk/.venv/lib/python3.12/site-packages/aiohappyeyeballs/impl.py", line 89, in start_connection
    sock, _, _ = await _staggered.staggered_race(
                 ^^^^^^^^^^^^^^^^^^^^^^^^^^^^^^^^
  File "/projects/sp4rk/.venv/lib/python3.12/site-packages/aiohappyeyeballs/_staggered.py", line 155, in staggered_race
    done = await _wait_one(
           ^^^^^^^^^^^^^^^^
  File "/projects/sp4rk/.venv/lib/python3.12/site-packages/aiohappyeyeballs/_staggered.py", line 36, in _wait_one
    return await wait_next
           ^^^^^^^^^^^^^^^
asyncio.exceptions.CancelledError

The above exception was the direct cause of the following exception:

Traceback (most recent call last):
  File "/projects/sp4rk/.venv/lib/python3.12/site-packages/discord/client.py", line 664, in connect
    self.ws = await asyncio.wait_for(coro, timeout=60.0)
              ^^^^^^^^^^^^^^^^^^^^^^^^^^^^^^^^^^^^^^^^^^
  File "/usr/lib/python3.12/asyncio/tasks.py", line 519, in wait_for
    async with timeouts.timeout(timeout):
  File "/usr/lib/python3.12/asyncio/timeouts.py", line 115, in __aexit__
    raise TimeoutError from exc_val
TimeoutError
2026-08-18 17:11:54,850 ERROR:discord.client:Attempting a reconnect in 96.70s
Traceback (most recent call last):
  File "/usr/lib/python3.12/asyncio/tasks.py", line 520, in wait_for
    return await fut
           ^^^^^^^^^
  File "/projects/sp4rk/.venv/lib/python3.12/site-packages/discord/gateway.py", line 374, in from_client
    socket = await client.http.ws_connect(str(url))
             ^^^^^^^^^^^^^^^^^^^^^^^^^^^^^^^^^^^^^^
  File "/projects/sp4rk/.venv/lib/python3.12/site-packages/discord/http.py", line 550, in ws_connect
    return await self.__session.ws_connect(url, **kwargs)
           ^^^^^^^^^^^^^^^^^^^^^^^^^^^^^^^^^^^^^^^^^^^^^^
  File "/projects/sp4rk/.venv/lib/python3.12/site-packages/aiohttp/client.py", line 1244, in _ws_connect
    resp = await self.request(
           ^^^^^^^^^^^^^^^^^^^
  File "/projects/sp4rk/.venv/lib/python3.12/site-packages/aiohttp/client.py", line 856, in _request
    resp = await handler(req)
           ^^^^^^^^^^^^^^^^^^
  File "/projects/sp4rk/.venv/lib/python3.12/site-packages/aiohttp/client.py", line 810, in _connect_and_send_request
    conn = await self._connector.connect(
           ^^^^^^^^^^^^^^^^^^^^^^^^^^^^^^
  File "/projects/sp4rk/.venv/lib/python3.12/site-packages/aiohttp/connector.py", line 655, in connect
    proto = await self._create_connection(req, traces, timeout)
            ^^^^^^^^^^^^^^^^^^^^^^^^^^^^^^^^^^^^^^^^^^^^^^^^^^^
  File "/projects/sp4rk/.venv/lib/python3.12/site-packages/aiohttp/connector.py", line 1232, in _create_connection
    _, proto = await self._create_direct_connection(req, traces, timeout)
               ^^^^^^^^^^^^^^^^^^^^^^^^^^^^^^^^^^^^^^^^^^^^^^^^^^^^^^^^^^
  File "/projects/sp4rk/.venv/lib/python3.12/site-packages/aiohttp/connector.py", line 1579, in _create_direct_connection
    transp, proto = await self._wrap_create_connection(
                    ^^^^^^^^^^^^^^^^^^^^^^^^^^^^^^^^^^^
  File "/projects/sp4rk/.venv/lib/python3.12/site-packages/aiohttp/connector.py", line 1291, in _wrap_create_connection
    sock = await aiohappyeyeballs.start_connection(
           ^^^^^^^^^^^^^^^^^^^^^^^^^^^^^^^^^^^^^^^^
  File "/projects/sp4rk/.venv/lib/python3.12/site-packages/aiohappyeyeballs/impl.py", line 89, in start_connection
    sock, _, _ = await _staggered.staggered_race(
                 ^^^^^^^^^^^^^^^^^^^^^^^^^^^^^^^^
  File "/projects/sp4rk/.venv/lib/python3.12/site-packages/aiohappyeyeballs/_staggered.py", line 155, in staggered_race
    done = await _wait_one(
           ^^^^^^^^^^^^^^^^
  File "/projects/sp4rk/.venv/lib/python3.12/site-packages/aiohappyeyeballs/_staggered.py", line 36, in _wait_one
    return await wait_next
           ^^^^^^^^^^^^^^^
asyncio.exceptions.CancelledError

The above exception was the direct cause of the following exception:

Traceback (most recent call last):
  File "/projects/sp4rk/.venv/lib/python3.12/site-packages/discord/client.py", line 664, in connect
    self.ws = await asyncio.wait_for(coro, timeout=60.0)
              ^^^^^^^^^^^^^^^^^^^^^^^^^^^^^^^^^^^^^^^^^^
  File "/usr/lib/python3.12/asyncio/tasks.py", line 519, in wait_for
    async with timeouts.timeout(timeout):
  File "/usr/lib/python3.12/asyncio/timeouts.py", line 115, in __aexit__
    raise TimeoutError from exc_val
TimeoutError
2026-08-18 17:14:31,559 ERROR:discord.client:Attempting a reconnect in 59.71s
Traceback (most recent call last):
  File "/usr/lib/python3.12/asyncio/tasks.py", line 520, in wait_for
    return await fut
           ^^^^^^^^^
  File "/projects/sp4rk/.venv/lib/python3.12/site-packages/discord/gateway.py", line 374, in from_client
    socket = await client.http.ws_connect(str(url))
             ^^^^^^^^^^^^^^^^^^^^^^^^^^^^^^^^^^^^^^
  File "/projects/sp4rk/.venv/lib/python3.12/site-packages/discord/http.py", line 550, in ws_connect
    return await self.__session.ws_connect(url, **kwargs)
           ^^^^^^^^^^^^^^^^^^^^^^^^^^^^^^^^^^^^^^^^^^^^^^
  File "/projects/sp4rk/.venv/lib/python3.12/site-packages/aiohttp/client.py", line 1244, in _ws_connect
    resp = await self.request(
           ^^^^^^^^^^^^^^^^^^^
  File "/projects/sp4rk/.venv/lib/python3.12/site-packages/aiohttp/client.py", line 856, in _request
    resp = await handler(req)
           ^^^^^^^^^^^^^^^^^^
  File "/projects/sp4rk/.venv/lib/python3.12/site-packages/aiohttp/client.py", line 810, in _connect_and_send_request
    conn = await self._connector.connect(
           ^^^^^^^^^^^^^^^^^^^^^^^^^^^^^^
  File "/projects/sp4rk/.venv/lib/python3.12/site-packages/aiohttp/connector.py", line 655, in connect
    proto = await self._create_connection(req, traces, timeout)
            ^^^^^^^^^^^^^^^^^^^^^^^^^^^^^^^^^^^^^^^^^^^^^^^^^^^
  File "/projects/sp4rk/.venv/lib/python3.12/site-packages/aiohttp/connector.py", line 1232, in _create_connection
    _, proto = await self._create_direct_connection(req, traces, timeout)
               ^^^^^^^^^^^^^^^^^^^^^^^^^^^^^^^^^^^^^^^^^^^^^^^^^^^^^^^^^^
  File "/projects/sp4rk/.venv/lib/python3.12/site-packages/aiohttp/connector.py", line 1579, in _create_direct_connection
    transp, proto = await self._wrap_create_connection(
                    ^^^^^^^^^^^^^^^^^^^^^^^^^^^^^^^^^^^
  File "/projects/sp4rk/.venv/lib/python3.12/site-packages/aiohttp/connector.py", line 1306, in _wrap_create_connection
    return await self._loop.create_connection(*args, **kwargs, sock=sock)
           ^^^^^^^^^^^^^^^^^^^^^^^^^^^^^^^^^^^^^^^^^^^^^^^^^^^^^^^^^^^^^^
  File "/usr/lib/python3.12/asyncio/base_events.py", line 1149, in create_connection
    transport, protocol = await self._create_connection_transport(
                          ^^^^^^^^^^^^^^^^^^^^^^^^^^^^^^^^^^^^^^^^
  File "/usr/lib/python3.12/asyncio/base_events.py", line 1182, in _create_connection_transport
    await waiter
asyncio.exceptions.CancelledError

The above exception was the direct cause of the following exception:

Traceback (most recent call last):
  File "/projects/sp4rk/.venv/lib/python3.12/site-packages/discord/client.py", line 664, in connect
    self.ws = await asyncio.wait_for(coro, timeout=60.0)
              ^^^^^^^^^^^^^^^^^^^^^^^^^^^^^^^^^^^^^^^^^^
  File "/usr/lib/python3.12/asyncio/tasks.py", line 519, in wait_for
    async with timeouts.timeout(timeout):
  File "/usr/lib/python3.12/asyncio/timeouts.py", line 115, in __aexit__
    raise TimeoutError from exc_val
TimeoutError
2026-08-18 17:16:31,278 ERROR:discord.client:Attempting a reconnect in 174.17s
Traceback (most recent call last):
  File "/usr/lib/python3.12/asyncio/tasks.py", line 520, in wait_for
    return await fut
           ^^^^^^^^^
  File "/projects/sp4rk/.venv/lib/python3.12/site-packages/discord/gateway.py", line 374, in from_client
    socket = await client.http.ws_connect(str(url))
             ^^^^^^^^^^^^^^^^^^^^^^^^^^^^^^^^^^^^^^
  File "/projects/sp4rk/.venv/lib/python3.12/site-packages/discord/http.py", line 550, in ws_connect
    return await self.__session.ws_connect(url, **kwargs)
           ^^^^^^^^^^^^^^^^^^^^^^^^^^^^^^^^^^^^^^^^^^^^^^
  File "/projects/sp4rk/.venv/lib/python3.12/site-packages/aiohttp/client.py", line 1244, in _ws_connect
    resp = await self.request(
           ^^^^^^^^^^^^^^^^^^^
  File "/projects/sp4rk/.venv/lib/python3.12/site-packages/aiohttp/client.py", line 856, in _request
    resp = await handler(req)
           ^^^^^^^^^^^^^^^^^^
  File "/projects/sp4rk/.venv/lib/python3.12/site-packages/aiohttp/client.py", line 810, in _connect_and_send_request
    conn = await self._connector.connect(
           ^^^^^^^^^^^^^^^^^^^^^^^^^^^^^^
  File "/projects/sp4rk/.venv/lib/python3.12/site-packages/aiohttp/connector.py", line 655, in connect
    proto = await self._create_connection(req, traces, timeout)
            ^^^^^^^^^^^^^^^^^^^^^^^^^^^^^^^^^^^^^^^^^^^^^^^^^^^
  File "/projects/sp4rk/.venv/lib/python3.12/site-packages/aiohttp/connector.py", line 1232, in _create_connection
    _, proto = await self._create_direct_connection(req, traces, timeout)
               ^^^^^^^^^^^^^^^^^^^^^^^^^^^^^^^^^^^^^^^^^^^^^^^^^^^^^^^^^^
  File "/projects/sp4rk/.venv/lib/python3.12/site-packages/aiohttp/connector.py", line 1579, in _create_direct_connection
    transp, proto = await self._wrap_create_connection(
                    ^^^^^^^^^^^^^^^^^^^^^^^^^^^^^^^^^^^
  File "/projects/sp4rk/.venv/lib/python3.12/site-packages/aiohttp/connector.py", line 1306, in _wrap_create_connection
    return await self._loop.create_connection(*args, **kwargs, sock=sock)
           ^^^^^^^^^^^^^^^^^^^^^^^^^^^^^^^^^^^^^^^^^^^^^^^^^^^^^^^^^^^^^^
  File "/usr/lib/python3.12/asyncio/base_events.py", line 1149, in create_connection
    transport, protocol = await self._create_connection_transport(
                          ^^^^^^^^^^^^^^^^^^^^^^^^^^^^^^^^^^^^^^^^
  File "/usr/lib/python3.12/asyncio/base_events.py", line 1182, in _create_connection_transport
    await waiter
asyncio.exceptions.CancelledError

The above exception was the direct cause of the following exception:

Traceback (most recent call last):
  File "/projects/sp4rk/.venv/lib/python3.12/site-packages/discord/client.py", line 664, in connect
    self.ws = await asyncio.wait_for(coro, timeout=60.0)
              ^^^^^^^^^^^^^^^^^^^^^^^^^^^^^^^^^^^^^^^^^^
  File "/usr/lib/python3.12/asyncio/tasks.py", line 519, in wait_for
    async with timeouts.timeout(timeout):
  File "/usr/lib/python3.12/asyncio/timeouts.py", line 115, in __aexit__
    raise TimeoutError from exc_val
TimeoutError
2026-08-18 17:20:25,453 ERROR:discord.client:Attempting a reconnect in 217.94s
Traceback (most recent call last):
  File "/usr/lib/python3.12/asyncio/tasks.py", line 520, in wait_for
    return await fut
           ^^^^^^^^^
  File "/projects/sp4rk/.venv/lib/python3.12/site-packages/discord/gateway.py", line 374, in from_client
    socket = await client.http.ws_connect(str(url))
             ^^^^^^^^^^^^^^^^^^^^^^^^^^^^^^^^^^^^^^
  File "/projects/sp4rk/.venv/lib/python3.12/site-packages/discord/http.py", line 550, in ws_connect
    return await self.__session.ws_connect(url, **kwargs)
           ^^^^^^^^^^^^^^^^^^^^^^^^^^^^^^^^^^^^^^^^^^^^^^
  File "/projects/sp4rk/.venv/lib/python3.12/site-packages/aiohttp/client.py", line 1244, in _ws_connect
    resp = await self.request(
           ^^^^^^^^^^^^^^^^^^^
  File "/projects/sp4rk/.venv/lib/python3.12/site-packages/aiohttp/client.py", line 856, in _request
    resp = await handler(req)
           ^^^^^^^^^^^^^^^^^^
  File "/projects/sp4rk/.venv/lib/python3.12/site-packages/aiohttp/client.py", line 810, in _connect_and_send_request
    conn = await self._connector.connect(
           ^^^^^^^^^^^^^^^^^^^^^^^^^^^^^^
  File "/projects/sp4rk/.venv/lib/python3.12/site-packages/aiohttp/connector.py", line 655, in connect
    proto = await self._create_connection(req, traces, timeout)
            ^^^^^^^^^^^^^^^^^^^^^^^^^^^^^^^^^^^^^^^^^^^^^^^^^^^
  File "/projects/sp4rk/.venv/lib/python3.12/site-packages/aiohttp/connector.py", line 1232, in _create_connection
    _, proto = await self._create_direct_connection(req, traces, timeout)
               ^^^^^^^^^^^^^^^^^^^^^^^^^^^^^^^^^^^^^^^^^^^^^^^^^^^^^^^^^^
  File "/projects/sp4rk/.venv/lib/python3.12/site-packages/aiohttp/connector.py", line 1579, in _create_direct_connection
    transp, proto = await self._wrap_create_connection(
                    ^^^^^^^^^^^^^^^^^^^^^^^^^^^^^^^^^^^
  File "/projects/sp4rk/.venv/lib/python3.12/site-packages/aiohttp/connector.py", line 1306, in _wrap_create_connection
    return await self._loop.create_connection(*args, **kwargs, sock=sock)
           ^^^^^^^^^^^^^^^^^^^^^^^^^^^^^^^^^^^^^^^^^^^^^^^^^^^^^^^^^^^^^^
  File "/usr/lib/python3.12/asyncio/base_events.py", line 1149, in create_connection
    transport, protocol = await self._create_connection_transport(
                          ^^^^^^^^^^^^^^^^^^^^^^^^^^^^^^^^^^^^^^^^
  File "/usr/lib/python3.12/asyncio/base_events.py", line 1182, in _create_connection_transport
    await waiter
asyncio.exceptions.CancelledError

The above exception was the direct cause of the following exception:

Traceback (most recent call last):
  File "/projects/sp4rk/.venv/lib/python3.12/site-packages/discord/client.py", line 664, in connect
    self.ws = await asyncio.wait_for(coro, timeout=60.0)
              ^^^^^^^^^^^^^^^^^^^^^^^^^^^^^^^^^^^^^^^^^^
  File "/usr/lib/python3.12/asyncio/tasks.py", line 519, in wait_for
    async with timeouts.timeout(timeout):
  File "/usr/lib/python3.12/asyncio/timeouts.py", line 115, in __aexit__
    raise TimeoutError from exc_val
TimeoutError
2026-08-18 17:25:03,401 ERROR:discord.client:Attempting a reconnect in 177.18s
Traceback (most recent call last):
  File "/usr/lib/python3.12/asyncio/tasks.py", line 520, in wait_for
    return await fut
           ^^^^^^^^^
  File "/projects/sp4rk/.venv/lib/python3.12/site-packages/discord/gateway.py", line 374, in from_client
    socket = await client.http.ws_connect(str(url))
             ^^^^^^^^^^^^^^^^^^^^^^^^^^^^^^^^^^^^^^
  File "/projects/sp4rk/.venv/lib/python3.12/site-packages/discord/http.py", line 550, in ws_connect
    return await self.__session.ws_connect(url, **kwargs)
           ^^^^^^^^^^^^^^^^^^^^^^^^^^^^^^^^^^^^^^^^^^^^^^
  File "/projects/sp4rk/.venv/lib/python3.12/site-packages/aiohttp/client.py", line 1244, in _ws_connect
    resp = await self.request(
           ^^^^^^^^^^^^^^^^^^^
  File "/projects/sp4rk/.venv/lib/python3.12/site-packages/aiohttp/client.py", line 856, in _request
    resp = await handler(req)
           ^^^^^^^^^^^^^^^^^^
  File "/projects/sp4rk/.venv/lib/python3.12/site-packages/aiohttp/client.py", line 810, in _connect_and_send_request
    conn = await self._connector.connect(
           ^^^^^^^^^^^^^^^^^^^^^^^^^^^^^^
  File "/projects/sp4rk/.venv/lib/python3.12/site-packages/aiohttp/connector.py", line 655, in connect
    proto = await self._create_connection(req, traces, timeout)
            ^^^^^^^^^^^^^^^^^^^^^^^^^^^^^^^^^^^^^^^^^^^^^^^^^^^
  File "/projects/sp4rk/.venv/lib/python3.12/site-packages/aiohttp/connector.py", line 1232, in _create_connection
    _, proto = await self._create_direct_connection(req, traces, timeout)
               ^^^^^^^^^^^^^^^^^^^^^^^^^^^^^^^^^^^^^^^^^^^^^^^^^^^^^^^^^^
  File "/projects/sp4rk/.venv/lib/python3.12/site-packages/aiohttp/connector.py", line 1579, in _create_direct_connection
    transp, proto = await self._wrap_create_connection(
                    ^^^^^^^^^^^^^^^^^^^^^^^^^^^^^^^^^^^
  File "/projects/sp4rk/.venv/lib/python3.12/site-packages/aiohttp/connector.py", line 1291, in _wrap_create_connection
    sock = await aiohappyeyeballs.start_connection(
           ^^^^^^^^^^^^^^^^^^^^^^^^^^^^^^^^^^^^^^^^
  File "/projects/sp4rk/.venv/lib/python3.12/site-packages/aiohappyeyeballs/impl.py", line 89, in start_connection
    sock, _, _ = await _staggered.staggered_race(
                 ^^^^^^^^^^^^^^^^^^^^^^^^^^^^^^^^
  File "/projects/sp4rk/.venv/lib/python3.12/site-packages/aiohappyeyeballs/_staggered.py", line 155, in staggered_race
    done = await _wait_one(
           ^^^^^^^^^^^^^^^^
  File "/projects/sp4rk/.venv/lib/python3.12/site-packages/aiohappyeyeballs/_staggered.py", line 36, in _wait_one
    return await wait_next
           ^^^^^^^^^^^^^^^
asyncio.exceptions.CancelledError

The above exception was the direct cause of the following exception:

Traceback (most recent call last):
  File "/projects/sp4rk/.venv/lib/python3.12/site-packages/discord/client.py", line 664, in connect
    self.ws = await asyncio.wait_for(coro, timeout=60.0)
              ^^^^^^^^^^^^^^^^^^^^^^^^^^^^^^^^^^^^^^^^^^
  File "/usr/lib/python3.12/asyncio/tasks.py", line 519, in wait_for
    async with timeouts.timeout(timeout):
  File "/usr/lib/python3.12/asyncio/timeouts.py", line 115, in __aexit__
    raise TimeoutError from exc_val
TimeoutError
2026-08-18 17:29:00,587 ERROR:discord.client:Attempting a reconnect in 289.29s
Traceback (most recent call last):
  File "/usr/lib/python3.12/asyncio/tasks.py", line 520, in wait_for
    return await fut
           ^^^^^^^^^
  File "/projects/sp4rk/.venv/lib/python3.12/site-packages/discord/gateway.py", line 374, in from_client
    socket = await client.http.ws_connect(str(url))
             ^^^^^^^^^^^^^^^^^^^^^^^^^^^^^^^^^^^^^^
  File "/projects/sp4rk/.venv/lib/python3.12/site-packages/discord/http.py", line 550, in ws_connect
    return await self.__session.ws_connect(url, **kwargs)
           ^^^^^^^^^^^^^^^^^^^^^^^^^^^^^^^^^^^^^^^^^^^^^^
  File "/projects/sp4rk/.venv/lib/python3.12/site-packages/aiohttp/client.py", line 1244, in _ws_connect
    resp = await self.request(
           ^^^^^^^^^^^^^^^^^^^
  File "/projects/sp4rk/.venv/lib/python3.12/site-packages/aiohttp/client.py", line 856, in _request
    resp = await handler(req)
           ^^^^^^^^^^^^^^^^^^
  File "/projects/sp4rk/.venv/lib/python3.12/site-packages/aiohttp/client.py", line 810, in _connect_and_send_request
    conn = await self._connector.connect(
           ^^^^^^^^^^^^^^^^^^^^^^^^^^^^^^
  File "/projects/sp4rk/.venv/lib/python3.12/site-packages/aiohttp/connector.py", line 655, in connect
    proto = await self._create_connection(req, traces, timeout)
            ^^^^^^^^^^^^^^^^^^^^^^^^^^^^^^^^^^^^^^^^^^^^^^^^^^^
  File "/projects/sp4rk/.venv/lib/python3.12/site-packages/aiohttp/connector.py", line 1232, in _create_connection
    _, proto = await self._create_direct_connection(req, traces, timeout)
               ^^^^^^^^^^^^^^^^^^^^^^^^^^^^^^^^^^^^^^^^^^^^^^^^^^^^^^^^^^
  File "/projects/sp4rk/.venv/lib/python3.12/site-packages/aiohttp/connector.py", line 1579, in _create_direct_connection
    transp, proto = await self._wrap_create_connection(
                    ^^^^^^^^^^^^^^^^^^^^^^^^^^^^^^^^^^^
  File "/projects/sp4rk/.venv/lib/python3.12/site-packages/aiohttp/connector.py", line 1306, in _wrap_create_connection
    return await self._loop.create_connection(*args, **kwargs, sock=sock)
           ^^^^^^^^^^^^^^^^^^^^^^^^^^^^^^^^^^^^^^^^^^^^^^^^^^^^^^^^^^^^^^
  File "/usr/lib/python3.12/asyncio/base_events.py", line 1149, in create_connection
    transport, protocol = await self._create_connection_transport(
                          ^^^^^^^^^^^^^^^^^^^^^^^^^^^^^^^^^^^^^^^^
  File "/usr/lib/python3.12/asyncio/base_events.py", line 1182, in _create_connection_transport
    await waiter
asyncio.exceptions.CancelledError

The above exception was the direct cause of the following exception:

Traceback (most recent call last):
  File "/projects/sp4rk/.venv/lib/python3.12/site-packages/discord/client.py", line 664, in connect
    self.ws = await asyncio.wait_for(coro, timeout=60.0)
              ^^^^^^^^^^^^^^^^^^^^^^^^^^^^^^^^^^^^^^^^^^
  File "/usr/lib/python3.12/asyncio/tasks.py", line 519, in wait_for
    async with timeouts.timeout(timeout):
  File "/usr/lib/python3.12/asyncio/timeouts.py", line 115, in __aexit__
    raise TimeoutError from exc_val
TimeoutError
2026-08-18 17:34:49,889 ERROR:discord.client:Attempting a reconnect in 578.73s
Traceback (most recent call last):
  File "/usr/lib/python3.12/asyncio/tasks.py", line 520, in wait_for
    return await fut
           ^^^^^^^^^
  File "/projects/sp4rk/.venv/lib/python3.12/site-packages/discord/gateway.py", line 374, in from_client
    socket = await client.http.ws_connect(str(url))
             ^^^^^^^^^^^^^^^^^^^^^^^^^^^^^^^^^^^^^^
  File "/projects/sp4rk/.venv/lib/python3.12/site-packages/discord/http.py", line 550, in ws_connect
    return await self.__session.ws_connect(url, **kwargs)
           ^^^^^^^^^^^^^^^^^^^^^^^^^^^^^^^^^^^^^^^^^^^^^^
  File "/projects/sp4rk/.venv/lib/python3.12/site-packages/aiohttp/client.py", line 1244, in _ws_connect
    resp = await self.request(
           ^^^^^^^^^^^^^^^^^^^
  File "/projects/sp4rk/.venv/lib/python3.12/site-packages/aiohttp/client.py", line 856, in _request
    resp = await handler(req)
           ^^^^^^^^^^^^^^^^^^
  File "/projects/sp4rk/.venv/lib/python3.12/site-packages/aiohttp/client.py", line 810, in _connect_and_send_request
    conn = await self._connector.connect(
           ^^^^^^^^^^^^^^^^^^^^^^^^^^^^^^
  File "/projects/sp4rk/.venv/lib/python3.12/site-packages/aiohttp/connector.py", line 655, in connect
    proto = await self._create_connection(req, traces, timeout)
            ^^^^^^^^^^^^^^^^^^^^^^^^^^^^^^^^^^^^^^^^^^^^^^^^^^^
  File "/projects/sp4rk/.venv/lib/python3.12/site-packages/aiohttp/connector.py", line 1232, in _create_connection
    _, proto = await self._create_direct_connection(req, traces, timeout)
               ^^^^^^^^^^^^^^^^^^^^^^^^^^^^^^^^^^^^^^^^^^^^^^^^^^^^^^^^^^
  File "/projects/sp4rk/.venv/lib/python3.12/site-packages/aiohttp/connector.py", line 1579, in _create_direct_connection
    transp, proto = await self._wrap_create_connection(
                    ^^^^^^^^^^^^^^^^^^^^^^^^^^^^^^^^^^^
  File "/projects/sp4rk/.venv/lib/python3.12/site-packages/aiohttp/connector.py", line 1306, in _wrap_create_connection
    return await self._loop.create_connection(*args, **kwargs, sock=sock)
           ^^^^^^^^^^^^^^^^^^^^^^^^^^^^^^^^^^^^^^^^^^^^^^^^^^^^^^^^^^^^^^
  File "/usr/lib/python3.12/asyncio/base_events.py", line 1149, in create_connection
    transport, protocol = await self._create_connection_transport(
                          ^^^^^^^^^^^^^^^^^^^^^^^^^^^^^^^^^^^^^^^^
  File "/usr/lib/python3.12/asyncio/base_events.py", line 1182, in _create_connection_transport
    await waiter
asyncio.exceptions.CancelledError

The above exception was the direct cause of the following exception:

Traceback (most recent call last):
  File "/projects/sp4rk/.venv/lib/python3.12/site-packages/discord/client.py", line 664, in connect
    self.ws = await asyncio.wait_for(coro, timeout=60.0)
              ^^^^^^^^^^^^^^^^^^^^^^^^^^^^^^^^^^^^^^^^^^
  File "/usr/lib/python3.12/asyncio/tasks.py", line 519, in wait_for
    async with timeouts.timeout(timeout):
  File "/usr/lib/python3.12/asyncio/timeouts.py", line 115, in __aexit__
    raise TimeoutError from exc_val
TimeoutError
2026-08-18 17:45:28,626 ERROR:discord.client:Attempting a reconnect in 244.96s
Traceback (most recent call last):
  File "/usr/lib/python3.12/asyncio/tasks.py", line 520, in wait_for
    return await fut
           ^^^^^^^^^
  File "/projects/sp4rk/.venv/lib/python3.12/site-packages/discord/gateway.py", line 374, in from_client
    socket = await client.http.ws_connect(str(url))
             ^^^^^^^^^^^^^^^^^^^^^^^^^^^^^^^^^^^^^^
  File "/projects/sp4rk/.venv/lib/python3.12/site-packages/discord/http.py", line 550, in ws_connect
    return await self.__session.ws_connect(url, **kwargs)
           ^^^^^^^^^^^^^^^^^^^^^^^^^^^^^^^^^^^^^^^^^^^^^^
  File "/projects/sp4rk/.venv/lib/python3.12/site-packages/aiohttp/client.py", line 1244, in _ws_connect
    resp = await self.request(
           ^^^^^^^^^^^^^^^^^^^
  File "/projects/sp4rk/.venv/lib/python3.12/site-packages/aiohttp/client.py", line 856, in _request
    resp = await handler(req)
           ^^^^^^^^^^^^^^^^^^
  File "/projects/sp4rk/.venv/lib/python3.12/site-packages/aiohttp/client.py", line 810, in _connect_and_send_request
    conn = await self._connector.connect(
           ^^^^^^^^^^^^^^^^^^^^^^^^^^^^^^
  File "/projects/sp4rk/.venv/lib/python3.12/site-packages/aiohttp/connector.py", line 655, in connect
    proto = await self._create_connection(req, traces, timeout)
            ^^^^^^^^^^^^^^^^^^^^^^^^^^^^^^^^^^^^^^^^^^^^^^^^^^^
  File "/projects/sp4rk/.venv/lib/python3.12/site-packages/aiohttp/connector.py", line 1232, in _create_connection
    _, proto = await self._create_direct_connection(req, traces, timeout)
               ^^^^^^^^^^^^^^^^^^^^^^^^^^^^^^^^^^^^^^^^^^^^^^^^^^^^^^^^^^
  File "/projects/sp4rk/.venv/lib/python3.12/site-packages/aiohttp/connector.py", line 1579, in _create_direct_connection
    transp, proto = await self._wrap_create_connection(
                    ^^^^^^^^^^^^^^^^^^^^^^^^^^^^^^^^^^^
  File "/projects/sp4rk/.venv/lib/python3.12/site-packages/aiohttp/connector.py", line 1306, in _wrap_create_connection
    return await self._loop.create_connection(*args, **kwargs, sock=sock)
           ^^^^^^^^^^^^^^^^^^^^^^^^^^^^^^^^^^^^^^^^^^^^^^^^^^^^^^^^^^^^^^
  File "/usr/lib/python3.12/asyncio/base_events.py", line 1149, in create_connection
    transport, protocol = await self._create_connection_transport(
                          ^^^^^^^^^^^^^^^^^^^^^^^^^^^^^^^^^^^^^^^^
  File "/usr/lib/python3.12/asyncio/base_events.py", line 1182, in _create_connection_transport
    await waiter
asyncio.exceptions.CancelledError

The above exception was the direct cause of the following exception:

Traceback (most recent call last):
  File "/projects/sp4rk/.venv/lib/python3.12/site-packages/discord/client.py", line 664, in connect
    self.ws = await asyncio.wait_for(coro, timeout=60.0)
              ^^^^^^^^^^^^^^^^^^^^^^^^^^^^^^^^^^^^^^^^^^
  File "/usr/lib/python3.12/asyncio/tasks.py", line 519, in wait_for
    async with timeouts.timeout(timeout):
  File "/usr/lib/python3.12/asyncio/timeouts.py", line 115, in __aexit__
    raise TimeoutError from exc_val
TimeoutError
2026-08-18 17:50:33,595 ERROR:discord.client:Attempting a reconnect in 209.01s
Traceback (most recent call last):
  File "/usr/lib/python3.12/asyncio/tasks.py", line 520, in wait_for
    return await fut
           ^^^^^^^^^
  File "/projects/sp4rk/.venv/lib/python3.12/site-packages/discord/gateway.py", line 374, in from_client
    socket = await client.http.ws_connect(str(url))
             ^^^^^^^^^^^^^^^^^^^^^^^^^^^^^^^^^^^^^^
  File "/projects/sp4rk/.venv/lib/python3.12/site-packages/discord/http.py", line 550, in ws_connect
    return await self.__session.ws_connect(url, **kwargs)
           ^^^^^^^^^^^^^^^^^^^^^^^^^^^^^^^^^^^^^^^^^^^^^^
  File "/projects/sp4rk/.venv/lib/python3.12/site-packages/aiohttp/client.py", line 1244, in _ws_connect
    resp = await self.request(
           ^^^^^^^^^^^^^^^^^^^
  File "/projects/sp4rk/.venv/lib/python3.12/site-packages/aiohttp/client.py", line 856, in _request
    resp = await handler(req)
           ^^^^^^^^^^^^^^^^^^
  File "/projects/sp4rk/.venv/lib/python3.12/site-packages/aiohttp/client.py", line 810, in _connect_and_send_request
    conn = await self._connector.connect(
           ^^^^^^^^^^^^^^^^^^^^^^^^^^^^^^
  File "/projects/sp4rk/.venv/lib/python3.12/site-packages/aiohttp/connector.py", line 655, in connect
    proto = await self._create_connection(req, traces, timeout)
            ^^^^^^^^^^^^^^^^^^^^^^^^^^^^^^^^^^^^^^^^^^^^^^^^^^^
  File "/projects/sp4rk/.venv/lib/python3.12/site-packages/aiohttp/connector.py", line 1232, in _create_connection
    _, proto = await self._create_direct_connection(req, traces, timeout)
               ^^^^^^^^^^^^^^^^^^^^^^^^^^^^^^^^^^^^^^^^^^^^^^^^^^^^^^^^^^
  File "/projects/sp4rk/.venv/lib/python3.12/site-packages/aiohttp/connector.py", line 1579, in _create_direct_connection
    transp, proto = await self._wrap_create_connection(
                    ^^^^^^^^^^^^^^^^^^^^^^^^^^^^^^^^^^^
  File "/projects/sp4rk/.venv/lib/python3.12/site-packages/aiohttp/connector.py", line 1306, in _wrap_create_connection
    return await self._loop.create_connection(*args, **kwargs, sock=sock)
           ^^^^^^^^^^^^^^^^^^^^^^^^^^^^^^^^^^^^^^^^^^^^^^^^^^^^^^^^^^^^^^
  File "/usr/lib/python3.12/asyncio/base_events.py", line 1149, in create_connection
    transport, protocol = await self._create_connection_transport(
                          ^^^^^^^^^^^^^^^^^^^^^^^^^^^^^^^^^^^^^^^^
  File "/usr/lib/python3.12/asyncio/base_events.py", line 1182, in _create_connection_transport
    await waiter
asyncio.exceptions.CancelledError

The above exception was the direct cause of the following exception:

Traceback (most recent call last):
  File "/projects/sp4rk/.venv/lib/python3.12/site-packages/discord/client.py", line 664, in connect
    self.ws = await asyncio.wait_for(coro, timeout=60.0)
              ^^^^^^^^^^^^^^^^^^^^^^^^^^^^^^^^^^^^^^^^^^
  File "/usr/lib/python3.12/asyncio/tasks.py", line 519, in wait_for
    async with timeouts.timeout(timeout):
  File "/usr/lib/python3.12/asyncio/timeouts.py", line 115, in __aexit__
    raise TimeoutError from exc_val
TimeoutError
2026-08-18 17:55:02,612 ERROR:discord.client:Attempting a reconnect in 678.81s
Traceback (most recent call last):
  File "/usr/lib/python3.12/asyncio/tasks.py", line 520, in wait_for
    return await fut
           ^^^^^^^^^
  File "/projects/sp4rk/.venv/lib/python3.12/site-packages/discord/gateway.py", line 374, in from_client
    socket = await client.http.ws_connect(str(url))
             ^^^^^^^^^^^^^^^^^^^^^^^^^^^^^^^^^^^^^^
  File "/projects/sp4rk/.venv/lib/python3.12/site-packages/discord/http.py", line 550, in ws_connect
    return await self.__session.ws_connect(url, **kwargs)
           ^^^^^^^^^^^^^^^^^^^^^^^^^^^^^^^^^^^^^^^^^^^^^^
  File "/projects/sp4rk/.venv/lib/python3.12/site-packages/aiohttp/client.py", line 1244, in _ws_connect
    resp = await self.request(
           ^^^^^^^^^^^^^^^^^^^
  File "/projects/sp4rk/.venv/lib/python3.12/site-packages/aiohttp/client.py", line 856, in _request
    resp = await handler(req)
           ^^^^^^^^^^^^^^^^^^
  File "/projects/sp4rk/.venv/lib/python3.12/site-packages/aiohttp/client.py", line 810, in _connect_and_send_request
    conn = await self._connector.connect(
           ^^^^^^^^^^^^^^^^^^^^^^^^^^^^^^
  File "/projects/sp4rk/.venv/lib/python3.12/site-packages/aiohttp/connector.py", line 655, in connect
    proto = await self._create_connection(req, traces, timeout)
            ^^^^^^^^^^^^^^^^^^^^^^^^^^^^^^^^^^^^^^^^^^^^^^^^^^^
  File "/projects/sp4rk/.venv/lib/python3.12/site-packages/aiohttp/connector.py", line 1232, in _create_connection
    _, proto = await self._create_direct_connection(req, traces, timeout)
               ^^^^^^^^^^^^^^^^^^^^^^^^^^^^^^^^^^^^^^^^^^^^^^^^^^^^^^^^^^
  File "/projects/sp4rk/.venv/lib/python3.12/site-packages/aiohttp/connector.py", line 1579, in _create_direct_connection
    transp, proto = await self._wrap_create_connection(
                    ^^^^^^^^^^^^^^^^^^^^^^^^^^^^^^^^^^^
  File "/projects/sp4rk/.venv/lib/python3.12/site-packages/aiohttp/connector.py", line 1306, in _wrap_create_connection
    return await self._loop.create_connection(*args, **kwargs, sock=sock)
           ^^^^^^^^^^^^^^^^^^^^^^^^^^^^^^^^^^^^^^^^^^^^^^^^^^^^^^^^^^^^^^
  File "/usr/lib/python3.12/asyncio/base_events.py", line 1149, in create_connection
    transport, protocol = await self._create_connection_transport(
                          ^^^^^^^^^^^^^^^^^^^^^^^^^^^^^^^^^^^^^^^^
  File "/usr/lib/python3.12/asyncio/base_events.py", line 1182, in _create_connection_transport
    await waiter
asyncio.exceptions.CancelledError

The above exception was the direct cause of the following exception:

Traceback (most recent call last):
  File "/projects/sp4rk/.venv/lib/python3.12/site-packages/discord/client.py", line 664, in connect
    self.ws = await asyncio.wait_for(coro, timeout=60.0)
              ^^^^^^^^^^^^^^^^^^^^^^^^^^^^^^^^^^^^^^^^^^
  File "/usr/lib/python3.12/asyncio/tasks.py", line 519, in wait_for
    async with timeouts.timeout(timeout):
  File "/usr/lib/python3.12/asyncio/timeouts.py", line 115, in __aexit__
    raise TimeoutError from exc_val
TimeoutError
2026-08-18 18:07:21,431 ERROR:discord.client:Attempting a reconnect in 154.80s
Traceback (most recent call last):
  File "/usr/lib/python3.12/asyncio/tasks.py", line 520, in wait_for
    return await fut
           ^^^^^^^^^
  File "/projects/sp4rk/.venv/lib/python3.12/site-packages/discord/gateway.py", line 374, in from_client
    socket = await client.http.ws_connect(str(url))
             ^^^^^^^^^^^^^^^^^^^^^^^^^^^^^^^^^^^^^^
  File "/projects/sp4rk/.venv/lib/python3.12/site-packages/discord/http.py", line 550, in ws_connect
    return await self.__session.ws_connect(url, **kwargs)
           ^^^^^^^^^^^^^^^^^^^^^^^^^^^^^^^^^^^^^^^^^^^^^^
  File "/projects/sp4rk/.venv/lib/python3.12/site-packages/aiohttp/client.py", line 1244, in _ws_connect
    resp = await self.request(
           ^^^^^^^^^^^^^^^^^^^
  File "/projects/sp4rk/.venv/lib/python3.12/site-packages/aiohttp/client.py", line 856, in _request
    resp = await handler(req)
           ^^^^^^^^^^^^^^^^^^
  File "/projects/sp4rk/.venv/lib/python3.12/site-packages/aiohttp/client.py", line 810, in _connect_and_send_request
    conn = await self._connector.connect(
           ^^^^^^^^^^^^^^^^^^^^^^^^^^^^^^
  File "/projects/sp4rk/.venv/lib/python3.12/site-packages/aiohttp/connector.py", line 655, in connect
    proto = await self._create_connection(req, traces, timeout)
            ^^^^^^^^^^^^^^^^^^^^^^^^^^^^^^^^^^^^^^^^^^^^^^^^^^^
  File "/projects/sp4rk/.venv/lib/python3.12/site-packages/aiohttp/connector.py", line 1232, in _create_connection
    _, proto = await self._create_direct_connection(req, traces, timeout)
               ^^^^^^^^^^^^^^^^^^^^^^^^^^^^^^^^^^^^^^^^^^^^^^^^^^^^^^^^^^
  File "/projects/sp4rk/.venv/lib/python3.12/site-packages/aiohttp/connector.py", line 1579, in _create_direct_connection
    transp, proto = await self._wrap_create_connection(
                    ^^^^^^^^^^^^^^^^^^^^^^^^^^^^^^^^^^^
  File "/projects/sp4rk/.venv/lib/python3.12/site-packages/aiohttp/connector.py", line 1306, in _wrap_create_connection
    return await self._loop.create_connection(*args, **kwargs, sock=sock)
           ^^^^^^^^^^^^^^^^^^^^^^^^^^^^^^^^^^^^^^^^^^^^^^^^^^^^^^^^^^^^^^
  File "/usr/lib/python3.12/asyncio/base_events.py", line 1149, in create_connection
    transport, protocol = await self._create_connection_transport(
                          ^^^^^^^^^^^^^^^^^^^^^^^^^^^^^^^^^^^^^^^^
  File "/usr/lib/python3.12/asyncio/base_events.py", line 1182, in _create_connection_transport
    await waiter
asyncio.exceptions.CancelledError

The above exception was the direct cause of the following exception:

Traceback (most recent call last):
  File "/projects/sp4rk/.venv/lib/python3.12/site-packages/discord/client.py", line 664, in connect
    self.ws = await asyncio.wait_for(coro, timeout=60.0)
              ^^^^^^^^^^^^^^^^^^^^^^^^^^^^^^^^^^^^^^^^^^
  File "/usr/lib/python3.12/asyncio/tasks.py", line 519, in wait_for
    async with timeouts.timeout(timeout):
  File "/usr/lib/python3.12/asyncio/timeouts.py", line 115, in __aexit__
    raise TimeoutError from exc_val
TimeoutError
2026-08-18 18:10:56,240 ERROR:discord.client:Attempting a reconnect in 86.16s
Traceback (most recent call last):
  File "/usr/lib/python3.12/asyncio/tasks.py", line 520, in wait_for
    return await fut
           ^^^^^^^^^
  File "/projects/sp4rk/.venv/lib/python3.12/site-packages/discord/gateway.py", line 374, in from_client
    socket = await client.http.ws_connect(str(url))
             ^^^^^^^^^^^^^^^^^^^^^^^^^^^^^^^^^^^^^^
  File "/projects/sp4rk/.venv/lib/python3.12/site-packages/discord/http.py", line 550, in ws_connect
    return await self.__session.ws_connect(url, **kwargs)
           ^^^^^^^^^^^^^^^^^^^^^^^^^^^^^^^^^^^^^^^^^^^^^^
  File "/projects/sp4rk/.venv/lib/python3.12/site-packages/aiohttp/client.py", line 1244, in _ws_connect
    resp = await self.request(
           ^^^^^^^^^^^^^^^^^^^
  File "/projects/sp4rk/.venv/lib/python3.12/site-packages/aiohttp/client.py", line 856, in _request
    resp = await handler(req)
           ^^^^^^^^^^^^^^^^^^
  File "/projects/sp4rk/.venv/lib/python3.12/site-packages/aiohttp/client.py", line 810, in _connect_and_send_request
    conn = await self._connector.connect(
           ^^^^^^^^^^^^^^^^^^^^^^^^^^^^^^
  File "/projects/sp4rk/.venv/lib/python3.12/site-packages/aiohttp/connector.py", line 655, in connect
    proto = await self._create_connection(req, traces, timeout)
            ^^^^^^^^^^^^^^^^^^^^^^^^^^^^^^^^^^^^^^^^^^^^^^^^^^^
  File "/projects/sp4rk/.venv/lib/python3.12/site-packages/aiohttp/connector.py", line 1232, in _create_connection
    _, proto = await self._create_direct_connection(req, traces, timeout)
               ^^^^^^^^^^^^^^^^^^^^^^^^^^^^^^^^^^^^^^^^^^^^^^^^^^^^^^^^^^
  File "/projects/sp4rk/.venv/lib/python3.12/site-packages/aiohttp/connector.py", line 1579, in _create_direct_connection
    transp, proto = await self._wrap_create_connection(
                    ^^^^^^^^^^^^^^^^^^^^^^^^^^^^^^^^^^^
  File "/projects/sp4rk/.venv/lib/python3.12/site-packages/aiohttp/connector.py", line 1306, in _wrap_create_connection
    return await self._loop.create_connection(*args, **kwargs, sock=sock)
           ^^^^^^^^^^^^^^^^^^^^^^^^^^^^^^^^^^^^^^^^^^^^^^^^^^^^^^^^^^^^^^
  File "/usr/lib/python3.12/asyncio/base_events.py", line 1149, in create_connection
    transport, protocol = await self._create_connection_transport(
                          ^^^^^^^^^^^^^^^^^^^^^^^^^^^^^^^^^^^^^^^^
  File "/usr/lib/python3.12/asyncio/base_events.py", line 1182, in _create_connection_transport
    await waiter
asyncio.exceptions.CancelledError

The above exception was the direct cause of the following exception:

Traceback (most recent call last):
  File "/projects/sp4rk/.venv/lib/python3.12/site-packages/discord/client.py", line 664, in connect
    self.ws = await asyncio.wait_for(coro, timeout=60.0)
              ^^^^^^^^^^^^^^^^^^^^^^^^^^^^^^^^^^^^^^^^^^
  File "/usr/lib/python3.12/asyncio/tasks.py", line 519, in wait_for
    async with timeouts.timeout(timeout):
  File "/usr/lib/python3.12/asyncio/timeouts.py", line 115, in __aexit__
    raise TimeoutError from exc_val
TimeoutError
2026-08-18 18:13:22,411 ERROR:discord.client:Attempting a reconnect in 924.29s
Traceback (most recent call last):
  File "/usr/lib/python3.12/asyncio/tasks.py", line 520, in wait_for
    return await fut
           ^^^^^^^^^
  File "/projects/sp4rk/.venv/lib/python3.12/site-packages/discord/gateway.py", line 374, in from_client
    socket = await client.http.ws_connect(str(url))
             ^^^^^^^^^^^^^^^^^^^^^^^^^^^^^^^^^^^^^^
  File "/projects/sp4rk/.venv/lib/python3.12/site-packages/discord/http.py", line 550, in ws_connect
    return await self.__session.ws_connect(url, **kwargs)
           ^^^^^^^^^^^^^^^^^^^^^^^^^^^^^^^^^^^^^^^^^^^^^^
  File "/projects/sp4rk/.venv/lib/python3.12/site-packages/aiohttp/client.py", line 1244, in _ws_connect
    resp = await self.request(
           ^^^^^^^^^^^^^^^^^^^
  File "/projects/sp4rk/.venv/lib/python3.12/site-packages/aiohttp/client.py", line 856, in _request
    resp = await handler(req)
           ^^^^^^^^^^^^^^^^^^
  File "/projects/sp4rk/.venv/lib/python3.12/site-packages/aiohttp/client.py", line 810, in _connect_and_send_request
    conn = await self._connector.connect(
           ^^^^^^^^^^^^^^^^^^^^^^^^^^^^^^
  File "/projects/sp4rk/.venv/lib/python3.12/site-packages/aiohttp/connector.py", line 655, in connect
    proto = await self._create_connection(req, traces, timeout)
            ^^^^^^^^^^^^^^^^^^^^^^^^^^^^^^^^^^^^^^^^^^^^^^^^^^^
  File "/projects/sp4rk/.venv/lib/python3.12/site-packages/aiohttp/connector.py", line 1232, in _create_connection
    _, proto = await self._create_direct_connection(req, traces, timeout)
               ^^^^^^^^^^^^^^^^^^^^^^^^^^^^^^^^^^^^^^^^^^^^^^^^^^^^^^^^^^
  File "/projects/sp4rk/.venv/lib/python3.12/site-packages/aiohttp/connector.py", line 1579, in _create_direct_connection
    transp, proto = await self._wrap_create_connection(
                    ^^^^^^^^^^^^^^^^^^^^^^^^^^^^^^^^^^^
  File "/projects/sp4rk/.venv/lib/python3.12/site-packages/aiohttp/connector.py", line 1306, in _wrap_create_connection
    return await self._loop.create_connection(*args, **kwargs, sock=sock)
           ^^^^^^^^^^^^^^^^^^^^^^^^^^^^^^^^^^^^^^^^^^^^^^^^^^^^^^^^^^^^^^
  File "/usr/lib/python3.12/asyncio/base_events.py", line 1149, in create_connection
    transport, protocol = await self._create_connection_transport(
                          ^^^^^^^^^^^^^^^^^^^^^^^^^^^^^^^^^^^^^^^^
  File "/usr/lib/python3.12/asyncio/base_events.py", line 1182, in _create_connection_transport
    await waiter
asyncio.exceptions.CancelledError

The above exception was the direct cause of the following exception:

Traceback (most recent call last):
  File "/projects/sp4rk/.venv/lib/python3.12/site-packages/discord/client.py", line 664, in connect
    self.ws = await asyncio.wait_for(coro, timeout=60.0)
              ^^^^^^^^^^^^^^^^^^^^^^^^^^^^^^^^^^^^^^^^^^
  File "/usr/lib/python3.12/asyncio/tasks.py", line 519, in wait_for
    async with timeouts.timeout(timeout):
  File "/usr/lib/python3.12/asyncio/timeouts.py", line 115, in __aexit__
    raise TimeoutError from exc_val
TimeoutError
2026-08-18 18:29:46,709 ERROR:discord.client:Attempting a reconnect in 198.72s
Traceback (most recent call last):
  File "/usr/lib/python3.12/asyncio/tasks.py", line 520, in wait_for
    return await fut
           ^^^^^^^^^
  File "/projects/sp4rk/.venv/lib/python3.12/site-packages/discord/gateway.py", line 374, in from_client
    socket = await client.http.ws_connect(str(url))
             ^^^^^^^^^^^^^^^^^^^^^^^^^^^^^^^^^^^^^^
  File "/projects/sp4rk/.venv/lib/python3.12/site-packages/discord/http.py", line 550, in ws_connect
    return await self.__session.ws_connect(url, **kwargs)
           ^^^^^^^^^^^^^^^^^^^^^^^^^^^^^^^^^^^^^^^^^^^^^^
  File "/projects/sp4rk/.venv/lib/python3.12/site-packages/aiohttp/client.py", line 1244, in _ws_connect
    resp = await self.request(
           ^^^^^^^^^^^^^^^^^^^
  File "/projects/sp4rk/.venv/lib/python3.12/site-packages/aiohttp/client.py", line 856, in _request
    resp = await handler(req)
           ^^^^^^^^^^^^^^^^^^
  File "/projects/sp4rk/.venv/lib/python3.12/site-packages/aiohttp/client.py", line 810, in _connect_and_send_request
    conn = await self._connector.connect(
           ^^^^^^^^^^^^^^^^^^^^^^^^^^^^^^
  File "/projects/sp4rk/.venv/lib/python3.12/site-packages/aiohttp/connector.py", line 655, in connect
    proto = await self._create_connection(req, traces, timeout)
            ^^^^^^^^^^^^^^^^^^^^^^^^^^^^^^^^^^^^^^^^^^^^^^^^^^^
  File "/projects/sp4rk/.venv/lib/python3.12/site-packages/aiohttp/connector.py", line 1232, in _create_connection
    _, proto = await self._create_direct_connection(req, traces, timeout)
               ^^^^^^^^^^^^^^^^^^^^^^^^^^^^^^^^^^^^^^^^^^^^^^^^^^^^^^^^^^
  File "/projects/sp4rk/.venv/lib/python3.12/site-packages/aiohttp/connector.py", line 1579, in _create_direct_connection
    transp, proto = await self._wrap_create_connection(
                    ^^^^^^^^^^^^^^^^^^^^^^^^^^^^^^^^^^^
  File "/projects/sp4rk/.venv/lib/python3.12/site-packages/aiohttp/connector.py", line 1306, in _wrap_create_connection
    return await self._loop.create_connection(*args, **kwargs, sock=sock)
           ^^^^^^^^^^^^^^^^^^^^^^^^^^^^^^^^^^^^^^^^^^^^^^^^^^^^^^^^^^^^^^
  File "/usr/lib/python3.12/asyncio/base_events.py", line 1149, in create_connection
    transport, protocol = await self._create_connection_transport(
                          ^^^^^^^^^^^^^^^^^^^^^^^^^^^^^^^^^^^^^^^^
  File "/usr/lib/python3.12/asyncio/base_events.py", line 1182, in _create_connection_transport
    await waiter
asyncio.exceptions.CancelledError

The above exception was the direct cause of the following exception:

Traceback (most recent call last):
  File "/projects/sp4rk/.venv/lib/python3.12/site-packages/discord/client.py", line 664, in connect
    self.ws = await asyncio.wait_for(coro, timeout=60.0)
              ^^^^^^^^^^^^^^^^^^^^^^^^^^^^^^^^^^^^^^^^^^
  File "/usr/lib/python3.12/asyncio/tasks.py", line 519, in wait_for
    async with timeouts.timeout(timeout):
  File "/usr/lib/python3.12/asyncio/timeouts.py", line 115, in __aexit__
    raise TimeoutError from exc_val
TimeoutError
2026-08-18 18:34:05,433 ERROR:discord.client:Attempting a reconnect in 741.70s
Traceback (most recent call last):
  File "/usr/lib/python3.12/asyncio/tasks.py", line 520, in wait_for
    return await fut
           ^^^^^^^^^
  File "/projects/sp4rk/.venv/lib/python3.12/site-packages/discord/gateway.py", line 374, in from_client
    socket = await client.http.ws_connect(str(url))
             ^^^^^^^^^^^^^^^^^^^^^^^^^^^^^^^^^^^^^^
  File "/projects/sp4rk/.venv/lib/python3.12/site-packages/discord/http.py", line 550, in ws_connect
    return await self.__session.ws_connect(url, **kwargs)
           ^^^^^^^^^^^^^^^^^^^^^^^^^^^^^^^^^^^^^^^^^^^^^^
  File "/projects/sp4rk/.venv/lib/python3.12/site-packages/aiohttp/client.py", line 1244, in _ws_connect
    resp = await self.request(
           ^^^^^^^^^^^^^^^^^^^
  File "/projects/sp4rk/.venv/lib/python3.12/site-packages/aiohttp/client.py", line 856, in _request
    resp = await handler(req)
           ^^^^^^^^^^^^^^^^^^
  File "/projects/sp4rk/.venv/lib/python3.12/site-packages/aiohttp/client.py", line 810, in _connect_and_send_request
    conn = await self._connector.connect(
           ^^^^^^^^^^^^^^^^^^^^^^^^^^^^^^
  File "/projects/sp4rk/.venv/lib/python3.12/site-packages/aiohttp/connector.py", line 655, in connect
    proto = await self._create_connection(req, traces, timeout)
            ^^^^^^^^^^^^^^^^^^^^^^^^^^^^^^^^^^^^^^^^^^^^^^^^^^^
  File "/projects/sp4rk/.venv/lib/python3.12/site-packages/aiohttp/connector.py", line 1232, in _create_connection
    _, proto = await self._create_direct_connection(req, traces, timeout)
               ^^^^^^^^^^^^^^^^^^^^^^^^^^^^^^^^^^^^^^^^^^^^^^^^^^^^^^^^^^
  File "/projects/sp4rk/.venv/lib/python3.12/site-packages/aiohttp/connector.py", line 1579, in _create_direct_connection
    transp, proto = await self._wrap_create_connection(
                    ^^^^^^^^^^^^^^^^^^^^^^^^^^^^^^^^^^^
  File "/projects/sp4rk/.venv/lib/python3.12/site-packages/aiohttp/connector.py", line 1306, in _wrap_create_connection
    return await self._loop.create_connection(*args, **kwargs, sock=sock)
           ^^^^^^^^^^^^^^^^^^^^^^^^^^^^^^^^^^^^^^^^^^^^^^^^^^^^^^^^^^^^^^
  File "/usr/lib/python3.12/asyncio/base_events.py", line 1149, in create_connection
    transport, protocol = await self._create_connection_transport(
                          ^^^^^^^^^^^^^^^^^^^^^^^^^^^^^^^^^^^^^^^^
  File "/usr/lib/python3.12/asyncio/base_events.py", line 1182, in _create_connection_transport
    await waiter
asyncio.exceptions.CancelledError

The above exception was the direct cause of the following exception:

Traceback (most recent call last):
  File "/projects/sp4rk/.venv/lib/python3.12/site-packages/discord/client.py", line 664, in connect
    self.ws = await asyncio.wait_for(coro, timeout=60.0)
              ^^^^^^^^^^^^^^^^^^^^^^^^^^^^^^^^^^^^^^^^^^
  File "/usr/lib/python3.12/asyncio/tasks.py", line 519, in wait_for
    async with timeouts.timeout(timeout):
  File "/usr/lib/python3.12/asyncio/timeouts.py", line 115, in __aexit__
    raise TimeoutError from exc_val
TimeoutError
2026-08-18 18:47:27,142 ERROR:discord.client:Attempting a reconnect in 904.08s
Traceback (most recent call last):
  File "/usr/lib/python3.12/asyncio/tasks.py", line 520, in wait_for
    return await fut
           ^^^^^^^^^
  File "/projects/sp4rk/.venv/lib/python3.12/site-packages/discord/gateway.py", line 374, in from_client
    socket = await client.http.ws_connect(str(url))
             ^^^^^^^^^^^^^^^^^^^^^^^^^^^^^^^^^^^^^^
  File "/projects/sp4rk/.venv/lib/python3.12/site-packages/discord/http.py", line 550, in ws_connect
    return await self.__session.ws_connect(url, **kwargs)
           ^^^^^^^^^^^^^^^^^^^^^^^^^^^^^^^^^^^^^^^^^^^^^^
  File "/projects/sp4rk/.venv/lib/python3.12/site-packages/aiohttp/client.py", line 1244, in _ws_connect
    resp = await self.request(
           ^^^^^^^^^^^^^^^^^^^
  File "/projects/sp4rk/.venv/lib/python3.12/site-packages/aiohttp/client.py", line 856, in _request
    resp = await handler(req)
           ^^^^^^^^^^^^^^^^^^
  File "/projects/sp4rk/.venv/lib/python3.12/site-packages/aiohttp/client.py", line 810, in _connect_and_send_request
    conn = await self._connector.connect(
           ^^^^^^^^^^^^^^^^^^^^^^^^^^^^^^
  File "/projects/sp4rk/.venv/lib/python3.12/site-packages/aiohttp/connector.py", line 655, in connect
    proto = await self._create_connection(req, traces, timeout)
            ^^^^^^^^^^^^^^^^^^^^^^^^^^^^^^^^^^^^^^^^^^^^^^^^^^^
  File "/projects/sp4rk/.venv/lib/python3.12/site-packages/aiohttp/connector.py", line 1232, in _create_connection
    _, proto = await self._create_direct_connection(req, traces, timeout)
               ^^^^^^^^^^^^^^^^^^^^^^^^^^^^^^^^^^^^^^^^^^^^^^^^^^^^^^^^^^
  File "/projects/sp4rk/.venv/lib/python3.12/site-packages/aiohttp/connector.py", line 1579, in _create_direct_connection
    transp, proto = await self._wrap_create_connection(
                    ^^^^^^^^^^^^^^^^^^^^^^^^^^^^^^^^^^^
  File "/projects/sp4rk/.venv/lib/python3.12/site-packages/aiohttp/connector.py", line 1306, in _wrap_create_connection
    return await self._loop.create_connection(*args, **kwargs, sock=sock)
           ^^^^^^^^^^^^^^^^^^^^^^^^^^^^^^^^^^^^^^^^^^^^^^^^^^^^^^^^^^^^^^
  File "/usr/lib/python3.12/asyncio/base_events.py", line 1149, in create_connection
    transport, protocol = await self._create_connection_transport(
                          ^^^^^^^^^^^^^^^^^^^^^^^^^^^^^^^^^^^^^^^^
  File "/usr/lib/python3.12/asyncio/base_events.py", line 1182, in _create_connection_transport
    await waiter
asyncio.exceptions.CancelledError

The above exception was the direct cause of the following exception:

Traceback (most recent call last):
  File "/projects/sp4rk/.venv/lib/python3.12/site-packages/discord/client.py", line 664, in connect
    self.ws = await asyncio.wait_for(coro, timeout=60.0)
              ^^^^^^^^^^^^^^^^^^^^^^^^^^^^^^^^^^^^^^^^^^
  File "/usr/lib/python3.12/asyncio/tasks.py", line 519, in wait_for
    async with timeouts.timeout(timeout):
  File "/usr/lib/python3.12/asyncio/timeouts.py", line 115, in __aexit__
    raise TimeoutError from exc_val
TimeoutError
2026-08-18 19:03:31,227 ERROR:discord.client:Attempting a reconnect in 1021.42s
Traceback (most recent call last):
  File "/usr/lib/python3.12/asyncio/tasks.py", line 520, in wait_for
    return await fut
           ^^^^^^^^^
  File "/projects/sp4rk/.venv/lib/python3.12/site-packages/discord/gateway.py", line 374, in from_client
    socket = await client.http.ws_connect(str(url))
             ^^^^^^^^^^^^^^^^^^^^^^^^^^^^^^^^^^^^^^
  File "/projects/sp4rk/.venv/lib/python3.12/site-packages/discord/http.py", line 550, in ws_connect
    return await self.__session.ws_connect(url, **kwargs)
           ^^^^^^^^^^^^^^^^^^^^^^^^^^^^^^^^^^^^^^^^^^^^^^
  File "/projects/sp4rk/.venv/lib/python3.12/site-packages/aiohttp/client.py", line 1244, in _ws_connect
    resp = await self.request(
           ^^^^^^^^^^^^^^^^^^^
  File "/projects/sp4rk/.venv/lib/python3.12/site-packages/aiohttp/client.py", line 856, in _request
    resp = await handler(req)
           ^^^^^^^^^^^^^^^^^^
  File "/projects/sp4rk/.venv/lib/python3.12/site-packages/aiohttp/client.py", line 810, in _connect_and_send_request
    conn = await self._connector.connect(
           ^^^^^^^^^^^^^^^^^^^^^^^^^^^^^^
  File "/projects/sp4rk/.venv/lib/python3.12/site-packages/aiohttp/connector.py", line 655, in connect
    proto = await self._create_connection(req, traces, timeout)
            ^^^^^^^^^^^^^^^^^^^^^^^^^^^^^^^^^^^^^^^^^^^^^^^^^^^
  File "/projects/sp4rk/.venv/lib/python3.12/site-packages/aiohttp/connector.py", line 1232, in _create_connection
    _, proto = await self._create_direct_connection(req, traces, timeout)
               ^^^^^^^^^^^^^^^^^^^^^^^^^^^^^^^^^^^^^^^^^^^^^^^^^^^^^^^^^^
  File "/projects/sp4rk/.venv/lib/python3.12/site-packages/aiohttp/connector.py", line 1579, in _create_direct_connection
    transp, proto = await self._wrap_create_connection(
                    ^^^^^^^^^^^^^^^^^^^^^^^^^^^^^^^^^^^
  File "/projects/sp4rk/.venv/lib/python3.12/site-packages/aiohttp/connector.py", line 1306, in _wrap_create_connection
    return await self._loop.create_connection(*args, **kwargs, sock=sock)
           ^^^^^^^^^^^^^^^^^^^^^^^^^^^^^^^^^^^^^^^^^^^^^^^^^^^^^^^^^^^^^^
  File "/usr/lib/python3.12/asyncio/base_events.py", line 1149, in create_connection
    transport, protocol = await self._create_connection_transport(
                          ^^^^^^^^^^^^^^^^^^^^^^^^^^^^^^^^^^^^^^^^
  File "/usr/lib/python3.12/asyncio/base_events.py", line 1182, in _create_connection_transport
    await waiter
asyncio.exceptions.CancelledError

The above exception was the direct cause of the following exception:

Traceback (most recent call last):
  File "/projects/sp4rk/.venv/lib/python3.12/site-packages/discord/client.py", line 664, in connect
    self.ws = await asyncio.wait_for(coro, timeout=60.0)
              ^^^^^^^^^^^^^^^^^^^^^^^^^^^^^^^^^^^^^^^^^^
  File "/usr/lib/python3.12/asyncio/tasks.py", line 519, in wait_for
    async with timeouts.timeout(timeout):
  File "/usr/lib/python3.12/asyncio/timeouts.py", line 115, in __aexit__
    raise TimeoutError from exc_val
TimeoutError
2026-08-19 16:50:01,297 WARNING:apscheduler.scheduler:Execution of job "send_due_reminders (trigger: interval[0:00:01], next run at: 2026-08-19 16:50:01 UTC)" skipped: maximum number of running instances reached (1)
2026-08-19 16:50:02,297 WARNING:apscheduler.scheduler:Execution of job "send_due_reminders (trigger: interval[0:00:01], next run at: 2026-08-19 16:50:02 UTC)" skipped: maximum number of running instances reached (1)
2026-08-19 16:50:03,296 WARNING:apscheduler.scheduler:Execution of job "send_due_reminders (trigger: interval[0:00:01], next run at: 2026-08-19 16:50:03 UTC)" skipped: maximum number of running instances reached (1)
2026-08-19 16:50:04,296 WARNING:apscheduler.scheduler:Execution of job "send_due_reminders (trigger: interval[0:00:01], next run at: 2026-08-19 16:50:04 UTC)" skipped: maximum number of running instances reached (1)
2026-08-19 16:50:04,840 WARNING:SP4RK.reminders:DM closed for user 591297089686863872
2026-08-19 16:50:05,297 WARNING:apscheduler.scheduler:Execution of job "send_due_reminders (trigger: interval[0:00:01], next run at: 2026-08-19 16:50:05 UTC)" skipped: maximum number of running instances reached (1)
2026-08-19 16:50:06,296 WARNING:apscheduler.scheduler:Execution of job "send_due_reminders (trigger: interval[0:00:01], next run at: 2026-08-19 16:50:06 UTC)" skipped: maximum number of running instances reached (1)
2026-08-19 16:50:07,296 WARNING:apscheduler.scheduler:Execution of job "send_due_reminders (trigger: interval[0:00:01], next run at: 2026-08-19 16:50:07 UTC)" skipped: maximum number of running instances reached (1)
2026-08-19 16:50:08,296 WARNING:apscheduler.scheduler:Execution of job "send_due_reminders (trigger: interval[0:00:01], next run at: 2026-08-19 16:50:08 UTC)" skipped: maximum number of running instances reached (1)
2026-08-19 16:50:09,297 WARNING:apscheduler.scheduler:Execution of job "send_due_reminders (trigger: interval[0:00:01], next run at: 2026-08-19 16:50:09 UTC)" skipped: maximum number of running instances reached (1)
2026-08-19 16:50:10,296 WARNING:apscheduler.scheduler:Execution of job "send_due_reminders (trigger: interval[0:00:01], next run at: 2026-08-19 16:50:10 UTC)" skipped: maximum number of running instances reached (1)
2026-08-21 10:02:02,818 ERROR:SP4RK.ui:Class signup select failed: NotFound
Traceback (most recent call last):
  File "/projects/sp4rk/app/bot/ui.py", line 77, in callback
    await self._callback_impl(interaction)
  File "/projects/sp4rk/app/bot/ui.py", line 158, in _callback_impl
    await interaction.response.edit_message(content=text, embed=None, view=None)
  File "/projects/sp4rk/.venv/lib/python3.12/site-packages/discord/interactions.py", line 990, in edit_message
    await adapter.create_interaction_response(
  File "/projects/sp4rk/.venv/lib/python3.12/site-packages/discord/webhook/async_.py", line 221, in request
    raise NotFound(response, data)
discord.errors.NotFound: 404 Not Found (error code: 10062): Unknown interaction
2026-08-21 16:50:01,297 WARNING:apscheduler.scheduler:Execution of job "send_due_reminders (trigger: interval[0:00:01], next run at: 2026-08-21 16:50:01 UTC)" skipped: maximum number of running instances reached (1)
2026-08-21 16:50:02,196 WARNING:SP4RK.reminders:DM closed for user 591297089686863872
2026-08-21 16:50:02,296 WARNING:apscheduler.scheduler:Execution of job "send_due_reminders (trigger: interval[0:00:01], next run at: 2026-08-21 16:50:02 UTC)" skipped: maximum number of running instances reached (1)
2026-08-21 16:50:03,297 WARNING:apscheduler.scheduler:Execution of job "send_due_reminders (trigger: interval[0:00:01], next run at: 2026-08-21 16:50:03 UTC)" skipped: maximum number of running instances reached (1)
2026-08-21 16:50:04,297 WARNING:apscheduler.scheduler:Execution of job "send_due_reminders (trigger: interval[0:00:01], next run at: 2026-08-21 16:50:04 UTC)" skipped: maximum number of running instances reached (1)
2026-08-21 16:50:05,296 WARNING:apscheduler.scheduler:Execution of job "send_due_reminders (trigger: interval[0:00:01], next run at: 2026-08-21 16:50:05 UTC)" skipped: maximum number of running instances reached (1)
2026-08-21 16:50:06,296 WARNING:apscheduler.scheduler:Execution of job "send_due_reminders (trigger: interval[0:00:01], next run at: 2026-08-21 16:50:06 UTC)" skipped: maximum number of running instances reached (1)
2026-08-21 16:50:07,296 WARNING:apscheduler.scheduler:Execution of job "send_due_reminders (trigger: interval[0:00:01], next run at: 2026-08-21 16:50:07 UTC)" skipped: maximum number of running instances reached (1)
2026-08-21 16:50:08,297 WARNING:apscheduler.scheduler:Execution of job "send_due_reminders (trigger: interval[0:00:01], next run at: 2026-08-21 16:50:08 UTC)" skipped: maximum number of running instances reached (1)
2026-08-21 16:50:09,298 WARNING:apscheduler.scheduler:Execution of job "send_due_reminders (trigger: interval[0:00:01], next run at: 2026-08-21 16:50:09 UTC)" skipped: maximum number of running instances reached (1)
2026-08-21 16:50:10,298 WARNING:apscheduler.scheduler:Execution of job "send_due_reminders (trigger: interval[0:00:01], next run at: 2026-08-21 16:50:10 UTC)" skipped: maximum number of running instances reached (1)
2026-08-21 16:50:11,297 WARNING:apscheduler.scheduler:Execution of job "send_due_reminders (trigger: interval[0:00:01], next run at: 2026-08-21 16:50:11 UTC)" skipped: maximum number of running instances reached (1)
2026-08-21 16:50:12,297 WARNING:apscheduler.scheduler:Execution of job "send_due_reminders (trigger: interval[0:00:01], next run at: 2026-08-21 16:50:12 UTC)" skipped: maximum number of running instances reached (1)
2026-08-21 16:50:13,297 WARNING:apscheduler.scheduler:Execution of job "send_due_reminders (trigger: interval[0:00:01], next run at: 2026-08-21 16:50:13 UTC)" skipped: maximum number of running instances reached (1)
2026-08-21 16:50:14,298 WARNING:apscheduler.scheduler:Execution of job "send_due_reminders (trigger: interval[0:00:01], next run at: 2026-08-21 16:50:14 UTC)" skipped: maximum number of running instances reached (1)
2026-08-22 18:00:01,299 WARNING:apscheduler.scheduler:Execution of job "send_due_reminders (trigger: interval[0:00:01], next run at: 2026-08-22 18:00:01 UTC)" skipped: maximum number of running instances reached (1)
2026-08-22 18:00:02,297 WARNING:apscheduler.scheduler:Execution of job "send_due_reminders (trigger: interval[0:00:01], next run at: 2026-08-22 18:00:02 UTC)" skipped: maximum number of running instances reached (1)
2026-08-22 18:00:03,296 WARNING:apscheduler.scheduler:Execution of job "send_due_reminders (trigger: interval[0:00:01], next run at: 2026-08-22 18:00:03 UTC)" skipped: maximum number of running instances reached (1)
2026-08-22 18:00:04,297 WARNING:apscheduler.scheduler:Execution of job "send_due_reminders (trigger: interval[0:00:01], next run at: 2026-08-22 18:00:04 UTC)" skipped: maximum number of running instances reached (1)
2026-08-22 18:00:05,297 WARNING:apscheduler.scheduler:Execution of job "send_due_reminders (trigger: interval[0:00:01], next run at: 2026-08-22 18:00:05 UTC)" skipped: maximum number of running instances reached (1)
2026-08-22 18:00:06,297 WARNING:apscheduler.scheduler:Execution of job "send_due_reminders (trigger: interval[0:00:01], next run at: 2026-08-22 18:00:06 UTC)" skipped: maximum number of running instances reached (1)
2026-08-22 18:00:07,297 WARNING:apscheduler.scheduler:Execution of job "send_due_reminders (trigger: interval[0:00:01], next run at: 2026-08-22 18:00:07 UTC)" skipped: maximum number of running instances reached (1)
2026-08-22 18:00:08,296 WARNING:apscheduler.scheduler:Execution of job "send_due_reminders (trigger: interval[0:00:01], next run at: 2026-08-22 18:00:08 UTC)" skipped: maximum number of running instances reached (1)
2026-08-22 18:00:09,296 WARNING:apscheduler.scheduler:Execution of job "send_due_reminders (trigger: interval[0:00:01], next run at: 2026-08-22 18:00:09 UTC)" skipped: maximum number of running instances reached (1)
2026-08-22 18:00:10,297 WARNING:apscheduler.scheduler:Execution of job "send_due_reminders (trigger: interval[0:00:01], next run at: 2026-08-22 18:00:10 UTC)" skipped: maximum number of running instances reached (1)
2026-08-22 18:00:10,463 WARNING:SP4RK.reminders:DM closed for user 591297089686863872
2026-08-22 18:00:11,296 WARNING:apscheduler.scheduler:Execution of job "send_due_reminders (trigger: interval[0:00:01], next run at: 2026-08-22 18:00:11 UTC)" skipped: maximum number of running instances reached (1)
2026-08-22 18:00:12,297 WARNING:apscheduler.scheduler:Execution of job "send_due_reminders (trigger: interval[0:00:01], next run at: 2026-08-22 18:00:12 UTC)" skipped: maximum number of running instances reached (1)
2026-08-22 18:00:13,297 WARNING:apscheduler.scheduler:Execution of job "send_due_reminders (trigger: interval[0:00:01], next run at: 2026-08-22 18:00:13 UTC)" skipped: maximum number of running instances reached (1)
2026-08-22 18:00:14,297 WARNING:apscheduler.scheduler:Execution of job "send_due_reminders (trigger: interval[0:00:01], next run at: 2026-08-22 18:00:14 UTC)" skipped: maximum number of running instances reached (1)
2026-08-22 18:00:15,297 WARNING:apscheduler.scheduler:Execution of job "send_due_reminders (trigger: interval[0:00:01], next run at: 2026-08-22 18:00:15 UTC)" skipped: maximum number of running instances reached (1)
2026-08-23 18:00:01,297 WARNING:apscheduler.scheduler:Execution of job "send_due_reminders (trigger: interval[0:00:01], next run at: 2026-08-23 18:00:01 UTC)" skipped: maximum number of running instances reached (1)
2026-08-23 18:00:02,298 WARNING:apscheduler.scheduler:Execution of job "send_due_reminders (trigger: interval[0:00:01], next run at: 2026-08-23 18:00:02 UTC)" skipped: maximum number of running instances reached (1)
2026-08-23 18:00:03,297 WARNING:apscheduler.scheduler:Execution of job "send_due_reminders (trigger: interval[0:00:01], next run at: 2026-08-23 18:00:03 UTC)" skipped: maximum number of running instances reached (1)
2026-08-23 18:00:04,297 WARNING:apscheduler.scheduler:Execution of job "send_due_reminders (trigger: interval[0:00:01], next run at: 2026-08-23 18:00:04 UTC)" skipped: maximum number of running instances reached (1)
2026-08-23 18:00:05,297 WARNING:apscheduler.scheduler:Execution of job "send_due_reminders (trigger: interval[0:00:01], next run at: 2026-08-23 18:00:05 UTC)" skipped: maximum number of running instances reached (1)
2026-08-23 18:00:06,297 WARNING:apscheduler.scheduler:Execution of job "send_due_reminders (trigger: interval[0:00:01], next run at: 2026-08-23 18:00:06 UTC)" skipped: maximum number of running instances reached (1)
2026-08-23 18:00:07,296 WARNING:apscheduler.scheduler:Execution of job "send_due_reminders (trigger: interval[0:00:01], next run at: 2026-08-23 18:00:07 UTC)" skipped: maximum number of running instances reached (1)
2026-08-23 18:00:08,297 WARNING:apscheduler.scheduler:Execution of job "send_due_reminders (trigger: interval[0:00:01], next run at: 2026-08-23 18:00:08 UTC)" skipped: maximum number of running instances reached (1)
2026-08-23 18:00:09,298 WARNING:apscheduler.scheduler:Execution of job "send_due_reminders (trigger: interval[0:00:01], next run at: 2026-08-23 18:00:09 UTC)" skipped: maximum number of running instances reached (1)
2026-08-23 18:00:10,296 WARNING:apscheduler.scheduler:Execution of job "send_due_reminders (trigger: interval[0:00:01], next run at: 2026-08-23 18:00:10 UTC)" skipped: maximum number of running instances reached (1)
2026-08-23 18:00:11,297 WARNING:apscheduler.scheduler:Execution of job "send_due_reminders (trigger: interval[0:00:01], next run at: 2026-08-23 18:00:11 UTC)" skipped: maximum number of running instances reached (1)
2026-08-23 18:00:12,082 WARNING:SP4RK.reminders:DM closed for user 591297089686863872
2026-08-23 18:00:12,296 WARNING:apscheduler.scheduler:Execution of job "send_due_reminders (trigger: interval[0:00:01], next run at: 2026-08-23 18:00:12 UTC)" skipped: maximum number of running instances reached (1)
2026-08-23 18:00:13,297 WARNING:apscheduler.scheduler:Execution of job "send_due_reminders (trigger: interval[0:00:01], next run at: 2026-08-23 18:00:13 UTC)" skipped: maximum number of running instances reached (1)
2026-08-23 18:00:14,296 WARNING:apscheduler.scheduler:Execution of job "send_due_reminders (trigger: interval[0:00:01], next run at: 2026-08-23 18:00:14 UTC)" skipped: maximum number of running instances reached (1)
2026-08-23 18:00:15,296 WARNING:apscheduler.scheduler:Execution of job "send_due_reminders (trigger: interval[0:00:01], next run at: 2026-08-23 18:00:15 UTC)" skipped: maximum number of running instances reached (1)
2026-08-23 18:00:16,296 WARNING:apscheduler.scheduler:Execution of job "send_due_reminders (trigger: interval[0:00:01], next run at: 2026-08-23 18:00:16 UTC)" skipped: maximum number of running instances reached (1)
2026-08-23 18:00:17,297 WARNING:apscheduler.scheduler:Execution of job "send_due_reminders (trigger: interval[0:00:01], next run at: 2026-08-23 18:00:17 UTC)" skipped: maximum number of running instances reached (1)
2026-08-23 18:00:18,298 WARNING:apscheduler.scheduler:Execution of job "send_due_reminders (trigger: interval[0:00:01], next run at: 2026-08-23 18:00:18 UTC)" skipped: maximum number of running instances reached (1)
2026-08-23 20:50:01,298 WARNING:apscheduler.scheduler:Execution of job "send_due_reminders (trigger: interval[0:00:01], next run at: 2026-08-23 20:50:01 UTC)" skipped: maximum number of running instances reached (1)
2026-08-23 20:50:02,296 WARNING:apscheduler.scheduler:Execution of job "send_due_reminders (trigger: interval[0:00:01], next run at: 2026-08-23 20:50:02 UTC)" skipped: maximum number of running instances reached (1)
2026-08-23 20:50:03,296 WARNING:apscheduler.scheduler:Execution of job "send_due_reminders (trigger: interval[0:00:01], next run at: 2026-08-23 20:50:03 UTC)" skipped: maximum number of running instances reached (1)
2026-08-23 20:50:03,897 WARNING:SP4RK.reminders:DM closed for user 591297089686863872
2026-08-23 20:50:04,296 WARNING:apscheduler.scheduler:Execution of job "send_due_reminders (trigger: interval[0:00:01], next run at: 2026-08-23 20:50:04 UTC)" skipped: maximum number of running instances reached (1)
2026-08-23 20:50:05,297 WARNING:apscheduler.scheduler:Execution of job "send_due_reminders (trigger: interval[0:00:01], next run at: 2026-08-23 20:50:05 UTC)" skipped: maximum number of running instances reached (1)
2026-08-23 20:50:06,297 WARNING:apscheduler.scheduler:Execution of job "send_due_reminders (trigger: interval[0:00:01], next run at: 2026-08-23 20:50:06 UTC)" skipped: maximum number of running instances reached (1)
2026-08-23 20:50:07,296 WARNING:apscheduler.scheduler:Execution of job "send_due_reminders (trigger: interval[0:00:01], next run at: 2026-08-23 20:50:07 UTC)" skipped: maximum number of running instances reached (1)
2026-08-23 20:50:08,297 WARNING:apscheduler.scheduler:Execution of job "send_due_reminders (trigger: interval[0:00:01], next run at: 2026-08-23 20:50:08 UTC)" skipped: maximum number of running instances reached (1)
2026-08-24 08:41:38,912 ERROR:discord.client:Attempting a reconnect in 1.21s
Traceback (most recent call last):
  File "/projects/sp4rk/.venv/lib/python3.12/site-packages/aiohttp/connector.py", line 1561, in _create_direct_connection
    hosts = await self._resolve_host(host, port, traces=traces)
            ^^^^^^^^^^^^^^^^^^^^^^^^^^^^^^^^^^^^^^^^^^^^^^^^^^^
  File "/projects/sp4rk/.venv/lib/python3.12/site-packages/aiohttp/connector.py", line 1171, in _resolve_host
    return await asyncio.shield(resolved_host_task)
           ^^^^^^^^^^^^^^^^^^^^^^^^^^^^^^^^^^^^^^^^
  File "/projects/sp4rk/.venv/lib/python3.12/site-packages/aiohttp/connector.py", line 1202, in _resolve_host_with_throttle
    addrs = await self._resolver.resolve(host, port, family=self._family)
            ^^^^^^^^^^^^^^^^^^^^^^^^^^^^^^^^^^^^^^^^^^^^^^^^^^^^^^^^^^^^^
  File "/projects/sp4rk/.venv/lib/python3.12/site-packages/aiohttp/resolver.py", line 40, in resolve
    infos = await self._loop.getaddrinfo(
            ^^^^^^^^^^^^^^^^^^^^^^^^^^^^^
  File "/usr/lib/python3.12/asyncio/base_events.py", line 901, in getaddrinfo
    return await self.run_in_executor(
           ^^^^^^^^^^^^^^^^^^^^^^^^^^^
  File "/usr/lib/python3.12/concurrent/futures/thread.py", line 58, in run
    result = self.fn(*self.args, **self.kwargs)
             ^^^^^^^^^^^^^^^^^^^^^^^^^^^^^^^^^^
  File "/usr/lib/python3.12/socket.py", line 963, in getaddrinfo
    for res in _socket.getaddrinfo(host, port, family, type, proto, flags):
               ^^^^^^^^^^^^^^^^^^^^^^^^^^^^^^^^^^^^^^^^^^^^^^^^^^^^^^^^^^^
socket.gaierror: [Errno -3] Temporary failure in name resolution

The above exception was the direct cause of the following exception:

Traceback (most recent call last):
  File "/projects/sp4rk/.venv/lib/python3.12/site-packages/discord/client.py", line 664, in connect
    self.ws = await asyncio.wait_for(coro, timeout=60.0)
              ^^^^^^^^^^^^^^^^^^^^^^^^^^^^^^^^^^^^^^^^^^
  File "/usr/lib/python3.12/asyncio/tasks.py", line 520, in wait_for
    return await fut
           ^^^^^^^^^
  File "/projects/sp4rk/.venv/lib/python3.12/site-packages/discord/gateway.py", line 374, in from_client
    socket = await client.http.ws_connect(str(url))
             ^^^^^^^^^^^^^^^^^^^^^^^^^^^^^^^^^^^^^^
  File "/projects/sp4rk/.venv/lib/python3.12/site-packages/discord/http.py", line 550, in ws_connect
    return await self.__session.ws_connect(url, **kwargs)
           ^^^^^^^^^^^^^^^^^^^^^^^^^^^^^^^^^^^^^^^^^^^^^^
  File "/projects/sp4rk/.venv/lib/python3.12/site-packages/aiohttp/client.py", line 1244, in _ws_connect
    resp = await self.request(
           ^^^^^^^^^^^^^^^^^^^
  File "/projects/sp4rk/.venv/lib/python3.12/site-packages/aiohttp/client.py", line 856, in _request
    resp = await handler(req)
           ^^^^^^^^^^^^^^^^^^
  File "/projects/sp4rk/.venv/lib/python3.12/site-packages/aiohttp/client.py", line 810, in _connect_and_send_request
    conn = await self._connector.connect(
           ^^^^^^^^^^^^^^^^^^^^^^^^^^^^^^
  File "/projects/sp4rk/.venv/lib/python3.12/site-packages/aiohttp/connector.py", line 655, in connect
    proto = await self._create_connection(req, traces, timeout)
            ^^^^^^^^^^^^^^^^^^^^^^^^^^^^^^^^^^^^^^^^^^^^^^^^^^^
  File "/projects/sp4rk/.venv/lib/python3.12/site-packages/aiohttp/connector.py", line 1232, in _create_connection
    _, proto = await self._create_direct_connection(req, traces, timeout)
               ^^^^^^^^^^^^^^^^^^^^^^^^^^^^^^^^^^^^^^^^^^^^^^^^^^^^^^^^^^
  File "/projects/sp4rk/.venv/lib/python3.12/site-packages/aiohttp/connector.py", line 1567, in _create_direct_connection
    raise ClientConnectorDNSError(req.connection_key, exc) from exc
aiohttp.client_exceptions.ClientConnectorDNSError: Cannot connect to host gateway-us-east1-c.discord.gg:443 ssl:default [Temporary failure in name resolution]
2026-08-24 12:32:08,849 WARNING:discord.gateway:Can't keep up, shard ID None websocket is 14.6s behind.
2026-08-24 17:46:38,812 WARNING:discord.gateway:Can't keep up, shard ID None websocket is 14.5s behind.
2026-08-24 18:44:33,297 WARNING:apscheduler.scheduler:Execution of job "send_due_reminders (trigger: interval[0:00:01], next run at: 2026-08-24 18:44:33 UTC)" skipped: maximum number of running instances reached (1)
2026-08-24 19:24:54,514 WARNING:discord.gateway:Can't keep up, shard ID None websocket is 11.2s behind.
2026-08-24 19:45:59,775 ERROR:discord.client:Attempting a reconnect in 0.73s
Traceback (most recent call last):
  File "/projects/sp4rk/.venv/lib/python3.12/site-packages/aiohttp/connector.py", line 1561, in _create_direct_connection
    hosts = await self._resolve_host(host, port, traces=traces)
            ^^^^^^^^^^^^^^^^^^^^^^^^^^^^^^^^^^^^^^^^^^^^^^^^^^^
  File "/projects/sp4rk/.venv/lib/python3.12/site-packages/aiohttp/connector.py", line 1171, in _resolve_host
    return await asyncio.shield(resolved_host_task)
           ^^^^^^^^^^^^^^^^^^^^^^^^^^^^^^^^^^^^^^^^
  File "/projects/sp4rk/.venv/lib/python3.12/site-packages/aiohttp/connector.py", line 1202, in _resolve_host_with_throttle
    addrs = await self._resolver.resolve(host, port, family=self._family)
            ^^^^^^^^^^^^^^^^^^^^^^^^^^^^^^^^^^^^^^^^^^^^^^^^^^^^^^^^^^^^^
  File "/projects/sp4rk/.venv/lib/python3.12/site-packages/aiohttp/resolver.py", line 40, in resolve
    infos = await self._loop.getaddrinfo(
            ^^^^^^^^^^^^^^^^^^^^^^^^^^^^^
  File "/usr/lib/python3.12/asyncio/base_events.py", line 901, in getaddrinfo
    return await self.run_in_executor(
           ^^^^^^^^^^^^^^^^^^^^^^^^^^^
  File "/usr/lib/python3.12/concurrent/futures/thread.py", line 58, in run
    result = self.fn(*self.args, **self.kwargs)
             ^^^^^^^^^^^^^^^^^^^^^^^^^^^^^^^^^^
  File "/usr/lib/python3.12/socket.py", line 963, in getaddrinfo
    for res in _socket.getaddrinfo(host, port, family, type, proto, flags):
               ^^^^^^^^^^^^^^^^^^^^^^^^^^^^^^^^^^^^^^^^^^^^^^^^^^^^^^^^^^^
socket.gaierror: [Errno -3] Temporary failure in name resolution

The above exception was the direct cause of the following exception:

Traceback (most recent call last):
  File "/projects/sp4rk/.venv/lib/python3.12/site-packages/discord/client.py", line 664, in connect
    self.ws = await asyncio.wait_for(coro, timeout=60.0)
              ^^^^^^^^^^^^^^^^^^^^^^^^^^^^^^^^^^^^^^^^^^
  File "/usr/lib/python3.12/asyncio/tasks.py", line 520, in wait_for
    return await fut
           ^^^^^^^^^
  File "/projects/sp4rk/.venv/lib/python3.12/site-packages/discord/gateway.py", line 374, in from_client
    socket = await client.http.ws_connect(str(url))
             ^^^^^^^^^^^^^^^^^^^^^^^^^^^^^^^^^^^^^^
  File "/projects/sp4rk/.venv/lib/python3.12/site-packages/discord/http.py", line 550, in ws_connect
    return await self.__session.ws_connect(url, **kwargs)
           ^^^^^^^^^^^^^^^^^^^^^^^^^^^^^^^^^^^^^^^^^^^^^^
  File "/projects/sp4rk/.venv/lib/python3.12/site-packages/aiohttp/client.py", line 1244, in _ws_connect
    resp = await self.request(
           ^^^^^^^^^^^^^^^^^^^
  File "/projects/sp4rk/.venv/lib/python3.12/site-packages/aiohttp/client.py", line 856, in _request
    resp = await handler(req)
           ^^^^^^^^^^^^^^^^^^
  File "/projects/sp4rk/.venv/lib/python3.12/site-packages/aiohttp/client.py", line 810, in _connect_and_send_request
    conn = await self._connector.connect(
           ^^^^^^^^^^^^^^^^^^^^^^^^^^^^^^
  File "/projects/sp4rk/.venv/lib/python3.12/site-packages/aiohttp/connector.py", line 655, in connect
    proto = await self._create_connection(req, traces, timeout)
            ^^^^^^^^^^^^^^^^^^^^^^^^^^^^^^^^^^^^^^^^^^^^^^^^^^^
  File "/projects/sp4rk/.venv/lib/python3.12/site-packages/aiohttp/connector.py", line 1232, in _create_connection
    _, proto = await self._create_direct_connection(req, traces, timeout)
               ^^^^^^^^^^^^^^^^^^^^^^^^^^^^^^^^^^^^^^^^^^^^^^^^^^^^^^^^^^
  File "/projects/sp4rk/.venv/lib/python3.12/site-packages/aiohttp/connector.py", line 1567, in _create_direct_connection
    raise ClientConnectorDNSError(req.connection_key, exc) from exc
aiohttp.client_exceptions.ClientConnectorDNSError: Cannot connect to host gateway-us-east1-c.discord.gg:443 ssl:default [Temporary failure in name resolution]
2026-08-24 20:02:33,071 ERROR:discord.client:Attempting a reconnect in 2.18s
Traceback (most recent call last):
  File "/projects/sp4rk/.venv/lib/python3.12/site-packages/aiohttp/connector.py", line 1561, in _create_direct_connection
    hosts = await self._resolve_host(host, port, traces=traces)
            ^^^^^^^^^^^^^^^^^^^^^^^^^^^^^^^^^^^^^^^^^^^^^^^^^^^
  File "/projects/sp4rk/.venv/lib/python3.12/site-packages/aiohttp/connector.py", line 1171, in _resolve_host
    return await asyncio.shield(resolved_host_task)
           ^^^^^^^^^^^^^^^^^^^^^^^^^^^^^^^^^^^^^^^^
  File "/projects/sp4rk/.venv/lib/python3.12/site-packages/aiohttp/connector.py", line 1202, in _resolve_host_with_throttle
    addrs = await self._resolver.resolve(host, port, family=self._family)
            ^^^^^^^^^^^^^^^^^^^^^^^^^^^^^^^^^^^^^^^^^^^^^^^^^^^^^^^^^^^^^
  File "/projects/sp4rk/.venv/lib/python3.12/site-packages/aiohttp/resolver.py", line 40, in resolve
    infos = await self._loop.getaddrinfo(
            ^^^^^^^^^^^^^^^^^^^^^^^^^^^^^
  File "/usr/lib/python3.12/asyncio/base_events.py", line 901, in getaddrinfo
    return await self.run_in_executor(
           ^^^^^^^^^^^^^^^^^^^^^^^^^^^
  File "/usr/lib/python3.12/concurrent/futures/thread.py", line 58, in run
    result = self.fn(*self.args, **self.kwargs)
             ^^^^^^^^^^^^^^^^^^^^^^^^^^^^^^^^^^
  File "/usr/lib/python3.12/socket.py", line 963, in getaddrinfo
    for res in _socket.getaddrinfo(host, port, family, type, proto, flags):
               ^^^^^^^^^^^^^^^^^^^^^^^^^^^^^^^^^^^^^^^^^^^^^^^^^^^^^^^^^^^
socket.gaierror: [Errno -3] Temporary failure in name resolution

The above exception was the direct cause of the following exception:

Traceback (most recent call last):
  File "/projects/sp4rk/.venv/lib/python3.12/site-packages/discord/client.py", line 664, in connect
    self.ws = await asyncio.wait_for(coro, timeout=60.0)
              ^^^^^^^^^^^^^^^^^^^^^^^^^^^^^^^^^^^^^^^^^^
  File "/usr/lib/python3.12/asyncio/tasks.py", line 520, in wait_for
    return await fut
           ^^^^^^^^^
  File "/projects/sp4rk/.venv/lib/python3.12/site-packages/discord/gateway.py", line 374, in from_client
    socket = await client.http.ws_connect(str(url))
             ^^^^^^^^^^^^^^^^^^^^^^^^^^^^^^^^^^^^^^
  File "/projects/sp4rk/.venv/lib/python3.12/site-packages/discord/http.py", line 550, in ws_connect
    return await self.__session.ws_connect(url, **kwargs)
           ^^^^^^^^^^^^^^^^^^^^^^^^^^^^^^^^^^^^^^^^^^^^^^
  File "/projects/sp4rk/.venv/lib/python3.12/site-packages/aiohttp/client.py", line 1244, in _ws_connect
    resp = await self.request(
           ^^^^^^^^^^^^^^^^^^^
  File "/projects/sp4rk/.venv/lib/python3.12/site-packages/aiohttp/client.py", line 856, in _request
    resp = await handler(req)
           ^^^^^^^^^^^^^^^^^^
  File "/projects/sp4rk/.venv/lib/python3.12/site-packages/aiohttp/client.py", line 810, in _connect_and_send_request
    conn = await self._connector.connect(
           ^^^^^^^^^^^^^^^^^^^^^^^^^^^^^^
  File "/projects/sp4rk/.venv/lib/python3.12/site-packages/aiohttp/connector.py", line 655, in connect
    proto = await self._create_connection(req, traces, timeout)
            ^^^^^^^^^^^^^^^^^^^^^^^^^^^^^^^^^^^^^^^^^^^^^^^^^^^
  File "/projects/sp4rk/.venv/lib/python3.12/site-packages/aiohttp/connector.py", line 1232, in _create_connection
    _, proto = await self._create_direct_connection(req, traces, timeout)
               ^^^^^^^^^^^^^^^^^^^^^^^^^^^^^^^^^^^^^^^^^^^^^^^^^^^^^^^^^^
  File "/projects/sp4rk/.venv/lib/python3.12/site-packages/aiohttp/connector.py", line 1567, in _create_direct_connection
    raise ClientConnectorDNSError(req.connection_key, exc) from exc
aiohttp.client_exceptions.ClientConnectorDNSError: Cannot connect to host gateway-us-east1-c.discord.gg:443 ssl:default [Temporary failure in name resolution]
2026-08-25 12:40:38,553 WARNING:discord.gateway:Can't keep up, shard ID None websocket is 15.0s behind.
2026-08-25 17:37:07,606 WARNING:discord.gateway:Can't keep up, shard ID None websocket is 14.8s behind.
2026-08-26 03:28:13,394 WARNING:discord.gateway:Can't keep up, shard ID None websocket is 14.6s behind.
2026-08-26 10:29:59,165 ERROR:discord.client:Attempting a reconnect in 1.77s
Traceback (most recent call last):
  File "/projects/sp4rk/.venv/lib/python3.12/site-packages/aiohttp/connector.py", line 1561, in _create_direct_connection
    hosts = await self._resolve_host(host, port, traces=traces)
            ^^^^^^^^^^^^^^^^^^^^^^^^^^^^^^^^^^^^^^^^^^^^^^^^^^^
  File "/projects/sp4rk/.venv/lib/python3.12/site-packages/aiohttp/connector.py", line 1171, in _resolve_host
    return await asyncio.shield(resolved_host_task)
           ^^^^^^^^^^^^^^^^^^^^^^^^^^^^^^^^^^^^^^^^
  File "/projects/sp4rk/.venv/lib/python3.12/site-packages/aiohttp/connector.py", line 1202, in _resolve_host_with_throttle
    addrs = await self._resolver.resolve(host, port, family=self._family)
            ^^^^^^^^^^^^^^^^^^^^^^^^^^^^^^^^^^^^^^^^^^^^^^^^^^^^^^^^^^^^^
  File "/projects/sp4rk/.venv/lib/python3.12/site-packages/aiohttp/resolver.py", line 40, in resolve
    infos = await self._loop.getaddrinfo(
            ^^^^^^^^^^^^^^^^^^^^^^^^^^^^^
  File "/usr/lib/python3.12/asyncio/base_events.py", line 901, in getaddrinfo
    return await self.run_in_executor(
           ^^^^^^^^^^^^^^^^^^^^^^^^^^^
  File "/usr/lib/python3.12/concurrent/futures/thread.py", line 58, in run
    result = self.fn(*self.args, **self.kwargs)
             ^^^^^^^^^^^^^^^^^^^^^^^^^^^^^^^^^^
  File "/usr/lib/python3.12/socket.py", line 963, in getaddrinfo
    for res in _socket.getaddrinfo(host, port, family, type, proto, flags):
               ^^^^^^^^^^^^^^^^^^^^^^^^^^^^^^^^^^^^^^^^^^^^^^^^^^^^^^^^^^^
socket.gaierror: [Errno -3] Temporary failure in name resolution

The above exception was the direct cause of the following exception:

Traceback (most recent call last):
  File "/projects/sp4rk/.venv/lib/python3.12/site-packages/discord/client.py", line 664, in connect
    self.ws = await asyncio.wait_for(coro, timeout=60.0)
              ^^^^^^^^^^^^^^^^^^^^^^^^^^^^^^^^^^^^^^^^^^
  File "/usr/lib/python3.12/asyncio/tasks.py", line 520, in wait_for
    return await fut
           ^^^^^^^^^
  File "/projects/sp4rk/.venv/lib/python3.12/site-packages/discord/gateway.py", line 374, in from_client
    socket = await client.http.ws_connect(str(url))
             ^^^^^^^^^^^^^^^^^^^^^^^^^^^^^^^^^^^^^^
  File "/projects/sp4rk/.venv/lib/python3.12/site-packages/discord/http.py", line 550, in ws_connect
    return await self.__session.ws_connect(url, **kwargs)
           ^^^^^^^^^^^^^^^^^^^^^^^^^^^^^^^^^^^^^^^^^^^^^^
  File "/projects/sp4rk/.venv/lib/python3.12/site-packages/aiohttp/client.py", line 1244, in _ws_connect
    resp = await self.request(
           ^^^^^^^^^^^^^^^^^^^
  File "/projects/sp4rk/.venv/lib/python3.12/site-packages/aiohttp/client.py", line 856, in _request
    resp = await handler(req)
           ^^^^^^^^^^^^^^^^^^
  File "/projects/sp4rk/.venv/lib/python3.12/site-packages/aiohttp/client.py", line 810, in _connect_and_send_request
    conn = await self._connector.connect(
           ^^^^^^^^^^^^^^^^^^^^^^^^^^^^^^
  File "/projects/sp4rk/.venv/lib/python3.12/site-packages/aiohttp/connector.py", line 655, in connect
    proto = await self._create_connection(req, traces, timeout)
            ^^^^^^^^^^^^^^^^^^^^^^^^^^^^^^^^^^^^^^^^^^^^^^^^^^^
  File "/projects/sp4rk/.venv/lib/python3.12/site-packages/aiohttp/connector.py", line 1232, in _create_connection
    _, proto = await self._create_direct_connection(req, traces, timeout)
               ^^^^^^^^^^^^^^^^^^^^^^^^^^^^^^^^^^^^^^^^^^^^^^^^^^^^^^^^^^
  File "/projects/sp4rk/.venv/lib/python3.12/site-packages/aiohttp/connector.py", line 1567, in _create_direct_connection
    raise ClientConnectorDNSError(req.connection_key, exc) from exc
aiohttp.client_exceptions.ClientConnectorDNSError: Cannot connect to host gateway-us-east1-c.discord.gg:443 ssl:default [Temporary failure in name resolution]
2026-08-26 10:30:20,970 ERROR:discord.client:Attempting a reconnect in 3.67s
Traceback (most recent call last):
  File "/projects/sp4rk/.venv/lib/python3.12/site-packages/aiohttp/connector.py", line 1561, in _create_direct_connection
    hosts = await self._resolve_host(host, port, traces=traces)
            ^^^^^^^^^^^^^^^^^^^^^^^^^^^^^^^^^^^^^^^^^^^^^^^^^^^
  File "/projects/sp4rk/.venv/lib/python3.12/site-packages/aiohttp/connector.py", line 1171, in _resolve_host
    return await asyncio.shield(resolved_host_task)
           ^^^^^^^^^^^^^^^^^^^^^^^^^^^^^^^^^^^^^^^^
  File "/projects/sp4rk/.venv/lib/python3.12/site-packages/aiohttp/connector.py", line 1202, in _resolve_host_with_throttle
    addrs = await self._resolver.resolve(host, port, family=self._family)
            ^^^^^^^^^^^^^^^^^^^^^^^^^^^^^^^^^^^^^^^^^^^^^^^^^^^^^^^^^^^^^
  File "/projects/sp4rk/.venv/lib/python3.12/site-packages/aiohttp/resolver.py", line 40, in resolve
    infos = await self._loop.getaddrinfo(
            ^^^^^^^^^^^^^^^^^^^^^^^^^^^^^
  File "/usr/lib/python3.12/asyncio/base_events.py", line 901, in getaddrinfo
    return await self.run_in_executor(
           ^^^^^^^^^^^^^^^^^^^^^^^^^^^
  File "/usr/lib/python3.12/concurrent/futures/thread.py", line 58, in run
    result = self.fn(*self.args, **self.kwargs)
             ^^^^^^^^^^^^^^^^^^^^^^^^^^^^^^^^^^
  File "/usr/lib/python3.12/socket.py", line 963, in getaddrinfo
    for res in _socket.getaddrinfo(host, port, family, type, proto, flags):
               ^^^^^^^^^^^^^^^^^^^^^^^^^^^^^^^^^^^^^^^^^^^^^^^^^^^^^^^^^^^
socket.gaierror: [Errno -3] Temporary failure in name resolution

The above exception was the direct cause of the following exception:

Traceback (most recent call last):
  File "/projects/sp4rk/.venv/lib/python3.12/site-packages/discord/client.py", line 664, in connect
    self.ws = await asyncio.wait_for(coro, timeout=60.0)
              ^^^^^^^^^^^^^^^^^^^^^^^^^^^^^^^^^^^^^^^^^^
  File "/usr/lib/python3.12/asyncio/tasks.py", line 520, in wait_for
    return await fut
           ^^^^^^^^^
  File "/projects/sp4rk/.venv/lib/python3.12/site-packages/discord/gateway.py", line 374, in from_client
    socket = await client.http.ws_connect(str(url))
             ^^^^^^^^^^^^^^^^^^^^^^^^^^^^^^^^^^^^^^
  File "/projects/sp4rk/.venv/lib/python3.12/site-packages/discord/http.py", line 550, in ws_connect
    return await self.__session.ws_connect(url, **kwargs)
           ^^^^^^^^^^^^^^^^^^^^^^^^^^^^^^^^^^^^^^^^^^^^^^
  File "/projects/sp4rk/.venv/lib/python3.12/site-packages/aiohttp/client.py", line 1244, in _ws_connect
    resp = await self.request(
           ^^^^^^^^^^^^^^^^^^^
  File "/projects/sp4rk/.venv/lib/python3.12/site-packages/aiohttp/client.py", line 856, in _request
    resp = await handler(req)
           ^^^^^^^^^^^^^^^^^^
  File "/projects/sp4rk/.venv/lib/python3.12/site-packages/aiohttp/client.py", line 810, in _connect_and_send_request
    conn = await self._connector.connect(
           ^^^^^^^^^^^^^^^^^^^^^^^^^^^^^^
  File "/projects/sp4rk/.venv/lib/python3.12/site-packages/aiohttp/connector.py", line 655, in connect
    proto = await self._create_connection(req, traces, timeout)
            ^^^^^^^^^^^^^^^^^^^^^^^^^^^^^^^^^^^^^^^^^^^^^^^^^^^
  File "/projects/sp4rk/.venv/lib/python3.12/site-packages/aiohttp/connector.py", line 1232, in _create_connection
    _, proto = await self._create_direct_connection(req, traces, timeout)
               ^^^^^^^^^^^^^^^^^^^^^^^^^^^^^^^^^^^^^^^^^^^^^^^^^^^^^^^^^^
  File "/projects/sp4rk/.venv/lib/python3.12/site-packages/aiohttp/connector.py", line 1567, in _create_direct_connection
    raise ClientConnectorDNSError(req.connection_key, exc) from exc
aiohttp.client_exceptions.ClientConnectorDNSError: Cannot connect to host gateway-us-east1-c.discord.gg:443 ssl:default [Temporary failure in name resolution]
2026-08-26 10:51:42,273 ERROR:discord.client:Attempting a reconnect in 5.35s
Traceback (most recent call last):
  File "/projects/sp4rk/.venv/lib/python3.12/site-packages/aiohttp/connector.py", line 1561, in _create_direct_connection
    hosts = await self._resolve_host(host, port, traces=traces)
            ^^^^^^^^^^^^^^^^^^^^^^^^^^^^^^^^^^^^^^^^^^^^^^^^^^^
  File "/projects/sp4rk/.venv/lib/python3.12/site-packages/aiohttp/connector.py", line 1171, in _resolve_host
    return await asyncio.shield(resolved_host_task)
           ^^^^^^^^^^^^^^^^^^^^^^^^^^^^^^^^^^^^^^^^
  File "/projects/sp4rk/.venv/lib/python3.12/site-packages/aiohttp/connector.py", line 1202, in _resolve_host_with_throttle
    addrs = await self._resolver.resolve(host, port, family=self._family)
            ^^^^^^^^^^^^^^^^^^^^^^^^^^^^^^^^^^^^^^^^^^^^^^^^^^^^^^^^^^^^^
  File "/projects/sp4rk/.venv/lib/python3.12/site-packages/aiohttp/resolver.py", line 40, in resolve
    infos = await self._loop.getaddrinfo(
            ^^^^^^^^^^^^^^^^^^^^^^^^^^^^^
  File "/usr/lib/python3.12/asyncio/base_events.py", line 901, in getaddrinfo
    return await self.run_in_executor(
           ^^^^^^^^^^^^^^^^^^^^^^^^^^^
  File "/usr/lib/python3.12/concurrent/futures/thread.py", line 58, in run
    result = self.fn(*self.args, **self.kwargs)
             ^^^^^^^^^^^^^^^^^^^^^^^^^^^^^^^^^^
  File "/usr/lib/python3.12/socket.py", line 963, in getaddrinfo
    for res in _socket.getaddrinfo(host, port, family, type, proto, flags):
               ^^^^^^^^^^^^^^^^^^^^^^^^^^^^^^^^^^^^^^^^^^^^^^^^^^^^^^^^^^^
socket.gaierror: [Errno -3] Temporary failure in name resolution

The above exception was the direct cause of the following exception:

Traceback (most recent call last):
  File "/projects/sp4rk/.venv/lib/python3.12/site-packages/discord/client.py", line 664, in connect
    self.ws = await asyncio.wait_for(coro, timeout=60.0)
              ^^^^^^^^^^^^^^^^^^^^^^^^^^^^^^^^^^^^^^^^^^
  File "/usr/lib/python3.12/asyncio/tasks.py", line 520, in wait_for
    return await fut
           ^^^^^^^^^
  File "/projects/sp4rk/.venv/lib/python3.12/site-packages/discord/gateway.py", line 374, in from_client
    socket = await client.http.ws_connect(str(url))
             ^^^^^^^^^^^^^^^^^^^^^^^^^^^^^^^^^^^^^^
  File "/projects/sp4rk/.venv/lib/python3.12/site-packages/discord/http.py", line 550, in ws_connect
    return await self.__session.ws_connect(url, **kwargs)
           ^^^^^^^^^^^^^^^^^^^^^^^^^^^^^^^^^^^^^^^^^^^^^^
  File "/projects/sp4rk/.venv/lib/python3.12/site-packages/aiohttp/client.py", line 1244, in _ws_connect
    resp = await self.request(
           ^^^^^^^^^^^^^^^^^^^
  File "/projects/sp4rk/.venv/lib/python3.12/site-packages/aiohttp/client.py", line 856, in _request
    resp = await handler(req)
           ^^^^^^^^^^^^^^^^^^
  File "/projects/sp4rk/.venv/lib/python3.12/site-packages/aiohttp/client.py", line 810, in _connect_and_send_request
    conn = await self._connector.connect(
           ^^^^^^^^^^^^^^^^^^^^^^^^^^^^^^
  File "/projects/sp4rk/.venv/lib/python3.12/site-packages/aiohttp/connector.py", line 655, in connect
    proto = await self._create_connection(req, traces, timeout)
            ^^^^^^^^^^^^^^^^^^^^^^^^^^^^^^^^^^^^^^^^^^^^^^^^^^^
  File "/projects/sp4rk/.venv/lib/python3.12/site-packages/aiohttp/connector.py", line 1232, in _create_connection
    _, proto = await self._create_direct_connection(req, traces, timeout)
               ^^^^^^^^^^^^^^^^^^^^^^^^^^^^^^^^^^^^^^^^^^^^^^^^^^^^^^^^^^
  File "/projects/sp4rk/.venv/lib/python3.12/site-packages/aiohttp/connector.py", line 1567, in _create_direct_connection
    raise ClientConnectorDNSError(req.connection_key, exc) from exc
aiohttp.client_exceptions.ClientConnectorDNSError: Cannot connect to host gateway-us-east1-c.discord.gg:443 ssl:default [Temporary failure in name resolution]
2026-08-27 07:57:39,698 WARNING:discord.gateway:Can't keep up, shard ID None websocket is 14.5s behind.
2026-08-27 14:55:49,076 ERROR:discord.client:Attempting a reconnect in 0.24s
Traceback (most recent call last):
  File "/projects/sp4rk/.venv/lib/python3.12/site-packages/aiohttp/connector.py", line 1561, in _create_direct_connection
    hosts = await self._resolve_host(host, port, traces=traces)
            ^^^^^^^^^^^^^^^^^^^^^^^^^^^^^^^^^^^^^^^^^^^^^^^^^^^
  File "/projects/sp4rk/.venv/lib/python3.12/site-packages/aiohttp/connector.py", line 1171, in _resolve_host
    return await asyncio.shield(resolved_host_task)
           ^^^^^^^^^^^^^^^^^^^^^^^^^^^^^^^^^^^^^^^^
  File "/projects/sp4rk/.venv/lib/python3.12/site-packages/aiohttp/connector.py", line 1202, in _resolve_host_with_throttle
    addrs = await self._resolver.resolve(host, port, family=self._family)
            ^^^^^^^^^^^^^^^^^^^^^^^^^^^^^^^^^^^^^^^^^^^^^^^^^^^^^^^^^^^^^
  File "/projects/sp4rk/.venv/lib/python3.12/site-packages/aiohttp/resolver.py", line 40, in resolve
    infos = await self._loop.getaddrinfo(
            ^^^^^^^^^^^^^^^^^^^^^^^^^^^^^
  File "/usr/lib/python3.12/asyncio/base_events.py", line 901, in getaddrinfo
    return await self.run_in_executor(
           ^^^^^^^^^^^^^^^^^^^^^^^^^^^
  File "/usr/lib/python3.12/concurrent/futures/thread.py", line 58, in run
    result = self.fn(*self.args, **self.kwargs)
             ^^^^^^^^^^^^^^^^^^^^^^^^^^^^^^^^^^
  File "/usr/lib/python3.12/socket.py", line 963, in getaddrinfo
    for res in _socket.getaddrinfo(host, port, family, type, proto, flags):
               ^^^^^^^^^^^^^^^^^^^^^^^^^^^^^^^^^^^^^^^^^^^^^^^^^^^^^^^^^^^
socket.gaierror: [Errno -3] Temporary failure in name resolution

The above exception was the direct cause of the following exception:

Traceback (most recent call last):
  File "/projects/sp4rk/.venv/lib/python3.12/site-packages/discord/client.py", line 664, in connect
    self.ws = await asyncio.wait_for(coro, timeout=60.0)
              ^^^^^^^^^^^^^^^^^^^^^^^^^^^^^^^^^^^^^^^^^^
  File "/usr/lib/python3.12/asyncio/tasks.py", line 520, in wait_for
    return await fut
           ^^^^^^^^^
  File "/projects/sp4rk/.venv/lib/python3.12/site-packages/discord/gateway.py", line 374, in from_client
    socket = await client.http.ws_connect(str(url))
             ^^^^^^^^^^^^^^^^^^^^^^^^^^^^^^^^^^^^^^
  File "/projects/sp4rk/.venv/lib/python3.12/site-packages/discord/http.py", line 550, in ws_connect
    return await self.__session.ws_connect(url, **kwargs)
           ^^^^^^^^^^^^^^^^^^^^^^^^^^^^^^^^^^^^^^^^^^^^^^
  File "/projects/sp4rk/.venv/lib/python3.12/site-packages/aiohttp/client.py", line 1244, in _ws_connect
    resp = await self.request(
           ^^^^^^^^^^^^^^^^^^^
  File "/projects/sp4rk/.venv/lib/python3.12/site-packages/aiohttp/client.py", line 856, in _request
    resp = await handler(req)
           ^^^^^^^^^^^^^^^^^^
  File "/projects/sp4rk/.venv/lib/python3.12/site-packages/aiohttp/client.py", line 810, in _connect_and_send_request
    conn = await self._connector.connect(
           ^^^^^^^^^^^^^^^^^^^^^^^^^^^^^^
  File "/projects/sp4rk/.venv/lib/python3.12/site-packages/aiohttp/connector.py", line 655, in connect
    proto = await self._create_connection(req, traces, timeout)
            ^^^^^^^^^^^^^^^^^^^^^^^^^^^^^^^^^^^^^^^^^^^^^^^^^^^
  File "/projects/sp4rk/.venv/lib/python3.12/site-packages/aiohttp/connector.py", line 1232, in _create_connection
    _, proto = await self._create_direct_connection(req, traces, timeout)
               ^^^^^^^^^^^^^^^^^^^^^^^^^^^^^^^^^^^^^^^^^^^^^^^^^^^^^^^^^^
  File "/projects/sp4rk/.venv/lib/python3.12/site-packages/aiohttp/connector.py", line 1567, in _create_direct_connection
    raise ClientConnectorDNSError(req.connection_key, exc) from exc
aiohttp.client_exceptions.ClientConnectorDNSError: Cannot connect to host gateway-us-east1-c.discord.gg:443 ssl:default [Temporary failure in name resolution]
2026-08-27 16:10:44,744 WARNING:discord.gateway:Can't keep up, shard ID None websocket is 29.2s behind.
2026-08-27 20:05:22,434 WARNING:discord.gateway:Can't keep up, shard ID None websocket is 14.9s behind.
2026-08-27 21:36:27,951 ERROR:discord.client:Attempting a reconnect in 0.71s
Traceback (most recent call last):
  File "/projects/sp4rk/.venv/lib/python3.12/site-packages/aiohttp/connector.py", line 1561, in _create_direct_connection
    hosts = await self._resolve_host(host, port, traces=traces)
            ^^^^^^^^^^^^^^^^^^^^^^^^^^^^^^^^^^^^^^^^^^^^^^^^^^^
  File "/projects/sp4rk/.venv/lib/python3.12/site-packages/aiohttp/connector.py", line 1171, in _resolve_host
    return await asyncio.shield(resolved_host_task)
           ^^^^^^^^^^^^^^^^^^^^^^^^^^^^^^^^^^^^^^^^
  File "/projects/sp4rk/.venv/lib/python3.12/site-packages/aiohttp/connector.py", line 1202, in _resolve_host_with_throttle
    addrs = await self._resolver.resolve(host, port, family=self._family)
            ^^^^^^^^^^^^^^^^^^^^^^^^^^^^^^^^^^^^^^^^^^^^^^^^^^^^^^^^^^^^^
  File "/projects/sp4rk/.venv/lib/python3.12/site-packages/aiohttp/resolver.py", line 40, in resolve
    infos = await self._loop.getaddrinfo(
            ^^^^^^^^^^^^^^^^^^^^^^^^^^^^^
  File "/usr/lib/python3.12/asyncio/base_events.py", line 901, in getaddrinfo
    return await self.run_in_executor(
           ^^^^^^^^^^^^^^^^^^^^^^^^^^^
  File "/usr/lib/python3.12/concurrent/futures/thread.py", line 58, in run
    result = self.fn(*self.args, **self.kwargs)
             ^^^^^^^^^^^^^^^^^^^^^^^^^^^^^^^^^^
  File "/usr/lib/python3.12/socket.py", line 963, in getaddrinfo
    for res in _socket.getaddrinfo(host, port, family, type, proto, flags):
               ^^^^^^^^^^^^^^^^^^^^^^^^^^^^^^^^^^^^^^^^^^^^^^^^^^^^^^^^^^^
socket.gaierror: [Errno -3] Temporary failure in name resolution

The above exception was the direct cause of the following exception:

Traceback (most recent call last):
  File "/projects/sp4rk/.venv/lib/python3.12/site-packages/discord/client.py", line 664, in connect
    self.ws = await asyncio.wait_for(coro, timeout=60.0)
              ^^^^^^^^^^^^^^^^^^^^^^^^^^^^^^^^^^^^^^^^^^
  File "/usr/lib/python3.12/asyncio/tasks.py", line 520, in wait_for
    return await fut
           ^^^^^^^^^
  File "/projects/sp4rk/.venv/lib/python3.12/site-packages/discord/gateway.py", line 374, in from_client
    socket = await client.http.ws_connect(str(url))
             ^^^^^^^^^^^^^^^^^^^^^^^^^^^^^^^^^^^^^^
  File "/projects/sp4rk/.venv/lib/python3.12/site-packages/discord/http.py", line 550, in ws_connect
    return await self.__session.ws_connect(url, **kwargs)
           ^^^^^^^^^^^^^^^^^^^^^^^^^^^^^^^^^^^^^^^^^^^^^^
  File "/projects/sp4rk/.venv/lib/python3.12/site-packages/aiohttp/client.py", line 1244, in _ws_connect
    resp = await self.request(
           ^^^^^^^^^^^^^^^^^^^
  File "/projects/sp4rk/.venv/lib/python3.12/site-packages/aiohttp/client.py", line 856, in _request
    resp = await handler(req)
           ^^^^^^^^^^^^^^^^^^
  File "/projects/sp4rk/.venv/lib/python3.12/site-packages/aiohttp/client.py", line 810, in _connect_and_send_request
    conn = await self._connector.connect(
           ^^^^^^^^^^^^^^^^^^^^^^^^^^^^^^
  File "/projects/sp4rk/.venv/lib/python3.12/site-packages/aiohttp/connector.py", line 655, in connect
    proto = await self._create_connection(req, traces, timeout)
            ^^^^^^^^^^^^^^^^^^^^^^^^^^^^^^^^^^^^^^^^^^^^^^^^^^^
  File "/projects/sp4rk/.venv/lib/python3.12/site-packages/aiohttp/connector.py", line 1232, in _create_connection
    _, proto = await self._create_direct_connection(req, traces, timeout)
               ^^^^^^^^^^^^^^^^^^^^^^^^^^^^^^^^^^^^^^^^^^^^^^^^^^^^^^^^^^
  File "/projects/sp4rk/.venv/lib/python3.12/site-packages/aiohttp/connector.py", line 1567, in _create_direct_connection
    raise ClientConnectorDNSError(req.connection_key, exc) from exc
aiohttp.client_exceptions.ClientConnectorDNSError: Cannot connect to host gateway-us-east1-c.discord.gg:443 ssl:default [Temporary failure in name resolution]
2026-08-27 23:51:04,392 ERROR:discord.client:Attempting a reconnect in 1.04s
Traceback (most recent call last):
  File "/projects/sp4rk/.venv/lib/python3.12/site-packages/aiohttp/connector.py", line 1561, in _create_direct_connection
    hosts = await self._resolve_host(host, port, traces=traces)
            ^^^^^^^^^^^^^^^^^^^^^^^^^^^^^^^^^^^^^^^^^^^^^^^^^^^
  File "/projects/sp4rk/.venv/lib/python3.12/site-packages/aiohttp/connector.py", line 1171, in _resolve_host
    return await asyncio.shield(resolved_host_task)
           ^^^^^^^^^^^^^^^^^^^^^^^^^^^^^^^^^^^^^^^^
  File "/projects/sp4rk/.venv/lib/python3.12/site-packages/aiohttp/connector.py", line 1202, in _resolve_host_with_throttle
    addrs = await self._resolver.resolve(host, port, family=self._family)
            ^^^^^^^^^^^^^^^^^^^^^^^^^^^^^^^^^^^^^^^^^^^^^^^^^^^^^^^^^^^^^
  File "/projects/sp4rk/.venv/lib/python3.12/site-packages/aiohttp/resolver.py", line 40, in resolve
    infos = await self._loop.getaddrinfo(
            ^^^^^^^^^^^^^^^^^^^^^^^^^^^^^
  File "/usr/lib/python3.12/asyncio/base_events.py", line 901, in getaddrinfo
    return await self.run_in_executor(
           ^^^^^^^^^^^^^^^^^^^^^^^^^^^
  File "/usr/lib/python3.12/concurrent/futures/thread.py", line 58, in run
    result = self.fn(*self.args, **self.kwargs)
             ^^^^^^^^^^^^^^^^^^^^^^^^^^^^^^^^^^
  File "/usr/lib/python3.12/socket.py", line 963, in getaddrinfo
    for res in _socket.getaddrinfo(host, port, family, type, proto, flags):
               ^^^^^^^^^^^^^^^^^^^^^^^^^^^^^^^^^^^^^^^^^^^^^^^^^^^^^^^^^^^
socket.gaierror: [Errno -3] Temporary failure in name resolution

The above exception was the direct cause of the following exception:

Traceback (most recent call last):
  File "/projects/sp4rk/.venv/lib/python3.12/site-packages/discord/client.py", line 664, in connect
    self.ws = await asyncio.wait_for(coro, timeout=60.0)
              ^^^^^^^^^^^^^^^^^^^^^^^^^^^^^^^^^^^^^^^^^^
  File "/usr/lib/python3.12/asyncio/tasks.py", line 520, in wait_for
    return await fut
           ^^^^^^^^^
  File "/projects/sp4rk/.venv/lib/python3.12/site-packages/discord/gateway.py", line 374, in from_client
    socket = await client.http.ws_connect(str(url))
             ^^^^^^^^^^^^^^^^^^^^^^^^^^^^^^^^^^^^^^
  File "/projects/sp4rk/.venv/lib/python3.12/site-packages/discord/http.py", line 550, in ws_connect
    return await self.__session.ws_connect(url, **kwargs)
           ^^^^^^^^^^^^^^^^^^^^^^^^^^^^^^^^^^^^^^^^^^^^^^
  File "/projects/sp4rk/.venv/lib/python3.12/site-packages/aiohttp/client.py", line 1244, in _ws_connect
    resp = await self.request(
           ^^^^^^^^^^^^^^^^^^^
  File "/projects/sp4rk/.venv/lib/python3.12/site-packages/aiohttp/client.py", line 856, in _request
    resp = await handler(req)
           ^^^^^^^^^^^^^^^^^^
  File "/projects/sp4rk/.venv/lib/python3.12/site-packages/aiohttp/client.py", line 810, in _connect_and_send_request
    conn = await self._connector.connect(
           ^^^^^^^^^^^^^^^^^^^^^^^^^^^^^^
  File "/projects/sp4rk/.venv/lib/python3.12/site-packages/aiohttp/connector.py", line 655, in connect
    proto = await self._create_connection(req, traces, timeout)
            ^^^^^^^^^^^^^^^^^^^^^^^^^^^^^^^^^^^^^^^^^^^^^^^^^^^
  File "/projects/sp4rk/.venv/lib/python3.12/site-packages/aiohttp/connector.py", line 1232, in _create_connection
    _, proto = await self._create_direct_connection(req, traces, timeout)
               ^^^^^^^^^^^^^^^^^^^^^^^^^^^^^^^^^^^^^^^^^^^^^^^^^^^^^^^^^^
  File "/projects/sp4rk/.venv/lib/python3.12/site-packages/aiohttp/connector.py", line 1567, in _create_direct_connection
    raise ClientConnectorDNSError(req.connection_key, exc) from exc
aiohttp.client_exceptions.ClientConnectorDNSError: Cannot connect to host gateway-us-east1-c.discord.gg:443 ssl:default [Temporary failure in name resolution]
2026-08-28 00:07:42,996 ERROR:discord.client:Attempting a reconnect in 2.37s
Traceback (most recent call last):
  File "/projects/sp4rk/.venv/lib/python3.12/site-packages/aiohttp/connector.py", line 1561, in _create_direct_connection
    hosts = await self._resolve_host(host, port, traces=traces)
            ^^^^^^^^^^^^^^^^^^^^^^^^^^^^^^^^^^^^^^^^^^^^^^^^^^^
  File "/projects/sp4rk/.venv/lib/python3.12/site-packages/aiohttp/connector.py", line 1171, in _resolve_host
    return await asyncio.shield(resolved_host_task)
           ^^^^^^^^^^^^^^^^^^^^^^^^^^^^^^^^^^^^^^^^
  File "/projects/sp4rk/.venv/lib/python3.12/site-packages/aiohttp/connector.py", line 1202, in _resolve_host_with_throttle
    addrs = await self._resolver.resolve(host, port, family=self._family)
            ^^^^^^^^^^^^^^^^^^^^^^^^^^^^^^^^^^^^^^^^^^^^^^^^^^^^^^^^^^^^^
  File "/projects/sp4rk/.venv/lib/python3.12/site-packages/aiohttp/resolver.py", line 40, in resolve
    infos = await self._loop.getaddrinfo(
            ^^^^^^^^^^^^^^^^^^^^^^^^^^^^^
  File "/usr/lib/python3.12/asyncio/base_events.py", line 901, in getaddrinfo
    return await self.run_in_executor(
           ^^^^^^^^^^^^^^^^^^^^^^^^^^^
  File "/usr/lib/python3.12/concurrent/futures/thread.py", line 58, in run
    result = self.fn(*self.args, **self.kwargs)
             ^^^^^^^^^^^^^^^^^^^^^^^^^^^^^^^^^^
  File "/usr/lib/python3.12/socket.py", line 963, in getaddrinfo
    for res in _socket.getaddrinfo(host, port, family, type, proto, flags):
               ^^^^^^^^^^^^^^^^^^^^^^^^^^^^^^^^^^^^^^^^^^^^^^^^^^^^^^^^^^^
socket.gaierror: [Errno -3] Temporary failure in name resolution

The above exception was the direct cause of the following exception:

Traceback (most recent call last):
  File "/projects/sp4rk/.venv/lib/python3.12/site-packages/discord/client.py", line 664, in connect
    self.ws = await asyncio.wait_for(coro, timeout=60.0)
              ^^^^^^^^^^^^^^^^^^^^^^^^^^^^^^^^^^^^^^^^^^
  File "/usr/lib/python3.12/asyncio/tasks.py", line 520, in wait_for
    return await fut
           ^^^^^^^^^
  File "/projects/sp4rk/.venv/lib/python3.12/site-packages/discord/gateway.py", line 374, in from_client
    socket = await client.http.ws_connect(str(url))
             ^^^^^^^^^^^^^^^^^^^^^^^^^^^^^^^^^^^^^^
  File "/projects/sp4rk/.venv/lib/python3.12/site-packages/discord/http.py", line 550, in ws_connect
    return await self.__session.ws_connect(url, **kwargs)
           ^^^^^^^^^^^^^^^^^^^^^^^^^^^^^^^^^^^^^^^^^^^^^^
  File "/projects/sp4rk/.venv/lib/python3.12/site-packages/aiohttp/client.py", line 1244, in _ws_connect
    resp = await self.request(
           ^^^^^^^^^^^^^^^^^^^
  File "/projects/sp4rk/.venv/lib/python3.12/site-packages/aiohttp/client.py", line 856, in _request
    resp = await handler(req)
           ^^^^^^^^^^^^^^^^^^
  File "/projects/sp4rk/.venv/lib/python3.12/site-packages/aiohttp/client.py", line 810, in _connect_and_send_request
    conn = await self._connector.connect(
           ^^^^^^^^^^^^^^^^^^^^^^^^^^^^^^
  File "/projects/sp4rk/.venv/lib/python3.12/site-packages/aiohttp/connector.py", line 655, in connect
    proto = await self._create_connection(req, traces, timeout)
            ^^^^^^^^^^^^^^^^^^^^^^^^^^^^^^^^^^^^^^^^^^^^^^^^^^^
  File "/projects/sp4rk/.venv/lib/python3.12/site-packages/aiohttp/connector.py", line 1232, in _create_connection
    _, proto = await self._create_direct_connection(req, traces, timeout)
               ^^^^^^^^^^^^^^^^^^^^^^^^^^^^^^^^^^^^^^^^^^^^^^^^^^^^^^^^^^
  File "/projects/sp4rk/.venv/lib/python3.12/site-packages/aiohttp/connector.py", line 1567, in _create_direct_connection
    raise ClientConnectorDNSError(req.connection_key, exc) from exc
aiohttp.client_exceptions.ClientConnectorDNSError: Cannot connect to host gateway-us-east1-c.discord.gg:443 ssl:default [Temporary failure in name resolution]
2026-08-28 00:51:15,601 ERROR:discord.client:Attempting a reconnect in 1.95s
Traceback (most recent call last):
  File "/projects/sp4rk/.venv/lib/python3.12/site-packages/aiohttp/connector.py", line 1561, in _create_direct_connection
    hosts = await self._resolve_host(host, port, traces=traces)
            ^^^^^^^^^^^^^^^^^^^^^^^^^^^^^^^^^^^^^^^^^^^^^^^^^^^
  File "/projects/sp4rk/.venv/lib/python3.12/site-packages/aiohttp/connector.py", line 1171, in _resolve_host
    return await asyncio.shield(resolved_host_task)
           ^^^^^^^^^^^^^^^^^^^^^^^^^^^^^^^^^^^^^^^^
  File "/projects/sp4rk/.venv/lib/python3.12/site-packages/aiohttp/connector.py", line 1202, in _resolve_host_with_throttle
    addrs = await self._resolver.resolve(host, port, family=self._family)
            ^^^^^^^^^^^^^^^^^^^^^^^^^^^^^^^^^^^^^^^^^^^^^^^^^^^^^^^^^^^^^
  File "/projects/sp4rk/.venv/lib/python3.12/site-packages/aiohttp/resolver.py", line 40, in resolve
    infos = await self._loop.getaddrinfo(
            ^^^^^^^^^^^^^^^^^^^^^^^^^^^^^
  File "/usr/lib/python3.12/asyncio/base_events.py", line 901, in getaddrinfo
    return await self.run_in_executor(
           ^^^^^^^^^^^^^^^^^^^^^^^^^^^
  File "/usr/lib/python3.12/concurrent/futures/thread.py", line 58, in run
    result = self.fn(*self.args, **self.kwargs)
             ^^^^^^^^^^^^^^^^^^^^^^^^^^^^^^^^^^
  File "/usr/lib/python3.12/socket.py", line 963, in getaddrinfo
    for res in _socket.getaddrinfo(host, port, family, type, proto, flags):
               ^^^^^^^^^^^^^^^^^^^^^^^^^^^^^^^^^^^^^^^^^^^^^^^^^^^^^^^^^^^
socket.gaierror: [Errno -3] Temporary failure in name resolution

The above exception was the direct cause of the following exception:

Traceback (most recent call last):
  File "/projects/sp4rk/.venv/lib/python3.12/site-packages/discord/client.py", line 664, in connect
    self.ws = await asyncio.wait_for(coro, timeout=60.0)
              ^^^^^^^^^^^^^^^^^^^^^^^^^^^^^^^^^^^^^^^^^^
  File "/usr/lib/python3.12/asyncio/tasks.py", line 520, in wait_for
    return await fut
           ^^^^^^^^^
  File "/projects/sp4rk/.venv/lib/python3.12/site-packages/discord/gateway.py", line 374, in from_client
    socket = await client.http.ws_connect(str(url))
             ^^^^^^^^^^^^^^^^^^^^^^^^^^^^^^^^^^^^^^
  File "/projects/sp4rk/.venv/lib/python3.12/site-packages/discord/http.py", line 550, in ws_connect
    return await self.__session.ws_connect(url, **kwargs)
           ^^^^^^^^^^^^^^^^^^^^^^^^^^^^^^^^^^^^^^^^^^^^^^
  File "/projects/sp4rk/.venv/lib/python3.12/site-packages/aiohttp/client.py", line 1244, in _ws_connect
    resp = await self.request(
           ^^^^^^^^^^^^^^^^^^^
  File "/projects/sp4rk/.venv/lib/python3.12/site-packages/aiohttp/client.py", line 856, in _request
    resp = await handler(req)
           ^^^^^^^^^^^^^^^^^^
  File "/projects/sp4rk/.venv/lib/python3.12/site-packages/aiohttp/client.py", line 810, in _connect_and_send_request
    conn = await self._connector.connect(
           ^^^^^^^^^^^^^^^^^^^^^^^^^^^^^^
  File "/projects/sp4rk/.venv/lib/python3.12/site-packages/aiohttp/connector.py", line 655, in connect
    proto = await self._create_connection(req, traces, timeout)
            ^^^^^^^^^^^^^^^^^^^^^^^^^^^^^^^^^^^^^^^^^^^^^^^^^^^
  File "/projects/sp4rk/.venv/lib/python3.12/site-packages/aiohttp/connector.py", line 1232, in _create_connection
    _, proto = await self._create_direct_connection(req, traces, timeout)
               ^^^^^^^^^^^^^^^^^^^^^^^^^^^^^^^^^^^^^^^^^^^^^^^^^^^^^^^^^^
  File "/projects/sp4rk/.venv/lib/python3.12/site-packages/aiohttp/connector.py", line 1567, in _create_direct_connection
    raise ClientConnectorDNSError(req.connection_key, exc) from exc
aiohttp.client_exceptions.ClientConnectorDNSError: Cannot connect to host gateway-us-east1-c.discord.gg:443 ssl:default [Temporary failure in name resolution]
2026-08-28 02:44:53,852 WARNING:discord.gateway:Can't keep up, shard ID None websocket is 14.9s behind.
2026-08-28 03:33:49,672 ERROR:discord.client:Attempting a reconnect in 1.75s
Traceback (most recent call last):
  File "/projects/sp4rk/.venv/lib/python3.12/site-packages/aiohttp/connector.py", line 1561, in _create_direct_connection
    hosts = await self._resolve_host(host, port, traces=traces)
            ^^^^^^^^^^^^^^^^^^^^^^^^^^^^^^^^^^^^^^^^^^^^^^^^^^^
  File "/projects/sp4rk/.venv/lib/python3.12/site-packages/aiohttp/connector.py", line 1171, in _resolve_host
    return await asyncio.shield(resolved_host_task)
           ^^^^^^^^^^^^^^^^^^^^^^^^^^^^^^^^^^^^^^^^
  File "/projects/sp4rk/.venv/lib/python3.12/site-packages/aiohttp/connector.py", line 1202, in _resolve_host_with_throttle
    addrs = await self._resolver.resolve(host, port, family=self._family)
            ^^^^^^^^^^^^^^^^^^^^^^^^^^^^^^^^^^^^^^^^^^^^^^^^^^^^^^^^^^^^^
  File "/projects/sp4rk/.venv/lib/python3.12/site-packages/aiohttp/resolver.py", line 40, in resolve
    infos = await self._loop.getaddrinfo(
            ^^^^^^^^^^^^^^^^^^^^^^^^^^^^^
  File "/usr/lib/python3.12/asyncio/base_events.py", line 901, in getaddrinfo
    return await self.run_in_executor(
           ^^^^^^^^^^^^^^^^^^^^^^^^^^^
  File "/usr/lib/python3.12/concurrent/futures/thread.py", line 58, in run
    result = self.fn(*self.args, **self.kwargs)
             ^^^^^^^^^^^^^^^^^^^^^^^^^^^^^^^^^^
  File "/usr/lib/python3.12/socket.py", line 963, in getaddrinfo
    for res in _socket.getaddrinfo(host, port, family, type, proto, flags):
               ^^^^^^^^^^^^^^^^^^^^^^^^^^^^^^^^^^^^^^^^^^^^^^^^^^^^^^^^^^^
socket.gaierror: [Errno -3] Temporary failure in name resolution

The above exception was the direct cause of the following exception:

Traceback (most recent call last):
  File "/projects/sp4rk/.venv/lib/python3.12/site-packages/discord/client.py", line 664, in connect
    self.ws = await asyncio.wait_for(coro, timeout=60.0)
              ^^^^^^^^^^^^^^^^^^^^^^^^^^^^^^^^^^^^^^^^^^
  File "/usr/lib/python3.12/asyncio/tasks.py", line 520, in wait_for
    return await fut
           ^^^^^^^^^
  File "/projects/sp4rk/.venv/lib/python3.12/site-packages/discord/gateway.py", line 374, in from_client
    socket = await client.http.ws_connect(str(url))
             ^^^^^^^^^^^^^^^^^^^^^^^^^^^^^^^^^^^^^^
  File "/projects/sp4rk/.venv/lib/python3.12/site-packages/discord/http.py", line 550, in ws_connect
    return await self.__session.ws_connect(url, **kwargs)
           ^^^^^^^^^^^^^^^^^^^^^^^^^^^^^^^^^^^^^^^^^^^^^^
  File "/projects/sp4rk/.venv/lib/python3.12/site-packages/aiohttp/client.py", line 1244, in _ws_connect
    resp = await self.request(
           ^^^^^^^^^^^^^^^^^^^
  File "/projects/sp4rk/.venv/lib/python3.12/site-packages/aiohttp/client.py", line 856, in _request
    resp = await handler(req)
           ^^^^^^^^^^^^^^^^^^
  File "/projects/sp4rk/.venv/lib/python3.12/site-packages/aiohttp/client.py", line 810, in _connect_and_send_request
    conn = await self._connector.connect(
           ^^^^^^^^^^^^^^^^^^^^^^^^^^^^^^
  File "/projects/sp4rk/.venv/lib/python3.12/site-packages/aiohttp/connector.py", line 655, in connect
    proto = await self._create_connection(req, traces, timeout)
            ^^^^^^^^^^^^^^^^^^^^^^^^^^^^^^^^^^^^^^^^^^^^^^^^^^^
  File "/projects/sp4rk/.venv/lib/python3.12/site-packages/aiohttp/connector.py", line 1232, in _create_connection
    _, proto = await self._create_direct_connection(req, traces, timeout)
               ^^^^^^^^^^^^^^^^^^^^^^^^^^^^^^^^^^^^^^^^^^^^^^^^^^^^^^^^^^
  File "/projects/sp4rk/.venv/lib/python3.12/site-packages/aiohttp/connector.py", line 1567, in _create_direct_connection
    raise ClientConnectorDNSError(req.connection_key, exc) from exc
aiohttp.client_exceptions.ClientConnectorDNSError: Cannot connect to host gateway-us-east1-c.discord.gg:443 ssl:default [Temporary failure in name resolution]
2026-08-28 07:56:53,807 ERROR:discord.client:Attempting a reconnect in 1.34s
Traceback (most recent call last):
  File "/projects/sp4rk/.venv/lib/python3.12/site-packages/aiohttp/connector.py", line 1561, in _create_direct_connection
    hosts = await self._resolve_host(host, port, traces=traces)
            ^^^^^^^^^^^^^^^^^^^^^^^^^^^^^^^^^^^^^^^^^^^^^^^^^^^
  File "/projects/sp4rk/.venv/lib/python3.12/site-packages/aiohttp/connector.py", line 1171, in _resolve_host
    return await asyncio.shield(resolved_host_task)
           ^^^^^^^^^^^^^^^^^^^^^^^^^^^^^^^^^^^^^^^^
  File "/projects/sp4rk/.venv/lib/python3.12/site-packages/aiohttp/connector.py", line 1202, in _resolve_host_with_throttle
    addrs = await self._resolver.resolve(host, port, family=self._family)
            ^^^^^^^^^^^^^^^^^^^^^^^^^^^^^^^^^^^^^^^^^^^^^^^^^^^^^^^^^^^^^
  File "/projects/sp4rk/.venv/lib/python3.12/site-packages/aiohttp/resolver.py", line 40, in resolve
    infos = await self._loop.getaddrinfo(
            ^^^^^^^^^^^^^^^^^^^^^^^^^^^^^
  File "/usr/lib/python3.12/asyncio/base_events.py", line 901, in getaddrinfo
    return await self.run_in_executor(
           ^^^^^^^^^^^^^^^^^^^^^^^^^^^
  File "/usr/lib/python3.12/concurrent/futures/thread.py", line 58, in run
    result = self.fn(*self.args, **self.kwargs)
             ^^^^^^^^^^^^^^^^^^^^^^^^^^^^^^^^^^
  File "/usr/lib/python3.12/socket.py", line 963, in getaddrinfo
    for res in _socket.getaddrinfo(host, port, family, type, proto, flags):
               ^^^^^^^^^^^^^^^^^^^^^^^^^^^^^^^^^^^^^^^^^^^^^^^^^^^^^^^^^^^
socket.gaierror: [Errno -3] Temporary failure in name resolution

The above exception was the direct cause of the following exception:

Traceback (most recent call last):
  File "/projects/sp4rk/.venv/lib/python3.12/site-packages/discord/client.py", line 664, in connect
    self.ws = await asyncio.wait_for(coro, timeout=60.0)
              ^^^^^^^^^^^^^^^^^^^^^^^^^^^^^^^^^^^^^^^^^^
  File "/usr/lib/python3.12/asyncio/tasks.py", line 520, in wait_for
    return await fut
           ^^^^^^^^^
  File "/projects/sp4rk/.venv/lib/python3.12/site-packages/discord/gateway.py", line 374, in from_client
    socket = await client.http.ws_connect(str(url))
             ^^^^^^^^^^^^^^^^^^^^^^^^^^^^^^^^^^^^^^
  File "/projects/sp4rk/.venv/lib/python3.12/site-packages/discord/http.py", line 550, in ws_connect
    return await self.__session.ws_connect(url, **kwargs)
           ^^^^^^^^^^^^^^^^^^^^^^^^^^^^^^^^^^^^^^^^^^^^^^
  File "/projects/sp4rk/.venv/lib/python3.12/site-packages/aiohttp/client.py", line 1244, in _ws_connect
    resp = await self.request(
           ^^^^^^^^^^^^^^^^^^^
  File "/projects/sp4rk/.venv/lib/python3.12/site-packages/aiohttp/client.py", line 856, in _request
    resp = await handler(req)
           ^^^^^^^^^^^^^^^^^^
  File "/projects/sp4rk/.venv/lib/python3.12/site-packages/aiohttp/client.py", line 810, in _connect_and_send_request
    conn = await self._connector.connect(
           ^^^^^^^^^^^^^^^^^^^^^^^^^^^^^^
  File "/projects/sp4rk/.venv/lib/python3.12/site-packages/aiohttp/connector.py", line 655, in connect
    proto = await self._create_connection(req, traces, timeout)
            ^^^^^^^^^^^^^^^^^^^^^^^^^^^^^^^^^^^^^^^^^^^^^^^^^^^
  File "/projects/sp4rk/.venv/lib/python3.12/site-packages/aiohttp/connector.py", line 1232, in _create_connection
    _, proto = await self._create_direct_connection(req, traces, timeout)
               ^^^^^^^^^^^^^^^^^^^^^^^^^^^^^^^^^^^^^^^^^^^^^^^^^^^^^^^^^^
  File "/projects/sp4rk/.venv/lib/python3.12/site-packages/aiohttp/connector.py", line 1567, in _create_direct_connection
    raise ClientConnectorDNSError(req.connection_key, exc) from exc
aiohttp.client_exceptions.ClientConnectorDNSError: Cannot connect to host gateway-us-east1-c.discord.gg:443 ssl:default [Temporary failure in name resolution]
2026-08-28 16:50:01,186 WARNING:SP4RK.reminders:DM closed for user 591297089686863872
2026-08-28 16:50:01,297 WARNING:apscheduler.scheduler:Execution of job "send_due_reminders (trigger: interval[0:00:01], next run at: 2026-08-28 16:50:01 UTC)" skipped: maximum number of running instances reached (1)
2026-08-28 16:50:02,297 WARNING:apscheduler.scheduler:Execution of job "send_due_reminders (trigger: interval[0:00:01], next run at: 2026-08-28 16:50:02 UTC)" skipped: maximum number of running instances reached (1)
2026-08-28 16:50:03,296 WARNING:apscheduler.scheduler:Execution of job "send_due_reminders (trigger: interval[0:00:01], next run at: 2026-08-28 16:50:03 UTC)" skipped: maximum number of running instances reached (1)
2026-08-28 16:50:04,296 WARNING:apscheduler.scheduler:Execution of job "send_due_reminders (trigger: interval[0:00:01], next run at: 2026-08-28 16:50:04 UTC)" skipped: maximum number of running instances reached (1)
2026-08-28 16:50:05,297 WARNING:apscheduler.scheduler:Execution of job "send_due_reminders (trigger: interval[0:00:01], next run at: 2026-08-28 16:50:05 UTC)" skipped: maximum number of running instances reached (1)
2026-08-28 16:50:06,296 WARNING:apscheduler.scheduler:Execution of job "send_due_reminders (trigger: interval[0:00:01], next run at: 2026-08-28 16:50:06 UTC)" skipped: maximum number of running instances reached (1)
2026-08-28 16:50:07,297 WARNING:apscheduler.scheduler:Execution of job "send_due_reminders (trigger: interval[0:00:01], next run at: 2026-08-28 16:50:07 UTC)" skipped: maximum number of running instances reached (1)
2026-08-29 06:33:31,085 WARNING:discord.gateway:Can't keep up, shard ID None websocket is 14.9s behind.
2026-08-29 06:58:57,358 WARNING:discord.gateway:Can't keep up, shard ID None websocket is 14.8s behind.
2026-08-29 10:56:04,652 WARNING:discord.gateway:Can't keep up, shard ID None websocket is 14.6s behind.
2026-08-29 18:00:01,297 WARNING:apscheduler.scheduler:Execution of job "send_due_reminders (trigger: interval[0:00:01], next run at: 2026-08-29 18:00:01 UTC)" skipped: maximum number of running instances reached (1)
2026-08-29 18:00:02,106 WARNING:SP4RK.reminders:DM closed for user 591297089686863872
2026-08-29 18:00:02,296 WARNING:apscheduler.scheduler:Execution of job "send_due_reminders (trigger: interval[0:00:01], next run at: 2026-08-29 18:00:02 UTC)" skipped: maximum number of running instances reached (1)
2026-08-29 18:00:03,281 WARNING:SP4RK.reminders:DM closed for user 464502096083943424
2026-08-29 18:00:03,297 WARNING:apscheduler.scheduler:Execution of job "send_due_reminders (trigger: interval[0:00:01], next run at: 2026-08-29 18:00:03 UTC)" skipped: maximum number of running instances reached (1)
2026-08-29 18:00:04,297 WARNING:apscheduler.scheduler:Execution of job "send_due_reminders (trigger: interval[0:00:01], next run at: 2026-08-29 18:00:04 UTC)" skipped: maximum number of running instances reached (1)
2026-08-29 18:00:05,297 WARNING:apscheduler.scheduler:Execution of job "send_due_reminders (trigger: interval[0:00:01], next run at: 2026-08-29 18:00:05 UTC)" skipped: maximum number of running instances reached (1)
2026-08-29 18:00:06,297 WARNING:apscheduler.scheduler:Execution of job "send_due_reminders (trigger: interval[0:00:01], next run at: 2026-08-29 18:00:06 UTC)" skipped: maximum number of running instances reached (1)
2026-08-29 18:00:07,297 WARNING:apscheduler.scheduler:Execution of job "send_due_reminders (trigger: interval[0:00:01], next run at: 2026-08-29 18:00:07 UTC)" skipped: maximum number of running instances reached (1)
2026-08-29 18:00:08,297 WARNING:apscheduler.scheduler:Execution of job "send_due_reminders (trigger: interval[0:00:01], next run at: 2026-08-29 18:00:08 UTC)" skipped: maximum number of running instances reached (1)
2026-08-29 18:00:09,296 WARNING:apscheduler.scheduler:Execution of job "send_due_reminders (trigger: interval[0:00:01], next run at: 2026-08-29 18:00:09 UTC)" skipped: maximum number of running instances reached (1)
2026-08-29 18:00:10,297 WARNING:apscheduler.scheduler:Execution of job "send_due_reminders (trigger: interval[0:00:01], next run at: 2026-08-29 18:00:10 UTC)" skipped: maximum number of running instances reached (1)
2026-08-29 18:00:11,297 WARNING:apscheduler.scheduler:Execution of job "send_due_reminders (trigger: interval[0:00:01], next run at: 2026-08-29 18:00:11 UTC)" skipped: maximum number of running instances reached (1)
2026-08-29 18:00:12,297 WARNING:apscheduler.scheduler:Execution of job "send_due_reminders (trigger: interval[0:00:01], next run at: 2026-08-29 18:00:12 UTC)" skipped: maximum number of running instances reached (1)
2026-08-29 18:00:13,297 WARNING:apscheduler.scheduler:Execution of job "send_due_reminders (trigger: interval[0:00:01], next run at: 2026-08-29 18:00:13 UTC)" skipped: maximum number of running instances reached (1)
2026-08-29 18:00:14,297 WARNING:apscheduler.scheduler:Execution of job "send_due_reminders (trigger: interval[0:00:01], next run at: 2026-08-29 18:00:14 UTC)" skipped: maximum number of running instances reached (1)
2026-08-29 19:02:59,292 ERROR:discord.client:Attempting a reconnect in 1.13s
Traceback (most recent call last):
  File "/projects/sp4rk/.venv/lib/python3.12/site-packages/aiohttp/connector.py", line 1561, in _create_direct_connection
    hosts = await self._resolve_host(host, port, traces=traces)
            ^^^^^^^^^^^^^^^^^^^^^^^^^^^^^^^^^^^^^^^^^^^^^^^^^^^
  File "/projects/sp4rk/.venv/lib/python3.12/site-packages/aiohttp/connector.py", line 1171, in _resolve_host
    return await asyncio.shield(resolved_host_task)
           ^^^^^^^^^^^^^^^^^^^^^^^^^^^^^^^^^^^^^^^^
  File "/projects/sp4rk/.venv/lib/python3.12/site-packages/aiohttp/connector.py", line 1202, in _resolve_host_with_throttle
    addrs = await self._resolver.resolve(host, port, family=self._family)
            ^^^^^^^^^^^^^^^^^^^^^^^^^^^^^^^^^^^^^^^^^^^^^^^^^^^^^^^^^^^^^
  File "/projects/sp4rk/.venv/lib/python3.12/site-packages/aiohttp/resolver.py", line 40, in resolve
    infos = await self._loop.getaddrinfo(
            ^^^^^^^^^^^^^^^^^^^^^^^^^^^^^
  File "/usr/lib/python3.12/asyncio/base_events.py", line 901, in getaddrinfo
    return await self.run_in_executor(
           ^^^^^^^^^^^^^^^^^^^^^^^^^^^
  File "/usr/lib/python3.12/concurrent/futures/thread.py", line 58, in run
    result = self.fn(*self.args, **self.kwargs)
             ^^^^^^^^^^^^^^^^^^^^^^^^^^^^^^^^^^
  File "/usr/lib/python3.12/socket.py", line 963, in getaddrinfo
    for res in _socket.getaddrinfo(host, port, family, type, proto, flags):
               ^^^^^^^^^^^^^^^^^^^^^^^^^^^^^^^^^^^^^^^^^^^^^^^^^^^^^^^^^^^
socket.gaierror: [Errno -3] Temporary failure in name resolution

The above exception was the direct cause of the following exception:

Traceback (most recent call last):
  File "/projects/sp4rk/.venv/lib/python3.12/site-packages/discord/client.py", line 664, in connect
    self.ws = await asyncio.wait_for(coro, timeout=60.0)
              ^^^^^^^^^^^^^^^^^^^^^^^^^^^^^^^^^^^^^^^^^^
  File "/usr/lib/python3.12/asyncio/tasks.py", line 520, in wait_for
    return await fut
           ^^^^^^^^^
  File "/projects/sp4rk/.venv/lib/python3.12/site-packages/discord/gateway.py", line 374, in from_client
    socket = await client.http.ws_connect(str(url))
             ^^^^^^^^^^^^^^^^^^^^^^^^^^^^^^^^^^^^^^
  File "/projects/sp4rk/.venv/lib/python3.12/site-packages/discord/http.py", line 550, in ws_connect
    return await self.__session.ws_connect(url, **kwargs)
           ^^^^^^^^^^^^^^^^^^^^^^^^^^^^^^^^^^^^^^^^^^^^^^
  File "/projects/sp4rk/.venv/lib/python3.12/site-packages/aiohttp/client.py", line 1244, in _ws_connect
    resp = await self.request(
           ^^^^^^^^^^^^^^^^^^^
  File "/projects/sp4rk/.venv/lib/python3.12/site-packages/aiohttp/client.py", line 856, in _request
    resp = await handler(req)
           ^^^^^^^^^^^^^^^^^^
  File "/projects/sp4rk/.venv/lib/python3.12/site-packages/aiohttp/client.py", line 810, in _connect_and_send_request
    conn = await self._connector.connect(
           ^^^^^^^^^^^^^^^^^^^^^^^^^^^^^^
  File "/projects/sp4rk/.venv/lib/python3.12/site-packages/aiohttp/connector.py", line 655, in connect
    proto = await self._create_connection(req, traces, timeout)
            ^^^^^^^^^^^^^^^^^^^^^^^^^^^^^^^^^^^^^^^^^^^^^^^^^^^
  File "/projects/sp4rk/.venv/lib/python3.12/site-packages/aiohttp/connector.py", line 1232, in _create_connection
    _, proto = await self._create_direct_connection(req, traces, timeout)
               ^^^^^^^^^^^^^^^^^^^^^^^^^^^^^^^^^^^^^^^^^^^^^^^^^^^^^^^^^^
  File "/projects/sp4rk/.venv/lib/python3.12/site-packages/aiohttp/connector.py", line 1567, in _create_direct_connection
    raise ClientConnectorDNSError(req.connection_key, exc) from exc
aiohttp.client_exceptions.ClientConnectorDNSError: Cannot connect to host gateway-us-east1-c.discord.gg:443 ssl:default [Temporary failure in name resolution]
2026-08-29 19:03:20,451 ERROR:discord.client:Attempting a reconnect in 1.81s
Traceback (most recent call last):
  File "/projects/sp4rk/.venv/lib/python3.12/site-packages/aiohttp/connector.py", line 1561, in _create_direct_connection
    hosts = await self._resolve_host(host, port, traces=traces)
            ^^^^^^^^^^^^^^^^^^^^^^^^^^^^^^^^^^^^^^^^^^^^^^^^^^^
  File "/projects/sp4rk/.venv/lib/python3.12/site-packages/aiohttp/connector.py", line 1171, in _resolve_host
    return await asyncio.shield(resolved_host_task)
           ^^^^^^^^^^^^^^^^^^^^^^^^^^^^^^^^^^^^^^^^
  File "/projects/sp4rk/.venv/lib/python3.12/site-packages/aiohttp/connector.py", line 1202, in _resolve_host_with_throttle
    addrs = await self._resolver.resolve(host, port, family=self._family)
            ^^^^^^^^^^^^^^^^^^^^^^^^^^^^^^^^^^^^^^^^^^^^^^^^^^^^^^^^^^^^^
  File "/projects/sp4rk/.venv/lib/python3.12/site-packages/aiohttp/resolver.py", line 40, in resolve
    infos = await self._loop.getaddrinfo(
            ^^^^^^^^^^^^^^^^^^^^^^^^^^^^^
  File "/usr/lib/python3.12/asyncio/base_events.py", line 901, in getaddrinfo
    return await self.run_in_executor(
           ^^^^^^^^^^^^^^^^^^^^^^^^^^^
  File "/usr/lib/python3.12/concurrent/futures/thread.py", line 58, in run
    result = self.fn(*self.args, **self.kwargs)
             ^^^^^^^^^^^^^^^^^^^^^^^^^^^^^^^^^^
  File "/usr/lib/python3.12/socket.py", line 963, in getaddrinfo
    for res in _socket.getaddrinfo(host, port, family, type, proto, flags):
               ^^^^^^^^^^^^^^^^^^^^^^^^^^^^^^^^^^^^^^^^^^^^^^^^^^^^^^^^^^^
socket.gaierror: [Errno -3] Temporary failure in name resolution

The above exception was the direct cause of the following exception:

Traceback (most recent call last):
  File "/projects/sp4rk/.venv/lib/python3.12/site-packages/discord/client.py", line 664, in connect
    self.ws = await asyncio.wait_for(coro, timeout=60.0)
              ^^^^^^^^^^^^^^^^^^^^^^^^^^^^^^^^^^^^^^^^^^
  File "/usr/lib/python3.12/asyncio/tasks.py", line 520, in wait_for
    return await fut
           ^^^^^^^^^
  File "/projects/sp4rk/.venv/lib/python3.12/site-packages/discord/gateway.py", line 374, in from_client
    socket = await client.http.ws_connect(str(url))
             ^^^^^^^^^^^^^^^^^^^^^^^^^^^^^^^^^^^^^^
  File "/projects/sp4rk/.venv/lib/python3.12/site-packages/discord/http.py", line 550, in ws_connect
    return await self.__session.ws_connect(url, **kwargs)
           ^^^^^^^^^^^^^^^^^^^^^^^^^^^^^^^^^^^^^^^^^^^^^^
  File "/projects/sp4rk/.venv/lib/python3.12/site-packages/aiohttp/client.py", line 1244, in _ws_connect
    resp = await self.request(
           ^^^^^^^^^^^^^^^^^^^
  File "/projects/sp4rk/.venv/lib/python3.12/site-packages/aiohttp/client.py", line 856, in _request
    resp = await handler(req)
           ^^^^^^^^^^^^^^^^^^
  File "/projects/sp4rk/.venv/lib/python3.12/site-packages/aiohttp/client.py", line 810, in _connect_and_send_request
    conn = await self._connector.connect(
           ^^^^^^^^^^^^^^^^^^^^^^^^^^^^^^
  File "/projects/sp4rk/.venv/lib/python3.12/site-packages/aiohttp/connector.py", line 655, in connect
    proto = await self._create_connection(req, traces, timeout)
            ^^^^^^^^^^^^^^^^^^^^^^^^^^^^^^^^^^^^^^^^^^^^^^^^^^^
  File "/projects/sp4rk/.venv/lib/python3.12/site-packages/aiohttp/connector.py", line 1232, in _create_connection
    _, proto = await self._create_direct_connection(req, traces, timeout)
               ^^^^^^^^^^^^^^^^^^^^^^^^^^^^^^^^^^^^^^^^^^^^^^^^^^^^^^^^^^
  File "/projects/sp4rk/.venv/lib/python3.12/site-packages/aiohttp/connector.py", line 1567, in _create_direct_connection
    raise ClientConnectorDNSError(req.connection_key, exc) from exc
aiohttp.client_exceptions.ClientConnectorDNSError: Cannot connect to host gateway-us-east1-c.discord.gg:443 ssl:default [Temporary failure in name resolution]
2026-08-30 00:39:50,234 WARNING:discord.gateway:Can't keep up, shard ID None websocket is 14.7s behind.
2026-08-30 09:05:42,289 ERROR:discord.client:Attempting a reconnect in 0.76s
Traceback (most recent call last):
  File "/projects/sp4rk/.venv/lib/python3.12/site-packages/aiohttp/connector.py", line 1561, in _create_direct_connection
    hosts = await self._resolve_host(host, port, traces=traces)
            ^^^^^^^^^^^^^^^^^^^^^^^^^^^^^^^^^^^^^^^^^^^^^^^^^^^
  File "/projects/sp4rk/.venv/lib/python3.12/site-packages/aiohttp/connector.py", line 1171, in _resolve_host
    return await asyncio.shield(resolved_host_task)
           ^^^^^^^^^^^^^^^^^^^^^^^^^^^^^^^^^^^^^^^^
  File "/projects/sp4rk/.venv/lib/python3.12/site-packages/aiohttp/connector.py", line 1202, in _resolve_host_with_throttle
    addrs = await self._resolver.resolve(host, port, family=self._family)
            ^^^^^^^^^^^^^^^^^^^^^^^^^^^^^^^^^^^^^^^^^^^^^^^^^^^^^^^^^^^^^
  File "/projects/sp4rk/.venv/lib/python3.12/site-packages/aiohttp/resolver.py", line 40, in resolve
    infos = await self._loop.getaddrinfo(
            ^^^^^^^^^^^^^^^^^^^^^^^^^^^^^
  File "/usr/lib/python3.12/asyncio/base_events.py", line 901, in getaddrinfo
    return await self.run_in_executor(
           ^^^^^^^^^^^^^^^^^^^^^^^^^^^
  File "/usr/lib/python3.12/concurrent/futures/thread.py", line 58, in run
    result = self.fn(*self.args, **self.kwargs)
             ^^^^^^^^^^^^^^^^^^^^^^^^^^^^^^^^^^
  File "/usr/lib/python3.12/socket.py", line 963, in getaddrinfo
    for res in _socket.getaddrinfo(host, port, family, type, proto, flags):
               ^^^^^^^^^^^^^^^^^^^^^^^^^^^^^^^^^^^^^^^^^^^^^^^^^^^^^^^^^^^
socket.gaierror: [Errno -3] Temporary failure in name resolution

The above exception was the direct cause of the following exception:

Traceback (most recent call last):
  File "/projects/sp4rk/.venv/lib/python3.12/site-packages/discord/client.py", line 664, in connect
    self.ws = await asyncio.wait_for(coro, timeout=60.0)
              ^^^^^^^^^^^^^^^^^^^^^^^^^^^^^^^^^^^^^^^^^^
  File "/usr/lib/python3.12/asyncio/tasks.py", line 520, in wait_for
    return await fut
           ^^^^^^^^^
  File "/projects/sp4rk/.venv/lib/python3.12/site-packages/discord/gateway.py", line 374, in from_client
    socket = await client.http.ws_connect(str(url))
             ^^^^^^^^^^^^^^^^^^^^^^^^^^^^^^^^^^^^^^
  File "/projects/sp4rk/.venv/lib/python3.12/site-packages/discord/http.py", line 550, in ws_connect
    return await self.__session.ws_connect(url, **kwargs)
           ^^^^^^^^^^^^^^^^^^^^^^^^^^^^^^^^^^^^^^^^^^^^^^
  File "/projects/sp4rk/.venv/lib/python3.12/site-packages/aiohttp/client.py", line 1244, in _ws_connect
    resp = await self.request(
           ^^^^^^^^^^^^^^^^^^^
  File "/projects/sp4rk/.venv/lib/python3.12/site-packages/aiohttp/client.py", line 856, in _request
    resp = await handler(req)
           ^^^^^^^^^^^^^^^^^^
  File "/projects/sp4rk/.venv/lib/python3.12/site-packages/aiohttp/client.py", line 810, in _connect_and_send_request
    conn = await self._connector.connect(
           ^^^^^^^^^^^^^^^^^^^^^^^^^^^^^^
  File "/projects/sp4rk/.venv/lib/python3.12/site-packages/aiohttp/connector.py", line 655, in connect
    proto = await self._create_connection(req, traces, timeout)
            ^^^^^^^^^^^^^^^^^^^^^^^^^^^^^^^^^^^^^^^^^^^^^^^^^^^
  File "/projects/sp4rk/.venv/lib/python3.12/site-packages/aiohttp/connector.py", line 1232, in _create_connection
    _, proto = await self._create_direct_connection(req, traces, timeout)
               ^^^^^^^^^^^^^^^^^^^^^^^^^^^^^^^^^^^^^^^^^^^^^^^^^^^^^^^^^^
  File "/projects/sp4rk/.venv/lib/python3.12/site-packages/aiohttp/connector.py", line 1567, in _create_direct_connection
    raise ClientConnectorDNSError(req.connection_key, exc) from exc
aiohttp.client_exceptions.ClientConnectorDNSError: Cannot connect to host gateway-us-east1-c.discord.gg:443 ssl:default [Temporary failure in name resolution]
2026-08-30 09:31:07,278 ERROR:discord.client:Attempting a reconnect in 0.56s
Traceback (most recent call last):
  File "/projects/sp4rk/.venv/lib/python3.12/site-packages/aiohttp/connector.py", line 1561, in _create_direct_connection
    hosts = await self._resolve_host(host, port, traces=traces)
            ^^^^^^^^^^^^^^^^^^^^^^^^^^^^^^^^^^^^^^^^^^^^^^^^^^^
  File "/projects/sp4rk/.venv/lib/python3.12/site-packages/aiohttp/connector.py", line 1171, in _resolve_host
    return await asyncio.shield(resolved_host_task)
           ^^^^^^^^^^^^^^^^^^^^^^^^^^^^^^^^^^^^^^^^
  File "/projects/sp4rk/.venv/lib/python3.12/site-packages/aiohttp/connector.py", line 1202, in _resolve_host_with_throttle
    addrs = await self._resolver.resolve(host, port, family=self._family)
            ^^^^^^^^^^^^^^^^^^^^^^^^^^^^^^^^^^^^^^^^^^^^^^^^^^^^^^^^^^^^^
  File "/projects/sp4rk/.venv/lib/python3.12/site-packages/aiohttp/resolver.py", line 40, in resolve
    infos = await self._loop.getaddrinfo(
            ^^^^^^^^^^^^^^^^^^^^^^^^^^^^^
  File "/usr/lib/python3.12/asyncio/base_events.py", line 901, in getaddrinfo
    return await self.run_in_executor(
           ^^^^^^^^^^^^^^^^^^^^^^^^^^^
  File "/usr/lib/python3.12/concurrent/futures/thread.py", line 58, in run
    result = self.fn(*self.args, **self.kwargs)
             ^^^^^^^^^^^^^^^^^^^^^^^^^^^^^^^^^^
  File "/usr/lib/python3.12/socket.py", line 963, in getaddrinfo
    for res in _socket.getaddrinfo(host, port, family, type, proto, flags):
               ^^^^^^^^^^^^^^^^^^^^^^^^^^^^^^^^^^^^^^^^^^^^^^^^^^^^^^^^^^^
socket.gaierror: [Errno -3] Temporary failure in name resolution

The above exception was the direct cause of the following exception:

Traceback (most recent call last):
  File "/projects/sp4rk/.venv/lib/python3.12/site-packages/discord/client.py", line 664, in connect
    self.ws = await asyncio.wait_for(coro, timeout=60.0)
              ^^^^^^^^^^^^^^^^^^^^^^^^^^^^^^^^^^^^^^^^^^
  File "/usr/lib/python3.12/asyncio/tasks.py", line 520, in wait_for
    return await fut
           ^^^^^^^^^
  File "/projects/sp4rk/.venv/lib/python3.12/site-packages/discord/gateway.py", line 374, in from_client
    socket = await client.http.ws_connect(str(url))
             ^^^^^^^^^^^^^^^^^^^^^^^^^^^^^^^^^^^^^^
  File "/projects/sp4rk/.venv/lib/python3.12/site-packages/discord/http.py", line 550, in ws_connect
    return await self.__session.ws_connect(url, **kwargs)
           ^^^^^^^^^^^^^^^^^^^^^^^^^^^^^^^^^^^^^^^^^^^^^^
  File "/projects/sp4rk/.venv/lib/python3.12/site-packages/aiohttp/client.py", line 1244, in _ws_connect
    resp = await self.request(
           ^^^^^^^^^^^^^^^^^^^
  File "/projects/sp4rk/.venv/lib/python3.12/site-packages/aiohttp/client.py", line 856, in _request
    resp = await handler(req)
           ^^^^^^^^^^^^^^^^^^
  File "/projects/sp4rk/.venv/lib/python3.12/site-packages/aiohttp/client.py", line 810, in _connect_and_send_request
    conn = await self._connector.connect(
           ^^^^^^^^^^^^^^^^^^^^^^^^^^^^^^
  File "/projects/sp4rk/.venv/lib/python3.12/site-packages/aiohttp/connector.py", line 655, in connect
    proto = await self._create_connection(req, traces, timeout)
            ^^^^^^^^^^^^^^^^^^^^^^^^^^^^^^^^^^^^^^^^^^^^^^^^^^^
  File "/projects/sp4rk/.venv/lib/python3.12/site-packages/aiohttp/connector.py", line 1232, in _create_connection
    _, proto = await self._create_direct_connection(req, traces, timeout)
               ^^^^^^^^^^^^^^^^^^^^^^^^^^^^^^^^^^^^^^^^^^^^^^^^^^^^^^^^^^
  File "/projects/sp4rk/.venv/lib/python3.12/site-packages/aiohttp/connector.py", line 1567, in _create_direct_connection
    raise ClientConnectorDNSError(req.connection_key, exc) from exc
aiohttp.client_exceptions.ClientConnectorDNSError: Cannot connect to host gateway-us-east1-c.discord.gg:443 ssl:default [Temporary failure in name resolution]
2026-08-30 14:26:14,708 ERROR:discord.client:Attempting a reconnect in 0.75s
Traceback (most recent call last):
  File "/projects/sp4rk/.venv/lib/python3.12/site-packages/aiohttp/connector.py", line 1561, in _create_direct_connection
    hosts = await self._resolve_host(host, port, traces=traces)
            ^^^^^^^^^^^^^^^^^^^^^^^^^^^^^^^^^^^^^^^^^^^^^^^^^^^
  File "/projects/sp4rk/.venv/lib/python3.12/site-packages/aiohttp/connector.py", line 1171, in _resolve_host
    return await asyncio.shield(resolved_host_task)
           ^^^^^^^^^^^^^^^^^^^^^^^^^^^^^^^^^^^^^^^^
  File "/projects/sp4rk/.venv/lib/python3.12/site-packages/aiohttp/connector.py", line 1202, in _resolve_host_with_throttle
    addrs = await self._resolver.resolve(host, port, family=self._family)
            ^^^^^^^^^^^^^^^^^^^^^^^^^^^^^^^^^^^^^^^^^^^^^^^^^^^^^^^^^^^^^
  File "/projects/sp4rk/.venv/lib/python3.12/site-packages/aiohttp/resolver.py", line 40, in resolve
    infos = await self._loop.getaddrinfo(
            ^^^^^^^^^^^^^^^^^^^^^^^^^^^^^
  File "/usr/lib/python3.12/asyncio/base_events.py", line 901, in getaddrinfo
    return await self.run_in_executor(
           ^^^^^^^^^^^^^^^^^^^^^^^^^^^
  File "/usr/lib/python3.12/concurrent/futures/thread.py", line 58, in run
    result = self.fn(*self.args, **self.kwargs)
             ^^^^^^^^^^^^^^^^^^^^^^^^^^^^^^^^^^
  File "/usr/lib/python3.12/socket.py", line 963, in getaddrinfo
    for res in _socket.getaddrinfo(host, port, family, type, proto, flags):
               ^^^^^^^^^^^^^^^^^^^^^^^^^^^^^^^^^^^^^^^^^^^^^^^^^^^^^^^^^^^
socket.gaierror: [Errno -3] Temporary failure in name resolution

The above exception was the direct cause of the following exception:

Traceback (most recent call last):
  File "/projects/sp4rk/.venv/lib/python3.12/site-packages/discord/client.py", line 664, in connect
    self.ws = await asyncio.wait_for(coro, timeout=60.0)
              ^^^^^^^^^^^^^^^^^^^^^^^^^^^^^^^^^^^^^^^^^^
  File "/usr/lib/python3.12/asyncio/tasks.py", line 520, in wait_for
    return await fut
           ^^^^^^^^^
  File "/projects/sp4rk/.venv/lib/python3.12/site-packages/discord/gateway.py", line 374, in from_client
    socket = await client.http.ws_connect(str(url))
             ^^^^^^^^^^^^^^^^^^^^^^^^^^^^^^^^^^^^^^
  File "/projects/sp4rk/.venv/lib/python3.12/site-packages/discord/http.py", line 550, in ws_connect
    return await self.__session.ws_connect(url, **kwargs)
           ^^^^^^^^^^^^^^^^^^^^^^^^^^^^^^^^^^^^^^^^^^^^^^
  File "/projects/sp4rk/.venv/lib/python3.12/site-packages/aiohttp/client.py", line 1244, in _ws_connect
    resp = await self.request(
           ^^^^^^^^^^^^^^^^^^^
  File "/projects/sp4rk/.venv/lib/python3.12/site-packages/aiohttp/client.py", line 856, in _request
    resp = await handler(req)
           ^^^^^^^^^^^^^^^^^^
  File "/projects/sp4rk/.venv/lib/python3.12/site-packages/aiohttp/client.py", line 810, in _connect_and_send_request
    conn = await self._connector.connect(
           ^^^^^^^^^^^^^^^^^^^^^^^^^^^^^^
  File "/projects/sp4rk/.venv/lib/python3.12/site-packages/aiohttp/connector.py", line 655, in connect
    proto = await self._create_connection(req, traces, timeout)
            ^^^^^^^^^^^^^^^^^^^^^^^^^^^^^^^^^^^^^^^^^^^^^^^^^^^
  File "/projects/sp4rk/.venv/lib/python3.12/site-packages/aiohttp/connector.py", line 1232, in _create_connection
    _, proto = await self._create_direct_connection(req, traces, timeout)
               ^^^^^^^^^^^^^^^^^^^^^^^^^^^^^^^^^^^^^^^^^^^^^^^^^^^^^^^^^^
  File "/projects/sp4rk/.venv/lib/python3.12/site-packages/aiohttp/connector.py", line 1567, in _create_direct_connection
    raise ClientConnectorDNSError(req.connection_key, exc) from exc
aiohttp.client_exceptions.ClientConnectorDNSError: Cannot connect to host gateway-us-east1-c.discord.gg:443 ssl:default [Temporary failure in name resolution]
2026-08-30 16:22:20,155 ERROR:discord.client:Attempting a reconnect in 1.92s
Traceback (most recent call last):
  File "/projects/sp4rk/.venv/lib/python3.12/site-packages/aiohttp/connector.py", line 1561, in _create_direct_connection
    hosts = await self._resolve_host(host, port, traces=traces)
            ^^^^^^^^^^^^^^^^^^^^^^^^^^^^^^^^^^^^^^^^^^^^^^^^^^^
  File "/projects/sp4rk/.venv/lib/python3.12/site-packages/aiohttp/connector.py", line 1171, in _resolve_host
    return await asyncio.shield(resolved_host_task)
           ^^^^^^^^^^^^^^^^^^^^^^^^^^^^^^^^^^^^^^^^
  File "/projects/sp4rk/.venv/lib/python3.12/site-packages/aiohttp/connector.py", line 1202, in _resolve_host_with_throttle
    addrs = await self._resolver.resolve(host, port, family=self._family)
            ^^^^^^^^^^^^^^^^^^^^^^^^^^^^^^^^^^^^^^^^^^^^^^^^^^^^^^^^^^^^^
  File "/projects/sp4rk/.venv/lib/python3.12/site-packages/aiohttp/resolver.py", line 40, in resolve
    infos = await self._loop.getaddrinfo(
            ^^^^^^^^^^^^^^^^^^^^^^^^^^^^^
  File "/usr/lib/python3.12/asyncio/base_events.py", line 901, in getaddrinfo
    return await self.run_in_executor(
           ^^^^^^^^^^^^^^^^^^^^^^^^^^^
  File "/usr/lib/python3.12/concurrent/futures/thread.py", line 58, in run
    result = self.fn(*self.args, **self.kwargs)
             ^^^^^^^^^^^^^^^^^^^^^^^^^^^^^^^^^^
  File "/usr/lib/python3.12/socket.py", line 963, in getaddrinfo
    for res in _socket.getaddrinfo(host, port, family, type, proto, flags):
               ^^^^^^^^^^^^^^^^^^^^^^^^^^^^^^^^^^^^^^^^^^^^^^^^^^^^^^^^^^^
socket.gaierror: [Errno -3] Temporary failure in name resolution

The above exception was the direct cause of the following exception:

Traceback (most recent call last):
  File "/projects/sp4rk/.venv/lib/python3.12/site-packages/discord/client.py", line 664, in connect
    self.ws = await asyncio.wait_for(coro, timeout=60.0)
              ^^^^^^^^^^^^^^^^^^^^^^^^^^^^^^^^^^^^^^^^^^
  File "/usr/lib/python3.12/asyncio/tasks.py", line 520, in wait_for
    return await fut
           ^^^^^^^^^
  File "/projects/sp4rk/.venv/lib/python3.12/site-packages/discord/gateway.py", line 374, in from_client
    socket = await client.http.ws_connect(str(url))
             ^^^^^^^^^^^^^^^^^^^^^^^^^^^^^^^^^^^^^^
  File "/projects/sp4rk/.venv/lib/python3.12/site-packages/discord/http.py", line 550, in ws_connect
    return await self.__session.ws_connect(url, **kwargs)
           ^^^^^^^^^^^^^^^^^^^^^^^^^^^^^^^^^^^^^^^^^^^^^^
  File "/projects/sp4rk/.venv/lib/python3.12/site-packages/aiohttp/client.py", line 1244, in _ws_connect
    resp = await self.request(
           ^^^^^^^^^^^^^^^^^^^
  File "/projects/sp4rk/.venv/lib/python3.12/site-packages/aiohttp/client.py", line 856, in _request
    resp = await handler(req)
           ^^^^^^^^^^^^^^^^^^
  File "/projects/sp4rk/.venv/lib/python3.12/site-packages/aiohttp/client.py", line 810, in _connect_and_send_request
    conn = await self._connector.connect(
           ^^^^^^^^^^^^^^^^^^^^^^^^^^^^^^
  File "/projects/sp4rk/.venv/lib/python3.12/site-packages/aiohttp/connector.py", line 655, in connect
    proto = await self._create_connection(req, traces, timeout)
            ^^^^^^^^^^^^^^^^^^^^^^^^^^^^^^^^^^^^^^^^^^^^^^^^^^^
  File "/projects/sp4rk/.venv/lib/python3.12/site-packages/aiohttp/connector.py", line 1232, in _create_connection
    _, proto = await self._create_direct_connection(req, traces, timeout)
               ^^^^^^^^^^^^^^^^^^^^^^^^^^^^^^^^^^^^^^^^^^^^^^^^^^^^^^^^^^
  File "/projects/sp4rk/.venv/lib/python3.12/site-packages/aiohttp/connector.py", line 1567, in _create_direct_connection
    raise ClientConnectorDNSError(req.connection_key, exc) from exc
aiohttp.client_exceptions.ClientConnectorDNSError: Cannot connect to host gateway-us-east1-c.discord.gg:443 ssl:default [Temporary failure in name resolution]
2026-08-30 16:38:50,033 ERROR:discord.client:Attempting a reconnect in 0.87s
Traceback (most recent call last):
  File "/projects/sp4rk/.venv/lib/python3.12/site-packages/aiohttp/connector.py", line 1561, in _create_direct_connection
    hosts = await self._resolve_host(host, port, traces=traces)
            ^^^^^^^^^^^^^^^^^^^^^^^^^^^^^^^^^^^^^^^^^^^^^^^^^^^
  File "/projects/sp4rk/.venv/lib/python3.12/site-packages/aiohttp/connector.py", line 1171, in _resolve_host
    return await asyncio.shield(resolved_host_task)
           ^^^^^^^^^^^^^^^^^^^^^^^^^^^^^^^^^^^^^^^^
  File "/projects/sp4rk/.venv/lib/python3.12/site-packages/aiohttp/connector.py", line 1202, in _resolve_host_with_throttle
    addrs = await self._resolver.resolve(host, port, family=self._family)
            ^^^^^^^^^^^^^^^^^^^^^^^^^^^^^^^^^^^^^^^^^^^^^^^^^^^^^^^^^^^^^
  File "/projects/sp4rk/.venv/lib/python3.12/site-packages/aiohttp/resolver.py", line 40, in resolve
    infos = await self._loop.getaddrinfo(
            ^^^^^^^^^^^^^^^^^^^^^^^^^^^^^
  File "/usr/lib/python3.12/asyncio/base_events.py", line 901, in getaddrinfo
    return await self.run_in_executor(
           ^^^^^^^^^^^^^^^^^^^^^^^^^^^
  File "/usr/lib/python3.12/concurrent/futures/thread.py", line 58, in run
    result = self.fn(*self.args, **self.kwargs)
             ^^^^^^^^^^^^^^^^^^^^^^^^^^^^^^^^^^
  File "/usr/lib/python3.12/socket.py", line 963, in getaddrinfo
    for res in _socket.getaddrinfo(host, port, family, type, proto, flags):
               ^^^^^^^^^^^^^^^^^^^^^^^^^^^^^^^^^^^^^^^^^^^^^^^^^^^^^^^^^^^
socket.gaierror: [Errno -3] Temporary failure in name resolution

The above exception was the direct cause of the following exception:

Traceback (most recent call last):
  File "/projects/sp4rk/.venv/lib/python3.12/site-packages/discord/client.py", line 664, in connect
    self.ws = await asyncio.wait_for(coro, timeout=60.0)
              ^^^^^^^^^^^^^^^^^^^^^^^^^^^^^^^^^^^^^^^^^^
  File "/usr/lib/python3.12/asyncio/tasks.py", line 520, in wait_for
    return await fut
           ^^^^^^^^^
  File "/projects/sp4rk/.venv/lib/python3.12/site-packages/discord/gateway.py", line 374, in from_client
    socket = await client.http.ws_connect(str(url))
             ^^^^^^^^^^^^^^^^^^^^^^^^^^^^^^^^^^^^^^
  File "/projects/sp4rk/.venv/lib/python3.12/site-packages/discord/http.py", line 550, in ws_connect
    return await self.__session.ws_connect(url, **kwargs)
           ^^^^^^^^^^^^^^^^^^^^^^^^^^^^^^^^^^^^^^^^^^^^^^
  File "/projects/sp4rk/.venv/lib/python3.12/site-packages/aiohttp/client.py", line 1244, in _ws_connect
    resp = await self.request(
           ^^^^^^^^^^^^^^^^^^^
  File "/projects/sp4rk/.venv/lib/python3.12/site-packages/aiohttp/client.py", line 856, in _request
    resp = await handler(req)
           ^^^^^^^^^^^^^^^^^^
  File "/projects/sp4rk/.venv/lib/python3.12/site-packages/aiohttp/client.py", line 810, in _connect_and_send_request
    conn = await self._connector.connect(
           ^^^^^^^^^^^^^^^^^^^^^^^^^^^^^^
  File "/projects/sp4rk/.venv/lib/python3.12/site-packages/aiohttp/connector.py", line 655, in connect
    proto = await self._create_connection(req, traces, timeout)
            ^^^^^^^^^^^^^^^^^^^^^^^^^^^^^^^^^^^^^^^^^^^^^^^^^^^
  File "/projects/sp4rk/.venv/lib/python3.12/site-packages/aiohttp/connector.py", line 1232, in _create_connection
    _, proto = await self._create_direct_connection(req, traces, timeout)
               ^^^^^^^^^^^^^^^^^^^^^^^^^^^^^^^^^^^^^^^^^^^^^^^^^^^^^^^^^^
  File "/projects/sp4rk/.venv/lib/python3.12/site-packages/aiohttp/connector.py", line 1567, in _create_direct_connection
    raise ClientConnectorDNSError(req.connection_key, exc) from exc
aiohttp.client_exceptions.ClientConnectorDNSError: Cannot connect to host gateway-us-east1-c.discord.gg:443 ssl:default [Temporary failure in name resolution]
2026-08-30 18:00:01,213 WARNING:SP4RK.reminders:DM closed for user 591297089686863872
2026-08-30 18:00:01,296 WARNING:apscheduler.scheduler:Execution of job "send_due_reminders (trigger: interval[0:00:01], next run at: 2026-08-30 18:00:01 UTC)" skipped: maximum number of running instances reached (1)
2026-08-30 18:00:02,296 WARNING:apscheduler.scheduler:Execution of job "send_due_reminders (trigger: interval[0:00:01], next run at: 2026-08-30 18:00:02 UTC)" skipped: maximum number of running instances reached (1)
2026-08-30 18:00:03,297 WARNING:apscheduler.scheduler:Execution of job "send_due_reminders (trigger: interval[0:00:01], next run at: 2026-08-30 18:00:03 UTC)" skipped: maximum number of running instances reached (1)
2026-08-30 18:00:04,297 WARNING:apscheduler.scheduler:Execution of job "send_due_reminders (trigger: interval[0:00:01], next run at: 2026-08-30 18:00:04 UTC)" skipped: maximum number of running instances reached (1)
2026-08-30 18:00:05,298 WARNING:apscheduler.scheduler:Execution of job "send_due_reminders (trigger: interval[0:00:01], next run at: 2026-08-30 18:00:05 UTC)" skipped: maximum number of running instances reached (1)
2026-08-30 18:00:06,296 WARNING:apscheduler.scheduler:Execution of job "send_due_reminders (trigger: interval[0:00:01], next run at: 2026-08-30 18:00:06 UTC)" skipped: maximum number of running instances reached (1)
2026-08-30 18:00:07,297 WARNING:apscheduler.scheduler:Execution of job "send_due_reminders (trigger: interval[0:00:01], next run at: 2026-08-30 18:00:07 UTC)" skipped: maximum number of running instances reached (1)
2026-08-30 18:00:08,297 WARNING:apscheduler.scheduler:Execution of job "send_due_reminders (trigger: interval[0:00:01], next run at: 2026-08-30 18:00:08 UTC)" skipped: maximum number of running instances reached (1)
2026-08-30 18:00:09,297 WARNING:apscheduler.scheduler:Execution of job "send_due_reminders (trigger: interval[0:00:01], next run at: 2026-08-30 18:00:09 UTC)" skipped: maximum number of running instances reached (1)
2026-08-30 18:00:10,297 WARNING:apscheduler.scheduler:Execution of job "send_due_reminders (trigger: interval[0:00:01], next run at: 2026-08-30 18:00:10 UTC)" skipped: maximum number of running instances reached (1)
2026-08-30 18:00:11,297 WARNING:apscheduler.scheduler:Execution of job "send_due_reminders (trigger: interval[0:00:01], next run at: 2026-08-30 18:00:11 UTC)" skipped: maximum number of running instances reached (1)
2026-08-30 18:00:12,297 WARNING:apscheduler.scheduler:Execution of job "send_due_reminders (trigger: interval[0:00:01], next run at: 2026-08-30 18:00:12 UTC)" skipped: maximum number of running instances reached (1)
2026-08-30 18:00:13,297 WARNING:apscheduler.scheduler:Execution of job "send_due_reminders (trigger: interval[0:00:01], next run at: 2026-08-30 18:00:13 UTC)" skipped: maximum number of running instances reached (1)
2026-08-30 18:00:14,297 WARNING:apscheduler.scheduler:Execution of job "send_due_reminders (trigger: interval[0:00:01], next run at: 2026-08-30 18:00:14 UTC)" skipped: maximum number of running instances reached (1)
2026-08-30 18:00:15,297 WARNING:apscheduler.scheduler:Execution of job "send_due_reminders (trigger: interval[0:00:01], next run at: 2026-08-30 18:00:15 UTC)" skipped: maximum number of running instances reached (1)
2026-08-30 18:00:16,296 WARNING:apscheduler.scheduler:Execution of job "send_due_reminders (trigger: interval[0:00:01], next run at: 2026-08-30 18:00:16 UTC)" skipped: maximum number of running instances reached (1)
2026-08-30 18:00:17,296 WARNING:apscheduler.scheduler:Execution of job "send_due_reminders (trigger: interval[0:00:01], next run at: 2026-08-30 18:00:17 UTC)" skipped: maximum number of running instances reached (1)
2026-08-30 19:40:27,906 ERROR:SP4RK.ui:Class signup select failed: NotFound
Traceback (most recent call last):
  File "/projects/sp4rk/app/bot/ui.py", line 77, in callback
    await self._callback_impl(interaction)
  File "/projects/sp4rk/app/bot/ui.py", line 158, in _callback_impl
    await interaction.response.edit_message(content=text, embed=None, view=None)
  File "/projects/sp4rk/.venv/lib/python3.12/site-packages/discord/interactions.py", line 990, in edit_message
    await adapter.create_interaction_response(
  File "/projects/sp4rk/.venv/lib/python3.12/site-packages/discord/webhook/async_.py", line 221, in request
    raise NotFound(response, data)
discord.errors.NotFound: 404 Not Found (error code: 10062): Unknown interaction
2026-08-30 20:50:01,297 WARNING:apscheduler.scheduler:Execution of job "send_due_reminders (trigger: interval[0:00:01], next run at: 2026-08-30 20:50:01 UTC)" skipped: maximum number of running instances reached (1)
2026-08-30 20:50:02,297 WARNING:apscheduler.scheduler:Execution of job "send_due_reminders (trigger: interval[0:00:01], next run at: 2026-08-30 20:50:02 UTC)" skipped: maximum number of running instances reached (1)
2026-08-30 20:50:03,296 WARNING:apscheduler.scheduler:Execution of job "send_due_reminders (trigger: interval[0:00:01], next run at: 2026-08-30 20:50:03 UTC)" skipped: maximum number of running instances reached (1)
2026-08-30 20:50:04,297 WARNING:apscheduler.scheduler:Execution of job "send_due_reminders (trigger: interval[0:00:01], next run at: 2026-08-30 20:50:04 UTC)" skipped: maximum number of running instances reached (1)
2026-08-30 20:50:05,297 WARNING:apscheduler.scheduler:Execution of job "send_due_reminders (trigger: interval[0:00:01], next run at: 2026-08-30 20:50:05 UTC)" skipped: maximum number of running instances reached (1)
2026-08-30 20:50:05,745 WARNING:SP4RK.reminders:DM closed for user 591297089686863872
2026-08-30 20:50:06,297 WARNING:apscheduler.scheduler:Execution of job "send_due_reminders (trigger: interval[0:00:01], next run at: 2026-08-30 20:50:06 UTC)" skipped: maximum number of running instances reached (1)
2026-08-30 20:50:07,297 WARNING:apscheduler.scheduler:Execution of job "send_due_reminders (trigger: interval[0:00:01], next run at: 2026-08-30 20:50:07 UTC)" skipped: maximum number of running instances reached (1)
2026-08-30 20:50:08,296 WARNING:apscheduler.scheduler:Execution of job "send_due_reminders (trigger: interval[0:00:01], next run at: 2026-08-30 20:50:08 UTC)" skipped: maximum number of running instances reached (1)
2026-08-30 20:50:09,297 WARNING:apscheduler.scheduler:Execution of job "send_due_reminders (trigger: interval[0:00:01], next run at: 2026-08-30 20:50:09 UTC)" skipped: maximum number of running instances reached (1)
2026-08-30 20:50:10,297 WARNING:apscheduler.scheduler:Execution of job "send_due_reminders (trigger: interval[0:00:01], next run at: 2026-08-30 20:50:10 UTC)" skipped: maximum number of running instances reached (1)
2026-08-30 21:12:37,624 WARNING:discord.gateway:Can't keep up, shard ID None websocket is 14.5s behind.
2026-08-30 21:51:32,105 ERROR:discord.client:Attempting a reconnect in 1.18s
Traceback (most recent call last):
  File "/projects/sp4rk/.venv/lib/python3.12/site-packages/aiohttp/connector.py", line 1561, in _create_direct_connection
    hosts = await self._resolve_host(host, port, traces=traces)
            ^^^^^^^^^^^^^^^^^^^^^^^^^^^^^^^^^^^^^^^^^^^^^^^^^^^
  File "/projects/sp4rk/.venv/lib/python3.12/site-packages/aiohttp/connector.py", line 1171, in _resolve_host
    return await asyncio.shield(resolved_host_task)
           ^^^^^^^^^^^^^^^^^^^^^^^^^^^^^^^^^^^^^^^^
  File "/projects/sp4rk/.venv/lib/python3.12/site-packages/aiohttp/connector.py", line 1202, in _resolve_host_with_throttle
    addrs = await self._resolver.resolve(host, port, family=self._family)
            ^^^^^^^^^^^^^^^^^^^^^^^^^^^^^^^^^^^^^^^^^^^^^^^^^^^^^^^^^^^^^
  File "/projects/sp4rk/.venv/lib/python3.12/site-packages/aiohttp/resolver.py", line 40, in resolve
    infos = await self._loop.getaddrinfo(
            ^^^^^^^^^^^^^^^^^^^^^^^^^^^^^
  File "/usr/lib/python3.12/asyncio/base_events.py", line 901, in getaddrinfo
    return await self.run_in_executor(
           ^^^^^^^^^^^^^^^^^^^^^^^^^^^
  File "/usr/lib/python3.12/concurrent/futures/thread.py", line 58, in run
    result = self.fn(*self.args, **self.kwargs)
             ^^^^^^^^^^^^^^^^^^^^^^^^^^^^^^^^^^
  File "/usr/lib/python3.12/socket.py", line 963, in getaddrinfo
    for res in _socket.getaddrinfo(host, port, family, type, proto, flags):
               ^^^^^^^^^^^^^^^^^^^^^^^^^^^^^^^^^^^^^^^^^^^^^^^^^^^^^^^^^^^
socket.gaierror: [Errno -3] Temporary failure in name resolution

The above exception was the direct cause of the following exception:

Traceback (most recent call last):
  File "/projects/sp4rk/.venv/lib/python3.12/site-packages/discord/client.py", line 664, in connect
    self.ws = await asyncio.wait_for(coro, timeout=60.0)
              ^^^^^^^^^^^^^^^^^^^^^^^^^^^^^^^^^^^^^^^^^^
  File "/usr/lib/python3.12/asyncio/tasks.py", line 520, in wait_for
    return await fut
           ^^^^^^^^^
  File "/projects/sp4rk/.venv/lib/python3.12/site-packages/discord/gateway.py", line 374, in from_client
    socket = await client.http.ws_connect(str(url))
             ^^^^^^^^^^^^^^^^^^^^^^^^^^^^^^^^^^^^^^
  File "/projects/sp4rk/.venv/lib/python3.12/site-packages/discord/http.py", line 550, in ws_connect
    return await self.__session.ws_connect(url, **kwargs)
           ^^^^^^^^^^^^^^^^^^^^^^^^^^^^^^^^^^^^^^^^^^^^^^
  File "/projects/sp4rk/.venv/lib/python3.12/site-packages/aiohttp/client.py", line 1244, in _ws_connect
    resp = await self.request(
           ^^^^^^^^^^^^^^^^^^^
  File "/projects/sp4rk/.venv/lib/python3.12/site-packages/aiohttp/client.py", line 856, in _request
    resp = await handler(req)
           ^^^^^^^^^^^^^^^^^^
  File "/projects/sp4rk/.venv/lib/python3.12/site-packages/aiohttp/client.py", line 810, in _connect_and_send_request
    conn = await self._connector.connect(
           ^^^^^^^^^^^^^^^^^^^^^^^^^^^^^^
  File "/projects/sp4rk/.venv/lib/python3.12/site-packages/aiohttp/connector.py", line 655, in connect
    proto = await self._create_connection(req, traces, timeout)
            ^^^^^^^^^^^^^^^^^^^^^^^^^^^^^^^^^^^^^^^^^^^^^^^^^^^
  File "/projects/sp4rk/.venv/lib/python3.12/site-packages/aiohttp/connector.py", line 1232, in _create_connection
    _, proto = await self._create_direct_connection(req, traces, timeout)
               ^^^^^^^^^^^^^^^^^^^^^^^^^^^^^^^^^^^^^^^^^^^^^^^^^^^^^^^^^^
  File "/projects/sp4rk/.venv/lib/python3.12/site-packages/aiohttp/connector.py", line 1567, in _create_direct_connection
    raise ClientConnectorDNSError(req.connection_key, exc) from exc
aiohttp.client_exceptions.ClientConnectorDNSError: Cannot connect to host gateway-us-east1-c.discord.gg:443 ssl:default [Temporary failure in name resolution]
2026-08-30 22:44:44,459 WARNING:discord.gateway:Can't keep up, shard ID None websocket is 14.6s behind.
2026-08-30 23:53:36,868 ERROR:discord.client:Attempting a reconnect in 0.45s
Traceback (most recent call last):
  File "/projects/sp4rk/.venv/lib/python3.12/site-packages/aiohttp/connector.py", line 1561, in _create_direct_connection
    hosts = await self._resolve_host(host, port, traces=traces)
            ^^^^^^^^^^^^^^^^^^^^^^^^^^^^^^^^^^^^^^^^^^^^^^^^^^^
  File "/projects/sp4rk/.venv/lib/python3.12/site-packages/aiohttp/connector.py", line 1171, in _resolve_host
    return await asyncio.shield(resolved_host_task)
           ^^^^^^^^^^^^^^^^^^^^^^^^^^^^^^^^^^^^^^^^
  File "/projects/sp4rk/.venv/lib/python3.12/site-packages/aiohttp/connector.py", line 1202, in _resolve_host_with_throttle
    addrs = await self._resolver.resolve(host, port, family=self._family)
            ^^^^^^^^^^^^^^^^^^^^^^^^^^^^^^^^^^^^^^^^^^^^^^^^^^^^^^^^^^^^^
  File "/projects/sp4rk/.venv/lib/python3.12/site-packages/aiohttp/resolver.py", line 40, in resolve
    infos = await self._loop.getaddrinfo(
            ^^^^^^^^^^^^^^^^^^^^^^^^^^^^^
  File "/usr/lib/python3.12/asyncio/base_events.py", line 901, in getaddrinfo
    return await self.run_in_executor(
           ^^^^^^^^^^^^^^^^^^^^^^^^^^^
  File "/usr/lib/python3.12/concurrent/futures/thread.py", line 58, in run
    result = self.fn(*self.args, **self.kwargs)
             ^^^^^^^^^^^^^^^^^^^^^^^^^^^^^^^^^^
  File "/usr/lib/python3.12/socket.py", line 963, in getaddrinfo
    for res in _socket.getaddrinfo(host, port, family, type, proto, flags):
               ^^^^^^^^^^^^^^^^^^^^^^^^^^^^^^^^^^^^^^^^^^^^^^^^^^^^^^^^^^^
socket.gaierror: [Errno -3] Temporary failure in name resolution

The above exception was the direct cause of the following exception:

Traceback (most recent call last):
  File "/projects/sp4rk/.venv/lib/python3.12/site-packages/discord/client.py", line 664, in connect
    self.ws = await asyncio.wait_for(coro, timeout=60.0)
              ^^^^^^^^^^^^^^^^^^^^^^^^^^^^^^^^^^^^^^^^^^
  File "/usr/lib/python3.12/asyncio/tasks.py", line 520, in wait_for
    return await fut
           ^^^^^^^^^
  File "/projects/sp4rk/.venv/lib/python3.12/site-packages/discord/gateway.py", line 374, in from_client
    socket = await client.http.ws_connect(str(url))
             ^^^^^^^^^^^^^^^^^^^^^^^^^^^^^^^^^^^^^^
  File "/projects/sp4rk/.venv/lib/python3.12/site-packages/discord/http.py", line 550, in ws_connect
    return await self.__session.ws_connect(url, **kwargs)
           ^^^^^^^^^^^^^^^^^^^^^^^^^^^^^^^^^^^^^^^^^^^^^^
  File "/projects/sp4rk/.venv/lib/python3.12/site-packages/aiohttp/client.py", line 1244, in _ws_connect
    resp = await self.request(
           ^^^^^^^^^^^^^^^^^^^
  File "/projects/sp4rk/.venv/lib/python3.12/site-packages/aiohttp/client.py", line 856, in _request
    resp = await handler(req)
           ^^^^^^^^^^^^^^^^^^
  File "/projects/sp4rk/.venv/lib/python3.12/site-packages/aiohttp/client.py", line 810, in _connect_and_send_request
    conn = await self._connector.connect(
           ^^^^^^^^^^^^^^^^^^^^^^^^^^^^^^
  File "/projects/sp4rk/.venv/lib/python3.12/site-packages/aiohttp/connector.py", line 655, in connect
    proto = await self._create_connection(req, traces, timeout)
            ^^^^^^^^^^^^^^^^^^^^^^^^^^^^^^^^^^^^^^^^^^^^^^^^^^^
  File "/projects/sp4rk/.venv/lib/python3.12/site-packages/aiohttp/connector.py", line 1232, in _create_connection
    _, proto = await self._create_direct_connection(req, traces, timeout)
               ^^^^^^^^^^^^^^^^^^^^^^^^^^^^^^^^^^^^^^^^^^^^^^^^^^^^^^^^^^
  File "/projects/sp4rk/.venv/lib/python3.12/site-packages/aiohttp/connector.py", line 1567, in _create_direct_connection
    raise ClientConnectorDNSError(req.connection_key, exc) from exc
aiohttp.client_exceptions.ClientConnectorDNSError: Cannot connect to host gateway-us-east1-c.discord.gg:443 ssl:default [Temporary failure in name resolution]
2026-08-31 06:12:55,252 WARNING:discord.gateway:Can't keep up, shard ID None websocket is 14.8s behind.
2026-08-31 06:56:08,047 ERROR:discord.client:Attempting a reconnect in 0.94s
Traceback (most recent call last):
  File "/projects/sp4rk/.venv/lib/python3.12/site-packages/aiohttp/connector.py", line 1561, in _create_direct_connection
    hosts = await self._resolve_host(host, port, traces=traces)
            ^^^^^^^^^^^^^^^^^^^^^^^^^^^^^^^^^^^^^^^^^^^^^^^^^^^
  File "/projects/sp4rk/.venv/lib/python3.12/site-packages/aiohttp/connector.py", line 1171, in _resolve_host
    return await asyncio.shield(resolved_host_task)
           ^^^^^^^^^^^^^^^^^^^^^^^^^^^^^^^^^^^^^^^^
  File "/projects/sp4rk/.venv/lib/python3.12/site-packages/aiohttp/connector.py", line 1202, in _resolve_host_with_throttle
    addrs = await self._resolver.resolve(host, port, family=self._family)
            ^^^^^^^^^^^^^^^^^^^^^^^^^^^^^^^^^^^^^^^^^^^^^^^^^^^^^^^^^^^^^
  File "/projects/sp4rk/.venv/lib/python3.12/site-packages/aiohttp/resolver.py", line 40, in resolve
    infos = await self._loop.getaddrinfo(
            ^^^^^^^^^^^^^^^^^^^^^^^^^^^^^
  File "/usr/lib/python3.12/asyncio/base_events.py", line 901, in getaddrinfo
    return await self.run_in_executor(
           ^^^^^^^^^^^^^^^^^^^^^^^^^^^
  File "/usr/lib/python3.12/concurrent/futures/thread.py", line 58, in run
    result = self.fn(*self.args, **self.kwargs)
             ^^^^^^^^^^^^^^^^^^^^^^^^^^^^^^^^^^
  File "/usr/lib/python3.12/socket.py", line 963, in getaddrinfo
    for res in _socket.getaddrinfo(host, port, family, type, proto, flags):
               ^^^^^^^^^^^^^^^^^^^^^^^^^^^^^^^^^^^^^^^^^^^^^^^^^^^^^^^^^^^
socket.gaierror: [Errno -3] Temporary failure in name resolution

The above exception was the direct cause of the following exception:

Traceback (most recent call last):
  File "/projects/sp4rk/.venv/lib/python3.12/site-packages/discord/client.py", line 664, in connect
    self.ws = await asyncio.wait_for(coro, timeout=60.0)
              ^^^^^^^^^^^^^^^^^^^^^^^^^^^^^^^^^^^^^^^^^^
  File "/usr/lib/python3.12/asyncio/tasks.py", line 520, in wait_for
    return await fut
           ^^^^^^^^^
  File "/projects/sp4rk/.venv/lib/python3.12/site-packages/discord/gateway.py", line 374, in from_client
    socket = await client.http.ws_connect(str(url))
             ^^^^^^^^^^^^^^^^^^^^^^^^^^^^^^^^^^^^^^
  File "/projects/sp4rk/.venv/lib/python3.12/site-packages/discord/http.py", line 550, in ws_connect
    return await self.__session.ws_connect(url, **kwargs)
           ^^^^^^^^^^^^^^^^^^^^^^^^^^^^^^^^^^^^^^^^^^^^^^
  File "/projects/sp4rk/.venv/lib/python3.12/site-packages/aiohttp/client.py", line 1244, in _ws_connect
    resp = await self.request(
           ^^^^^^^^^^^^^^^^^^^
  File "/projects/sp4rk/.venv/lib/python3.12/site-packages/aiohttp/client.py", line 856, in _request
    resp = await handler(req)
           ^^^^^^^^^^^^^^^^^^
  File "/projects/sp4rk/.venv/lib/python3.12/site-packages/aiohttp/client.py", line 810, in _connect_and_send_request
    conn = await self._connector.connect(
           ^^^^^^^^^^^^^^^^^^^^^^^^^^^^^^
  File "/projects/sp4rk/.venv/lib/python3.12/site-packages/aiohttp/connector.py", line 655, in connect
    proto = await self._create_connection(req, traces, timeout)
            ^^^^^^^^^^^^^^^^^^^^^^^^^^^^^^^^^^^^^^^^^^^^^^^^^^^
  File "/projects/sp4rk/.venv/lib/python3.12/site-packages/aiohttp/connector.py", line 1232, in _create_connection
    _, proto = await self._create_direct_connection(req, traces, timeout)
               ^^^^^^^^^^^^^^^^^^^^^^^^^^^^^^^^^^^^^^^^^^^^^^^^^^^^^^^^^^
  File "/projects/sp4rk/.venv/lib/python3.12/site-packages/aiohttp/connector.py", line 1567, in _create_direct_connection
    raise ClientConnectorDNSError(req.connection_key, exc) from exc
aiohttp.client_exceptions.ClientConnectorDNSError: Cannot connect to host gateway-us-east1-c.discord.gg:443 ssl:default [Temporary failure in name resolution]
2026-08-31 13:40:34,462 WARNING:discord.gateway:Can't keep up, shard ID None websocket is 14.6s behind.
2026-08-31 14:36:46,508 WARNING:discord.gateway:Can't keep up, shard ID None websocket is 14.8s behind.
2026-08-31 18:20:00,982 ERROR:discord.client:Attempting a reconnect in 0.91s
Traceback (most recent call last):
  File "/projects/sp4rk/.venv/lib/python3.12/site-packages/aiohttp/connector.py", line 1561, in _create_direct_connection
    hosts = await self._resolve_host(host, port, traces=traces)
            ^^^^^^^^^^^^^^^^^^^^^^^^^^^^^^^^^^^^^^^^^^^^^^^^^^^
  File "/projects/sp4rk/.venv/lib/python3.12/site-packages/aiohttp/connector.py", line 1171, in _resolve_host
    return await asyncio.shield(resolved_host_task)
           ^^^^^^^^^^^^^^^^^^^^^^^^^^^^^^^^^^^^^^^^
  File "/projects/sp4rk/.venv/lib/python3.12/site-packages/aiohttp/connector.py", line 1202, in _resolve_host_with_throttle
    addrs = await self._resolver.resolve(host, port, family=self._family)
            ^^^^^^^^^^^^^^^^^^^^^^^^^^^^^^^^^^^^^^^^^^^^^^^^^^^^^^^^^^^^^
  File "/projects/sp4rk/.venv/lib/python3.12/site-packages/aiohttp/resolver.py", line 40, in resolve
    infos = await self._loop.getaddrinfo(
            ^^^^^^^^^^^^^^^^^^^^^^^^^^^^^
  File "/usr/lib/python3.12/asyncio/base_events.py", line 901, in getaddrinfo
    return await self.run_in_executor(
           ^^^^^^^^^^^^^^^^^^^^^^^^^^^
  File "/usr/lib/python3.12/concurrent/futures/thread.py", line 58, in run
    result = self.fn(*self.args, **self.kwargs)
             ^^^^^^^^^^^^^^^^^^^^^^^^^^^^^^^^^^
  File "/usr/lib/python3.12/socket.py", line 963, in getaddrinfo
    for res in _socket.getaddrinfo(host, port, family, type, proto, flags):
               ^^^^^^^^^^^^^^^^^^^^^^^^^^^^^^^^^^^^^^^^^^^^^^^^^^^^^^^^^^^
socket.gaierror: [Errno -3] Temporary failure in name resolution

The above exception was the direct cause of the following exception:

Traceback (most recent call last):
  File "/projects/sp4rk/.venv/lib/python3.12/site-packages/discord/client.py", line 664, in connect
    self.ws = await asyncio.wait_for(coro, timeout=60.0)
              ^^^^^^^^^^^^^^^^^^^^^^^^^^^^^^^^^^^^^^^^^^
  File "/usr/lib/python3.12/asyncio/tasks.py", line 520, in wait_for
    return await fut
           ^^^^^^^^^
  File "/projects/sp4rk/.venv/lib/python3.12/site-packages/discord/gateway.py", line 374, in from_client
    socket = await client.http.ws_connect(str(url))
             ^^^^^^^^^^^^^^^^^^^^^^^^^^^^^^^^^^^^^^
  File "/projects/sp4rk/.venv/lib/python3.12/site-packages/discord/http.py", line 550, in ws_connect
    return await self.__session.ws_connect(url, **kwargs)
           ^^^^^^^^^^^^^^^^^^^^^^^^^^^^^^^^^^^^^^^^^^^^^^
  File "/projects/sp4rk/.venv/lib/python3.12/site-packages/aiohttp/client.py", line 1244, in _ws_connect
    resp = await self.request(
           ^^^^^^^^^^^^^^^^^^^
  File "/projects/sp4rk/.venv/lib/python3.12/site-packages/aiohttp/client.py", line 856, in _request
    resp = await handler(req)
           ^^^^^^^^^^^^^^^^^^
  File "/projects/sp4rk/.venv/lib/python3.12/site-packages/aiohttp/client.py", line 810, in _connect_and_send_request
    conn = await self._connector.connect(
           ^^^^^^^^^^^^^^^^^^^^^^^^^^^^^^
  File "/projects/sp4rk/.venv/lib/python3.12/site-packages/aiohttp/connector.py", line 655, in connect
    proto = await self._create_connection(req, traces, timeout)
            ^^^^^^^^^^^^^^^^^^^^^^^^^^^^^^^^^^^^^^^^^^^^^^^^^^^
  File "/projects/sp4rk/.venv/lib/python3.12/site-packages/aiohttp/connector.py", line 1232, in _create_connection
    _, proto = await self._create_direct_connection(req, traces, timeout)
               ^^^^^^^^^^^^^^^^^^^^^^^^^^^^^^^^^^^^^^^^^^^^^^^^^^^^^^^^^^
  File "/projects/sp4rk/.venv/lib/python3.12/site-packages/aiohttp/connector.py", line 1567, in _create_direct_connection
    raise ClientConnectorDNSError(req.connection_key, exc) from exc
aiohttp.client_exceptions.ClientConnectorDNSError: Cannot connect to host gateway-us-east1-c.discord.gg:443 ssl:default [Temporary failure in name resolution]
2026-08-31 20:07:39,411 WARNING:discord.gateway:Can't keep up, shard ID None websocket is 14.9s behind.
2026-08-31 20:25:43,605 ERROR:discord.client:Attempting a reconnect in 1.58s
Traceback (most recent call last):
  File "/projects/sp4rk/.venv/lib/python3.12/site-packages/aiohttp/connector.py", line 1561, in _create_direct_connection
    hosts = await self._resolve_host(host, port, traces=traces)
            ^^^^^^^^^^^^^^^^^^^^^^^^^^^^^^^^^^^^^^^^^^^^^^^^^^^
  File "/projects/sp4rk/.venv/lib/python3.12/site-packages/aiohttp/connector.py", line 1171, in _resolve_host
    return await asyncio.shield(resolved_host_task)
           ^^^^^^^^^^^^^^^^^^^^^^^^^^^^^^^^^^^^^^^^
  File "/projects/sp4rk/.venv/lib/python3.12/site-packages/aiohttp/connector.py", line 1202, in _resolve_host_with_throttle
    addrs = await self._resolver.resolve(host, port, family=self._family)
            ^^^^^^^^^^^^^^^^^^^^^^^^^^^^^^^^^^^^^^^^^^^^^^^^^^^^^^^^^^^^^
  File "/projects/sp4rk/.venv/lib/python3.12/site-packages/aiohttp/resolver.py", line 40, in resolve
    infos = await self._loop.getaddrinfo(
            ^^^^^^^^^^^^^^^^^^^^^^^^^^^^^
  File "/usr/lib/python3.12/asyncio/base_events.py", line 901, in getaddrinfo
    return await self.run_in_executor(
           ^^^^^^^^^^^^^^^^^^^^^^^^^^^
  File "/usr/lib/python3.12/concurrent/futures/thread.py", line 58, in run
    result = self.fn(*self.args, **self.kwargs)
             ^^^^^^^^^^^^^^^^^^^^^^^^^^^^^^^^^^
  File "/usr/lib/python3.12/socket.py", line 963, in getaddrinfo
    for res in _socket.getaddrinfo(host, port, family, type, proto, flags):
               ^^^^^^^^^^^^^^^^^^^^^^^^^^^^^^^^^^^^^^^^^^^^^^^^^^^^^^^^^^^
socket.gaierror: [Errno -3] Temporary failure in name resolution

The above exception was the direct cause of the following exception:

Traceback (most recent call last):
  File "/projects/sp4rk/.venv/lib/python3.12/site-packages/discord/client.py", line 664, in connect
    self.ws = await asyncio.wait_for(coro, timeout=60.0)
              ^^^^^^^^^^^^^^^^^^^^^^^^^^^^^^^^^^^^^^^^^^
  File "/usr/lib/python3.12/asyncio/tasks.py", line 520, in wait_for
    return await fut
           ^^^^^^^^^
  File "/projects/sp4rk/.venv/lib/python3.12/site-packages/discord/gateway.py", line 374, in from_client
    socket = await client.http.ws_connect(str(url))
             ^^^^^^^^^^^^^^^^^^^^^^^^^^^^^^^^^^^^^^
  File "/projects/sp4rk/.venv/lib/python3.12/site-packages/discord/http.py", line 550, in ws_connect
    return await self.__session.ws_connect(url, **kwargs)
           ^^^^^^^^^^^^^^^^^^^^^^^^^^^^^^^^^^^^^^^^^^^^^^
  File "/projects/sp4rk/.venv/lib/python3.12/site-packages/aiohttp/client.py", line 1244, in _ws_connect
    resp = await self.request(
           ^^^^^^^^^^^^^^^^^^^
  File "/projects/sp4rk/.venv/lib/python3.12/site-packages/aiohttp/client.py", line 856, in _request
    resp = await handler(req)
           ^^^^^^^^^^^^^^^^^^
  File "/projects/sp4rk/.venv/lib/python3.12/site-packages/aiohttp/client.py", line 810, in _connect_and_send_request
    conn = await self._connector.connect(
           ^^^^^^^^^^^^^^^^^^^^^^^^^^^^^^
  File "/projects/sp4rk/.venv/lib/python3.12/site-packages/aiohttp/connector.py", line 655, in connect
    proto = await self._create_connection(req, traces, timeout)
            ^^^^^^^^^^^^^^^^^^^^^^^^^^^^^^^^^^^^^^^^^^^^^^^^^^^
  File "/projects/sp4rk/.venv/lib/python3.12/site-packages/aiohttp/connector.py", line 1232, in _create_connection
    _, proto = await self._create_direct_connection(req, traces, timeout)
               ^^^^^^^^^^^^^^^^^^^^^^^^^^^^^^^^^^^^^^^^^^^^^^^^^^^^^^^^^^
  File "/projects/sp4rk/.venv/lib/python3.12/site-packages/aiohttp/connector.py", line 1567, in _create_direct_connection
    raise ClientConnectorDNSError(req.connection_key, exc) from exc
aiohttp.client_exceptions.ClientConnectorDNSError: Cannot connect to host gateway-us-east1-c.discord.gg:443 ssl:default [Temporary failure in name resolution]
2026-08-31 20:42:17,030 ERROR:discord.client:Attempting a reconnect in 0.28s
Traceback (most recent call last):
  File "/projects/sp4rk/.venv/lib/python3.12/site-packages/aiohttp/connector.py", line 1561, in _create_direct_connection
    hosts = await self._resolve_host(host, port, traces=traces)
            ^^^^^^^^^^^^^^^^^^^^^^^^^^^^^^^^^^^^^^^^^^^^^^^^^^^
  File "/projects/sp4rk/.venv/lib/python3.12/site-packages/aiohttp/connector.py", line 1171, in _resolve_host
    return await asyncio.shield(resolved_host_task)
           ^^^^^^^^^^^^^^^^^^^^^^^^^^^^^^^^^^^^^^^^
  File "/projects/sp4rk/.venv/lib/python3.12/site-packages/aiohttp/connector.py", line 1202, in _resolve_host_with_throttle
    addrs = await self._resolver.resolve(host, port, family=self._family)
            ^^^^^^^^^^^^^^^^^^^^^^^^^^^^^^^^^^^^^^^^^^^^^^^^^^^^^^^^^^^^^
  File "/projects/sp4rk/.venv/lib/python3.12/site-packages/aiohttp/resolver.py", line 40, in resolve
    infos = await self._loop.getaddrinfo(
            ^^^^^^^^^^^^^^^^^^^^^^^^^^^^^
  File "/usr/lib/python3.12/asyncio/base_events.py", line 901, in getaddrinfo
    return await self.run_in_executor(
           ^^^^^^^^^^^^^^^^^^^^^^^^^^^
  File "/usr/lib/python3.12/concurrent/futures/thread.py", line 58, in run
    result = self.fn(*self.args, **self.kwargs)
             ^^^^^^^^^^^^^^^^^^^^^^^^^^^^^^^^^^
  File "/usr/lib/python3.12/socket.py", line 963, in getaddrinfo
    for res in _socket.getaddrinfo(host, port, family, type, proto, flags):
               ^^^^^^^^^^^^^^^^^^^^^^^^^^^^^^^^^^^^^^^^^^^^^^^^^^^^^^^^^^^
socket.gaierror: [Errno -3] Temporary failure in name resolution

The above exception was the direct cause of the following exception:

Traceback (most recent call last):
  File "/projects/sp4rk/.venv/lib/python3.12/site-packages/discord/client.py", line 664, in connect
    self.ws = await asyncio.wait_for(coro, timeout=60.0)
              ^^^^^^^^^^^^^^^^^^^^^^^^^^^^^^^^^^^^^^^^^^
  File "/usr/lib/python3.12/asyncio/tasks.py", line 520, in wait_for
    return await fut
           ^^^^^^^^^
  File "/projects/sp4rk/.venv/lib/python3.12/site-packages/discord/gateway.py", line 374, in from_client
    socket = await client.http.ws_connect(str(url))
             ^^^^^^^^^^^^^^^^^^^^^^^^^^^^^^^^^^^^^^
  File "/projects/sp4rk/.venv/lib/python3.12/site-packages/discord/http.py", line 550, in ws_connect
    return await self.__session.ws_connect(url, **kwargs)
           ^^^^^^^^^^^^^^^^^^^^^^^^^^^^^^^^^^^^^^^^^^^^^^
  File "/projects/sp4rk/.venv/lib/python3.12/site-packages/aiohttp/client.py", line 1244, in _ws_connect
    resp = await self.request(
           ^^^^^^^^^^^^^^^^^^^
  File "/projects/sp4rk/.venv/lib/python3.12/site-packages/aiohttp/client.py", line 856, in _request
    resp = await handler(req)
           ^^^^^^^^^^^^^^^^^^
  File "/projects/sp4rk/.venv/lib/python3.12/site-packages/aiohttp/client.py", line 810, in _connect_and_send_request
    conn = await self._connector.connect(
           ^^^^^^^^^^^^^^^^^^^^^^^^^^^^^^
  File "/projects/sp4rk/.venv/lib/python3.12/site-packages/aiohttp/connector.py", line 655, in connect
    proto = await self._create_connection(req, traces, timeout)
            ^^^^^^^^^^^^^^^^^^^^^^^^^^^^^^^^^^^^^^^^^^^^^^^^^^^
  File "/projects/sp4rk/.venv/lib/python3.12/site-packages/aiohttp/connector.py", line 1232, in _create_connection
    _, proto = await self._create_direct_connection(req, traces, timeout)
               ^^^^^^^^^^^^^^^^^^^^^^^^^^^^^^^^^^^^^^^^^^^^^^^^^^^^^^^^^^
  File "/projects/sp4rk/.venv/lib/python3.12/site-packages/aiohttp/connector.py", line 1567, in _create_direct_connection
    raise ClientConnectorDNSError(req.connection_key, exc) from exc
aiohttp.client_exceptions.ClientConnectorDNSError: Cannot connect to host gateway-us-east1-c.discord.gg:443 ssl:default [Temporary failure in name resolution]
2026-08-31 23:09:33,120 ERROR:discord.client:Attempting a reconnect in 1.62s
Traceback (most recent call last):
  File "/projects/sp4rk/.venv/lib/python3.12/site-packages/aiohttp/connector.py", line 1561, in _create_direct_connection
    hosts = await self._resolve_host(host, port, traces=traces)
            ^^^^^^^^^^^^^^^^^^^^^^^^^^^^^^^^^^^^^^^^^^^^^^^^^^^
  File "/projects/sp4rk/.venv/lib/python3.12/site-packages/aiohttp/connector.py", line 1171, in _resolve_host
    return await asyncio.shield(resolved_host_task)
           ^^^^^^^^^^^^^^^^^^^^^^^^^^^^^^^^^^^^^^^^
  File "/projects/sp4rk/.venv/lib/python3.12/site-packages/aiohttp/connector.py", line 1202, in _resolve_host_with_throttle
    addrs = await self._resolver.resolve(host, port, family=self._family)
            ^^^^^^^^^^^^^^^^^^^^^^^^^^^^^^^^^^^^^^^^^^^^^^^^^^^^^^^^^^^^^
  File "/projects/sp4rk/.venv/lib/python3.12/site-packages/aiohttp/resolver.py", line 40, in resolve
    infos = await self._loop.getaddrinfo(
            ^^^^^^^^^^^^^^^^^^^^^^^^^^^^^
  File "/usr/lib/python3.12/asyncio/base_events.py", line 901, in getaddrinfo
    return await self.run_in_executor(
           ^^^^^^^^^^^^^^^^^^^^^^^^^^^
  File "/usr/lib/python3.12/concurrent/futures/thread.py", line 58, in run
    result = self.fn(*self.args, **self.kwargs)
             ^^^^^^^^^^^^^^^^^^^^^^^^^^^^^^^^^^
  File "/usr/lib/python3.12/socket.py", line 963, in getaddrinfo
    for res in _socket.getaddrinfo(host, port, family, type, proto, flags):
               ^^^^^^^^^^^^^^^^^^^^^^^^^^^^^^^^^^^^^^^^^^^^^^^^^^^^^^^^^^^
socket.gaierror: [Errno -3] Temporary failure in name resolution

The above exception was the direct cause of the following exception:

Traceback (most recent call last):
  File "/projects/sp4rk/.venv/lib/python3.12/site-packages/discord/client.py", line 664, in connect
    self.ws = await asyncio.wait_for(coro, timeout=60.0)
              ^^^^^^^^^^^^^^^^^^^^^^^^^^^^^^^^^^^^^^^^^^
  File "/usr/lib/python3.12/asyncio/tasks.py", line 520, in wait_for
    return await fut
           ^^^^^^^^^
  File "/projects/sp4rk/.venv/lib/python3.12/site-packages/discord/gateway.py", line 374, in from_client
    socket = await client.http.ws_connect(str(url))
             ^^^^^^^^^^^^^^^^^^^^^^^^^^^^^^^^^^^^^^
  File "/projects/sp4rk/.venv/lib/python3.12/site-packages/discord/http.py", line 550, in ws_connect
    return await self.__session.ws_connect(url, **kwargs)
           ^^^^^^^^^^^^^^^^^^^^^^^^^^^^^^^^^^^^^^^^^^^^^^
  File "/projects/sp4rk/.venv/lib/python3.12/site-packages/aiohttp/client.py", line 1244, in _ws_connect
    resp = await self.request(
           ^^^^^^^^^^^^^^^^^^^
  File "/projects/sp4rk/.venv/lib/python3.12/site-packages/aiohttp/client.py", line 856, in _request
    resp = await handler(req)
           ^^^^^^^^^^^^^^^^^^
  File "/projects/sp4rk/.venv/lib/python3.12/site-packages/aiohttp/client.py", line 810, in _connect_and_send_request
    conn = await self._connector.connect(
           ^^^^^^^^^^^^^^^^^^^^^^^^^^^^^^
  File "/projects/sp4rk/.venv/lib/python3.12/site-packages/aiohttp/connector.py", line 655, in connect
    proto = await self._create_connection(req, traces, timeout)
            ^^^^^^^^^^^^^^^^^^^^^^^^^^^^^^^^^^^^^^^^^^^^^^^^^^^
  File "/projects/sp4rk/.venv/lib/python3.12/site-packages/aiohttp/connector.py", line 1232, in _create_connection
    _, proto = await self._create_direct_connection(req, traces, timeout)
               ^^^^^^^^^^^^^^^^^^^^^^^^^^^^^^^^^^^^^^^^^^^^^^^^^^^^^^^^^^
  File "/projects/sp4rk/.venv/lib/python3.12/site-packages/aiohttp/connector.py", line 1567, in _create_direct_connection
    raise ClientConnectorDNSError(req.connection_key, exc) from exc
aiohttp.client_exceptions.ClientConnectorDNSError: Cannot connect to host gateway-us-east1-c.discord.gg:443 ssl:default [Temporary failure in name resolution]
2026-09-01 00:53:21,652 ERROR:discord.client:Attempting a reconnect in 0.93s
Traceback (most recent call last):
  File "/projects/sp4rk/.venv/lib/python3.12/site-packages/aiohttp/connector.py", line 1561, in _create_direct_connection
    hosts = await self._resolve_host(host, port, traces=traces)
            ^^^^^^^^^^^^^^^^^^^^^^^^^^^^^^^^^^^^^^^^^^^^^^^^^^^
  File "/projects/sp4rk/.venv/lib/python3.12/site-packages/aiohttp/connector.py", line 1171, in _resolve_host
    return await asyncio.shield(resolved_host_task)
           ^^^^^^^^^^^^^^^^^^^^^^^^^^^^^^^^^^^^^^^^
  File "/projects/sp4rk/.venv/lib/python3.12/site-packages/aiohttp/connector.py", line 1202, in _resolve_host_with_throttle
    addrs = await self._resolver.resolve(host, port, family=self._family)
            ^^^^^^^^^^^^^^^^^^^^^^^^^^^^^^^^^^^^^^^^^^^^^^^^^^^^^^^^^^^^^
  File "/projects/sp4rk/.venv/lib/python3.12/site-packages/aiohttp/resolver.py", line 40, in resolve
    infos = await self._loop.getaddrinfo(
            ^^^^^^^^^^^^^^^^^^^^^^^^^^^^^
  File "/usr/lib/python3.12/asyncio/base_events.py", line 901, in getaddrinfo
    return await self.run_in_executor(
           ^^^^^^^^^^^^^^^^^^^^^^^^^^^
  File "/usr/lib/python3.12/concurrent/futures/thread.py", line 58, in run
    result = self.fn(*self.args, **self.kwargs)
             ^^^^^^^^^^^^^^^^^^^^^^^^^^^^^^^^^^
  File "/usr/lib/python3.12/socket.py", line 963, in getaddrinfo
    for res in _socket.getaddrinfo(host, port, family, type, proto, flags):
               ^^^^^^^^^^^^^^^^^^^^^^^^^^^^^^^^^^^^^^^^^^^^^^^^^^^^^^^^^^^
socket.gaierror: [Errno -3] Temporary failure in name resolution

The above exception was the direct cause of the following exception:

Traceback (most recent call last):
  File "/projects/sp4rk/.venv/lib/python3.12/site-packages/discord/client.py", line 664, in connect
    self.ws = await asyncio.wait_for(coro, timeout=60.0)
              ^^^^^^^^^^^^^^^^^^^^^^^^^^^^^^^^^^^^^^^^^^
  File "/usr/lib/python3.12/asyncio/tasks.py", line 520, in wait_for
    return await fut
           ^^^^^^^^^
  File "/projects/sp4rk/.venv/lib/python3.12/site-packages/discord/gateway.py", line 374, in from_client
    socket = await client.http.ws_connect(str(url))
             ^^^^^^^^^^^^^^^^^^^^^^^^^^^^^^^^^^^^^^
  File "/projects/sp4rk/.venv/lib/python3.12/site-packages/discord/http.py", line 550, in ws_connect
    return await self.__session.ws_connect(url, **kwargs)
           ^^^^^^^^^^^^^^^^^^^^^^^^^^^^^^^^^^^^^^^^^^^^^^
  File "/projects/sp4rk/.venv/lib/python3.12/site-packages/aiohttp/client.py", line 1244, in _ws_connect
    resp = await self.request(
           ^^^^^^^^^^^^^^^^^^^
  File "/projects/sp4rk/.venv/lib/python3.12/site-packages/aiohttp/client.py", line 856, in _request
    resp = await handler(req)
           ^^^^^^^^^^^^^^^^^^
  File "/projects/sp4rk/.venv/lib/python3.12/site-packages/aiohttp/client.py", line 810, in _connect_and_send_request
    conn = await self._connector.connect(
           ^^^^^^^^^^^^^^^^^^^^^^^^^^^^^^
  File "/projects/sp4rk/.venv/lib/python3.12/site-packages/aiohttp/connector.py", line 655, in connect
    proto = await self._create_connection(req, traces, timeout)
            ^^^^^^^^^^^^^^^^^^^^^^^^^^^^^^^^^^^^^^^^^^^^^^^^^^^
  File "/projects/sp4rk/.venv/lib/python3.12/site-packages/aiohttp/connector.py", line 1232, in _create_connection
    _, proto = await self._create_direct_connection(req, traces, timeout)
               ^^^^^^^^^^^^^^^^^^^^^^^^^^^^^^^^^^^^^^^^^^^^^^^^^^^^^^^^^^
  File "/projects/sp4rk/.venv/lib/python3.12/site-packages/aiohttp/connector.py", line 1567, in _create_direct_connection
    raise ClientConnectorDNSError(req.connection_key, exc) from exc
aiohttp.client_exceptions.ClientConnectorDNSError: Cannot connect to host gateway-us-east1-c.discord.gg:443 ssl:default [Temporary failure in name resolution]
2026-09-01 04:25:31,084 WARNING:discord.gateway:Can't keep up, shard ID None websocket is 14.5s behind.
2026-09-01 05:11:01,046 ERROR:discord.client:Attempting a reconnect in 1.84s
Traceback (most recent call last):
  File "/projects/sp4rk/.venv/lib/python3.12/site-packages/aiohttp/connector.py", line 1561, in _create_direct_connection
    hosts = await self._resolve_host(host, port, traces=traces)
            ^^^^^^^^^^^^^^^^^^^^^^^^^^^^^^^^^^^^^^^^^^^^^^^^^^^
  File "/projects/sp4rk/.venv/lib/python3.12/site-packages/aiohttp/connector.py", line 1171, in _resolve_host
    return await asyncio.shield(resolved_host_task)
           ^^^^^^^^^^^^^^^^^^^^^^^^^^^^^^^^^^^^^^^^
  File "/projects/sp4rk/.venv/lib/python3.12/site-packages/aiohttp/connector.py", line 1202, in _resolve_host_with_throttle
    addrs = await self._resolver.resolve(host, port, family=self._family)
            ^^^^^^^^^^^^^^^^^^^^^^^^^^^^^^^^^^^^^^^^^^^^^^^^^^^^^^^^^^^^^
  File "/projects/sp4rk/.venv/lib/python3.12/site-packages/aiohttp/resolver.py", line 40, in resolve
    infos = await self._loop.getaddrinfo(
            ^^^^^^^^^^^^^^^^^^^^^^^^^^^^^
  File "/usr/lib/python3.12/asyncio/base_events.py", line 901, in getaddrinfo
    return await self.run_in_executor(
           ^^^^^^^^^^^^^^^^^^^^^^^^^^^
  File "/usr/lib/python3.12/concurrent/futures/thread.py", line 58, in run
    result = self.fn(*self.args, **self.kwargs)
             ^^^^^^^^^^^^^^^^^^^^^^^^^^^^^^^^^^
  File "/usr/lib/python3.12/socket.py", line 963, in getaddrinfo
    for res in _socket.getaddrinfo(host, port, family, type, proto, flags):
               ^^^^^^^^^^^^^^^^^^^^^^^^^^^^^^^^^^^^^^^^^^^^^^^^^^^^^^^^^^^
socket.gaierror: [Errno -3] Temporary failure in name resolution

The above exception was the direct cause of the following exception:

Traceback (most recent call last):
  File "/projects/sp4rk/.venv/lib/python3.12/site-packages/discord/client.py", line 664, in connect
    self.ws = await asyncio.wait_for(coro, timeout=60.0)
              ^^^^^^^^^^^^^^^^^^^^^^^^^^^^^^^^^^^^^^^^^^
  File "/usr/lib/python3.12/asyncio/tasks.py", line 520, in wait_for
    return await fut
           ^^^^^^^^^
  File "/projects/sp4rk/.venv/lib/python3.12/site-packages/discord/gateway.py", line 374, in from_client
    socket = await client.http.ws_connect(str(url))
             ^^^^^^^^^^^^^^^^^^^^^^^^^^^^^^^^^^^^^^
  File "/projects/sp4rk/.venv/lib/python3.12/site-packages/discord/http.py", line 550, in ws_connect
    return await self.__session.ws_connect(url, **kwargs)
           ^^^^^^^^^^^^^^^^^^^^^^^^^^^^^^^^^^^^^^^^^^^^^^
  File "/projects/sp4rk/.venv/lib/python3.12/site-packages/aiohttp/client.py", line 1244, in _ws_connect
    resp = await self.request(
           ^^^^^^^^^^^^^^^^^^^
  File "/projects/sp4rk/.venv/lib/python3.12/site-packages/aiohttp/client.py", line 856, in _request
    resp = await handler(req)
           ^^^^^^^^^^^^^^^^^^
  File "/projects/sp4rk/.venv/lib/python3.12/site-packages/aiohttp/client.py", line 810, in _connect_and_send_request
    conn = await self._connector.connect(
           ^^^^^^^^^^^^^^^^^^^^^^^^^^^^^^
  File "/projects/sp4rk/.venv/lib/python3.12/site-packages/aiohttp/connector.py", line 655, in connect
    proto = await self._create_connection(req, traces, timeout)
            ^^^^^^^^^^^^^^^^^^^^^^^^^^^^^^^^^^^^^^^^^^^^^^^^^^^
  File "/projects/sp4rk/.venv/lib/python3.12/site-packages/aiohttp/connector.py", line 1232, in _create_connection
    _, proto = await self._create_direct_connection(req, traces, timeout)
               ^^^^^^^^^^^^^^^^^^^^^^^^^^^^^^^^^^^^^^^^^^^^^^^^^^^^^^^^^^
  File "/projects/sp4rk/.venv/lib/python3.12/site-packages/aiohttp/connector.py", line 1567, in _create_direct_connection
    raise ClientConnectorDNSError(req.connection_key, exc) from exc
aiohttp.client_exceptions.ClientConnectorDNSError: Cannot connect to host gateway-us-east1-c.discord.gg:443 ssl:default [Temporary failure in name resolution]
2026-09-01 05:11:22,917 ERROR:discord.client:Attempting a reconnect in 3.48s
Traceback (most recent call last):
  File "/projects/sp4rk/.venv/lib/python3.12/site-packages/aiohttp/connector.py", line 1561, in _create_direct_connection
    hosts = await self._resolve_host(host, port, traces=traces)
            ^^^^^^^^^^^^^^^^^^^^^^^^^^^^^^^^^^^^^^^^^^^^^^^^^^^
  File "/projects/sp4rk/.venv/lib/python3.12/site-packages/aiohttp/connector.py", line 1171, in _resolve_host
    return await asyncio.shield(resolved_host_task)
           ^^^^^^^^^^^^^^^^^^^^^^^^^^^^^^^^^^^^^^^^
  File "/projects/sp4rk/.venv/lib/python3.12/site-packages/aiohttp/connector.py", line 1202, in _resolve_host_with_throttle
    addrs = await self._resolver.resolve(host, port, family=self._family)
            ^^^^^^^^^^^^^^^^^^^^^^^^^^^^^^^^^^^^^^^^^^^^^^^^^^^^^^^^^^^^^
  File "/projects/sp4rk/.venv/lib/python3.12/site-packages/aiohttp/resolver.py", line 40, in resolve
    infos = await self._loop.getaddrinfo(
            ^^^^^^^^^^^^^^^^^^^^^^^^^^^^^
  File "/usr/lib/python3.12/asyncio/base_events.py", line 901, in getaddrinfo
    return await self.run_in_executor(
           ^^^^^^^^^^^^^^^^^^^^^^^^^^^
  File "/usr/lib/python3.12/concurrent/futures/thread.py", line 58, in run
    result = self.fn(*self.args, **self.kwargs)
             ^^^^^^^^^^^^^^^^^^^^^^^^^^^^^^^^^^
  File "/usr/lib/python3.12/socket.py", line 963, in getaddrinfo
    for res in _socket.getaddrinfo(host, port, family, type, proto, flags):
               ^^^^^^^^^^^^^^^^^^^^^^^^^^^^^^^^^^^^^^^^^^^^^^^^^^^^^^^^^^^
socket.gaierror: [Errno -3] Temporary failure in name resolution

The above exception was the direct cause of the following exception:

Traceback (most recent call last):
  File "/projects/sp4rk/.venv/lib/python3.12/site-packages/discord/client.py", line 664, in connect
    self.ws = await asyncio.wait_for(coro, timeout=60.0)
              ^^^^^^^^^^^^^^^^^^^^^^^^^^^^^^^^^^^^^^^^^^
  File "/usr/lib/python3.12/asyncio/tasks.py", line 520, in wait_for
    return await fut
           ^^^^^^^^^
  File "/projects/sp4rk/.venv/lib/python3.12/site-packages/discord/gateway.py", line 374, in from_client
    socket = await client.http.ws_connect(str(url))
             ^^^^^^^^^^^^^^^^^^^^^^^^^^^^^^^^^^^^^^
  File "/projects/sp4rk/.venv/lib/python3.12/site-packages/discord/http.py", line 550, in ws_connect
    return await self.__session.ws_connect(url, **kwargs)
           ^^^^^^^^^^^^^^^^^^^^^^^^^^^^^^^^^^^^^^^^^^^^^^
  File "/projects/sp4rk/.venv/lib/python3.12/site-packages/aiohttp/client.py", line 1244, in _ws_connect
    resp = await self.request(
           ^^^^^^^^^^^^^^^^^^^
  File "/projects/sp4rk/.venv/lib/python3.12/site-packages/aiohttp/client.py", line 856, in _request
    resp = await handler(req)
           ^^^^^^^^^^^^^^^^^^
  File "/projects/sp4rk/.venv/lib/python3.12/site-packages/aiohttp/client.py", line 810, in _connect_and_send_request
    conn = await self._connector.connect(
           ^^^^^^^^^^^^^^^^^^^^^^^^^^^^^^
  File "/projects/sp4rk/.venv/lib/python3.12/site-packages/aiohttp/connector.py", line 655, in connect
    proto = await self._create_connection(req, traces, timeout)
            ^^^^^^^^^^^^^^^^^^^^^^^^^^^^^^^^^^^^^^^^^^^^^^^^^^^
  File "/projects/sp4rk/.venv/lib/python3.12/site-packages/aiohttp/connector.py", line 1232, in _create_connection
    _, proto = await self._create_direct_connection(req, traces, timeout)
               ^^^^^^^^^^^^^^^^^^^^^^^^^^^^^^^^^^^^^^^^^^^^^^^^^^^^^^^^^^
  File "/projects/sp4rk/.venv/lib/python3.12/site-packages/aiohttp/connector.py", line 1567, in _create_direct_connection
    raise ClientConnectorDNSError(req.connection_key, exc) from exc
aiohttp.client_exceptions.ClientConnectorDNSError: Cannot connect to host gateway-us-east1-c.discord.gg:443 ssl:default [Temporary failure in name resolution]
2026-09-01 15:12:50,369 WARNING:discord.gateway:Can't keep up, shard ID None websocket is 14.9s behind.
2026-09-02 02:26:34,022 WARNING:discord.gateway:Can't keep up, shard ID None websocket is 14.9s behind.
2026-09-02 15:18:18,215 WARNING:discord.gateway:Can't keep up, shard ID None websocket is 14.9s behind.
2026-09-02 15:43:08,574 ERROR:discord.ui.view:Ignoring exception in view <SignupView timeout=None children=7> for item <BackupButton style=<ButtonStyle.secondary: 2> url=None disabled=False label='Запасной' emoji=<PartialEmoji animated=False name='🪑' id=None> row=None sku_id=None>
Traceback (most recent call last):
  File "/projects/sp4rk/.venv/lib/python3.12/site-packages/discord/ui/view.py", line 430, in _scheduled_task
    await item.callback(interaction)
  File "/projects/sp4rk/app/bot/ui.py", line 231, in callback
    await interaction.response.send_message(
  File "/projects/sp4rk/app/bot/ephemeral.py", line 89, in patched_send_message
    result = await original_send_message(self, *args, **kwargs)
             ^^^^^^^^^^^^^^^^^^^^^^^^^^^^^^^^^^^^^^^^^^^^^^^^^^
  File "/projects/sp4rk/.venv/lib/python3.12/site-packages/discord/interactions.py", line 855, in send_message
    await adapter.create_interaction_response(
  File "/projects/sp4rk/.venv/lib/python3.12/site-packages/discord/webhook/async_.py", line 221, in request
    raise NotFound(response, data)
discord.errors.NotFound: 404 Not Found (error code: 10062): Unknown interaction
2026-09-02 15:43:21,964 ERROR:discord.ui.view:Ignoring exception in view <SignupView timeout=None children=7> for item <BackupButton style=<ButtonStyle.secondary: 2> url=None disabled=False label='Запасной' emoji=<PartialEmoji animated=False name='🪑' id=None> row=None sku_id=None>
Traceback (most recent call last):
  File "/projects/sp4rk/.venv/lib/python3.12/site-packages/discord/ui/view.py", line 430, in _scheduled_task
    await item.callback(interaction)
  File "/projects/sp4rk/app/bot/ui.py", line 231, in callback
    await interaction.response.send_message(
  File "/projects/sp4rk/app/bot/ephemeral.py", line 89, in patched_send_message
    result = await original_send_message(self, *args, **kwargs)
             ^^^^^^^^^^^^^^^^^^^^^^^^^^^^^^^^^^^^^^^^^^^^^^^^^^
  File "/projects/sp4rk/.venv/lib/python3.12/site-packages/discord/interactions.py", line 855, in send_message
    await adapter.create_interaction_response(
  File "/projects/sp4rk/.venv/lib/python3.12/site-packages/discord/webhook/async_.py", line 221, in request
    raise NotFound(response, data)
discord.errors.NotFound: 404 Not Found (error code: 10062): Unknown interaction
2026-09-02 15:43:27,749 ERROR:discord.ui.view:Ignoring exception in view <SignupView timeout=None children=7> for item <BackupButton style=<ButtonStyle.secondary: 2> url=None disabled=False label='Запасной' emoji=<PartialEmoji animated=False name='🪑' id=None> row=None sku_id=None>
Traceback (most recent call last):
  File "/projects/sp4rk/.venv/lib/python3.12/site-packages/discord/ui/view.py", line 430, in _scheduled_task
    await item.callback(interaction)
  File "/projects/sp4rk/app/bot/ui.py", line 231, in callback
    await interaction.response.send_message(
  File "/projects/sp4rk/app/bot/ephemeral.py", line 89, in patched_send_message
    result = await original_send_message(self, *args, **kwargs)
             ^^^^^^^^^^^^^^^^^^^^^^^^^^^^^^^^^^^^^^^^^^^^^^^^^^
  File "/projects/sp4rk/.venv/lib/python3.12/site-packages/discord/interactions.py", line 855, in send_message
    await adapter.create_interaction_response(
  File "/projects/sp4rk/.venv/lib/python3.12/site-packages/discord/webhook/async_.py", line 221, in request
    raise NotFound(response, data)
discord.errors.NotFound: 404 Not Found (error code: 10062): Unknown interaction
2026-09-02 23:19:07,590 WARNING:discord.gateway:Can't keep up, shard ID None websocket is 14.9s behind.
2026-09-03 05:12:35,218 WARNING:discord.gateway:Can't keep up, shard ID None websocket is 14.5s behind.
2026-09-03 13:42:26,425 WARNING:discord.gateway:Can't keep up, shard ID None websocket is 14.7s behind.
2026-09-03 15:10:55,597 WARNING:discord.gateway:Can't keep up, shard ID None websocket is 14.8s behind.
2026-09-03 16:35:01,296 WARNING:apscheduler.scheduler:Execution of job "send_due_reminders (trigger: interval[0:00:01], next run at: 2026-09-03 16:35:01 UTC)" skipped: maximum number of running instances reached (1)
2026-09-03 16:35:02,297 WARNING:apscheduler.scheduler:Execution of job "send_due_reminders (trigger: interval[0:00:01], next run at: 2026-09-03 16:35:02 UTC)" skipped: maximum number of running instances reached (1)
2026-09-03 16:35:02,558 WARNING:SP4RK.reminders:DM closed for user 591297089686863872
2026-09-03 16:35:03,297 WARNING:apscheduler.scheduler:Execution of job "send_due_reminders (trigger: interval[0:00:01], next run at: 2026-09-03 16:35:03 UTC)" skipped: maximum number of running instances reached (1)
2026-09-03 16:35:04,297 WARNING:apscheduler.scheduler:Execution of job "send_due_reminders (trigger: interval[0:00:01], next run at: 2026-09-03 16:35:04 UTC)" skipped: maximum number of running instances reached (1)
2026-09-03 16:35:05,296 WARNING:apscheduler.scheduler:Execution of job "send_due_reminders (trigger: interval[0:00:01], next run at: 2026-09-03 16:35:05 UTC)" skipped: maximum number of running instances reached (1)
2026-09-03 16:35:06,297 WARNING:apscheduler.scheduler:Execution of job "send_due_reminders (trigger: interval[0:00:01], next run at: 2026-09-03 16:35:06 UTC)" skipped: maximum number of running instances reached (1)
2026-09-03 16:35:07,297 WARNING:apscheduler.scheduler:Execution of job "send_due_reminders (trigger: interval[0:00:01], next run at: 2026-09-03 16:35:07 UTC)" skipped: maximum number of running instances reached (1)
2026-09-03 16:35:08,296 WARNING:apscheduler.scheduler:Execution of job "send_due_reminders (trigger: interval[0:00:01], next run at: 2026-09-03 16:35:08 UTC)" skipped: maximum number of running instances reached (1)
2026-09-03 17:00:01,297 WARNING:apscheduler.scheduler:Execution of job "send_due_reminders (trigger: interval[0:00:01], next run at: 2026-09-03 17:00:01 UTC)" skipped: maximum number of running instances reached (1)
2026-09-03 17:00:02,297 WARNING:apscheduler.scheduler:Execution of job "send_due_reminders (trigger: interval[0:00:01], next run at: 2026-09-03 17:00:02 UTC)" skipped: maximum number of running instances reached (1)
2026-09-03 17:00:02,911 WARNING:SP4RK.reminders:DM closed for user 591297089686863872
2026-09-03 17:00:03,297 WARNING:apscheduler.scheduler:Execution of job "send_due_reminders (trigger: interval[0:00:01], next run at: 2026-09-03 17:00:03 UTC)" skipped: maximum number of running instances reached (1)
2026-09-03 17:00:04,297 WARNING:apscheduler.scheduler:Execution of job "send_due_reminders (trigger: interval[0:00:01], next run at: 2026-09-03 17:00:04 UTC)" skipped: maximum number of running instances reached (1)
2026-09-03 17:00:05,297 WARNING:apscheduler.scheduler:Execution of job "send_due_reminders (trigger: interval[0:00:01], next run at: 2026-09-03 17:00:05 UTC)" skipped: maximum number of running instances reached (1)
2026-09-03 17:00:06,297 WARNING:apscheduler.scheduler:Execution of job "send_due_reminders (trigger: interval[0:00:01], next run at: 2026-09-03 17:00:06 UTC)" skipped: maximum number of running instances reached (1)
2026-09-03 17:00:07,298 WARNING:apscheduler.scheduler:Execution of job "send_due_reminders (trigger: interval[0:00:01], next run at: 2026-09-03 17:00:07 UTC)" skipped: maximum number of running instances reached (1)
2026-09-03 17:00:08,297 WARNING:apscheduler.scheduler:Execution of job "send_due_reminders (trigger: interval[0:00:01], next run at: 2026-09-03 17:00:08 UTC)" skipped: maximum number of running instances reached (1)
2026-09-03 17:00:09,297 WARNING:apscheduler.scheduler:Execution of job "send_due_reminders (trigger: interval[0:00:01], next run at: 2026-09-03 17:00:09 UTC)" skipped: maximum number of running instances reached (1)
2026-09-03 17:00:10,298 WARNING:apscheduler.scheduler:Execution of job "send_due_reminders (trigger: interval[0:00:01], next run at: 2026-09-03 17:00:10 UTC)" skipped: maximum number of running instances reached (1)
2026-09-03 17:00:11,298 WARNING:apscheduler.scheduler:Execution of job "send_due_reminders (trigger: interval[0:00:01], next run at: 2026-09-03 17:00:11 UTC)" skipped: maximum number of running instances reached (1)
2026-09-03 17:00:12,298 WARNING:apscheduler.scheduler:Execution of job "send_due_reminders (trigger: interval[0:00:01], next run at: 2026-09-03 17:00:12 UTC)" skipped: maximum number of running instances reached (1)
2026-09-03 17:00:13,297 WARNING:apscheduler.scheduler:Execution of job "send_due_reminders (trigger: interval[0:00:01], next run at: 2026-09-03 17:00:13 UTC)" skipped: maximum number of running instances reached (1)
2026-09-03 17:00:14,297 WARNING:apscheduler.scheduler:Execution of job "send_due_reminders (trigger: interval[0:00:01], next run at: 2026-09-03 17:00:14 UTC)" skipped: maximum number of running instances reached (1)
2026-09-03 17:00:15,297 WARNING:apscheduler.scheduler:Execution of job "send_due_reminders (trigger: interval[0:00:01], next run at: 2026-09-03 17:00:15 UTC)" skipped: maximum number of running instances reached (1)
2026-09-03 17:00:16,297 WARNING:apscheduler.scheduler:Execution of job "send_due_reminders (trigger: interval[0:00:01], next run at: 2026-09-03 17:00:16 UTC)" skipped: maximum number of running instances reached (1)
2026-09-03 17:00:17,297 WARNING:apscheduler.scheduler:Execution of job "send_due_reminders (trigger: interval[0:00:01], next run at: 2026-09-03 17:00:17 UTC)" skipped: maximum number of running instances reached (1)
2026-09-03 18:05:10,744 WARNING:discord.gateway:Can't keep up, shard ID None websocket is 14.7s behind.
2026-09-04 05:49:18,674 WARNING:discord.gateway:Can't keep up, shard ID None websocket is 14.8s behind.
2026-09-04 15:17:20,848 WARNING:discord.gateway:Can't keep up, shard ID None websocket is 14.7s behind.
2026-09-04 15:37:00,076 ERROR:discord.client:Attempting a reconnect in 1.53s
Traceback (most recent call last):
  File "/projects/sp4rk/.venv/lib/python3.12/site-packages/aiohttp/connector.py", line 1561, in _create_direct_connection
    hosts = await self._resolve_host(host, port, traces=traces)
            ^^^^^^^^^^^^^^^^^^^^^^^^^^^^^^^^^^^^^^^^^^^^^^^^^^^
  File "/projects/sp4rk/.venv/lib/python3.12/site-packages/aiohttp/connector.py", line 1171, in _resolve_host
    return await asyncio.shield(resolved_host_task)
           ^^^^^^^^^^^^^^^^^^^^^^^^^^^^^^^^^^^^^^^^
  File "/projects/sp4rk/.venv/lib/python3.12/site-packages/aiohttp/connector.py", line 1202, in _resolve_host_with_throttle
    addrs = await self._resolver.resolve(host, port, family=self._family)
            ^^^^^^^^^^^^^^^^^^^^^^^^^^^^^^^^^^^^^^^^^^^^^^^^^^^^^^^^^^^^^
  File "/projects/sp4rk/.venv/lib/python3.12/site-packages/aiohttp/resolver.py", line 40, in resolve
    infos = await self._loop.getaddrinfo(
            ^^^^^^^^^^^^^^^^^^^^^^^^^^^^^
  File "/usr/lib/python3.12/asyncio/base_events.py", line 901, in getaddrinfo
    return await self.run_in_executor(
           ^^^^^^^^^^^^^^^^^^^^^^^^^^^
  File "/usr/lib/python3.12/concurrent/futures/thread.py", line 58, in run
    result = self.fn(*self.args, **self.kwargs)
             ^^^^^^^^^^^^^^^^^^^^^^^^^^^^^^^^^^
  File "/usr/lib/python3.12/socket.py", line 963, in getaddrinfo
    for res in _socket.getaddrinfo(host, port, family, type, proto, flags):
               ^^^^^^^^^^^^^^^^^^^^^^^^^^^^^^^^^^^^^^^^^^^^^^^^^^^^^^^^^^^
socket.gaierror: [Errno -3] Temporary failure in name resolution

The above exception was the direct cause of the following exception:

Traceback (most recent call last):
  File "/projects/sp4rk/.venv/lib/python3.12/site-packages/discord/client.py", line 664, in connect
    self.ws = await asyncio.wait_for(coro, timeout=60.0)
              ^^^^^^^^^^^^^^^^^^^^^^^^^^^^^^^^^^^^^^^^^^
  File "/usr/lib/python3.12/asyncio/tasks.py", line 520, in wait_for
    return await fut
           ^^^^^^^^^
  File "/projects/sp4rk/.venv/lib/python3.12/site-packages/discord/gateway.py", line 374, in from_client
    socket = await client.http.ws_connect(str(url))
             ^^^^^^^^^^^^^^^^^^^^^^^^^^^^^^^^^^^^^^
  File "/projects/sp4rk/.venv/lib/python3.12/site-packages/discord/http.py", line 550, in ws_connect
    return await self.__session.ws_connect(url, **kwargs)
           ^^^^^^^^^^^^^^^^^^^^^^^^^^^^^^^^^^^^^^^^^^^^^^
  File "/projects/sp4rk/.venv/lib/python3.12/site-packages/aiohttp/client.py", line 1244, in _ws_connect
    resp = await self.request(
           ^^^^^^^^^^^^^^^^^^^
  File "/projects/sp4rk/.venv/lib/python3.12/site-packages/aiohttp/client.py", line 856, in _request
    resp = await handler(req)
           ^^^^^^^^^^^^^^^^^^
  File "/projects/sp4rk/.venv/lib/python3.12/site-packages/aiohttp/client.py", line 810, in _connect_and_send_request
    conn = await self._connector.connect(
           ^^^^^^^^^^^^^^^^^^^^^^^^^^^^^^
  File "/projects/sp4rk/.venv/lib/python3.12/site-packages/aiohttp/connector.py", line 655, in connect
    proto = await self._create_connection(req, traces, timeout)
            ^^^^^^^^^^^^^^^^^^^^^^^^^^^^^^^^^^^^^^^^^^^^^^^^^^^
  File "/projects/sp4rk/.venv/lib/python3.12/site-packages/aiohttp/connector.py", line 1232, in _create_connection
    _, proto = await self._create_direct_connection(req, traces, timeout)
               ^^^^^^^^^^^^^^^^^^^^^^^^^^^^^^^^^^^^^^^^^^^^^^^^^^^^^^^^^^
  File "/projects/sp4rk/.venv/lib/python3.12/site-packages/aiohttp/connector.py", line 1567, in _create_direct_connection
    raise ClientConnectorDNSError(req.connection_key, exc) from exc
aiohttp.client_exceptions.ClientConnectorDNSError: Cannot connect to host gateway-us-east1-c.discord.gg:443 ssl:default [Temporary failure in name resolution]
2026-09-04 21:39:33,588 ERROR:discord.client:Attempting a reconnect in 1.70s
Traceback (most recent call last):
  File "/projects/sp4rk/.venv/lib/python3.12/site-packages/aiohttp/connector.py", line 1561, in _create_direct_connection
    hosts = await self._resolve_host(host, port, traces=traces)
            ^^^^^^^^^^^^^^^^^^^^^^^^^^^^^^^^^^^^^^^^^^^^^^^^^^^
  File "/projects/sp4rk/.venv/lib/python3.12/site-packages/aiohttp/connector.py", line 1171, in _resolve_host
    return await asyncio.shield(resolved_host_task)
           ^^^^^^^^^^^^^^^^^^^^^^^^^^^^^^^^^^^^^^^^
  File "/projects/sp4rk/.venv/lib/python3.12/site-packages/aiohttp/connector.py", line 1202, in _resolve_host_with_throttle
    addrs = await self._resolver.resolve(host, port, family=self._family)
            ^^^^^^^^^^^^^^^^^^^^^^^^^^^^^^^^^^^^^^^^^^^^^^^^^^^^^^^^^^^^^
  File "/projects/sp4rk/.venv/lib/python3.12/site-packages/aiohttp/resolver.py", line 40, in resolve
    infos = await self._loop.getaddrinfo(
            ^^^^^^^^^^^^^^^^^^^^^^^^^^^^^
  File "/usr/lib/python3.12/asyncio/base_events.py", line 901, in getaddrinfo
    return await self.run_in_executor(
           ^^^^^^^^^^^^^^^^^^^^^^^^^^^
  File "/usr/lib/python3.12/concurrent/futures/thread.py", line 58, in run
    result = self.fn(*self.args, **self.kwargs)
             ^^^^^^^^^^^^^^^^^^^^^^^^^^^^^^^^^^
  File "/usr/lib/python3.12/socket.py", line 963, in getaddrinfo
    for res in _socket.getaddrinfo(host, port, family, type, proto, flags):
               ^^^^^^^^^^^^^^^^^^^^^^^^^^^^^^^^^^^^^^^^^^^^^^^^^^^^^^^^^^^
socket.gaierror: [Errno -3] Temporary failure in name resolution

The above exception was the direct cause of the following exception:

Traceback (most recent call last):
  File "/projects/sp4rk/.venv/lib/python3.12/site-packages/discord/client.py", line 664, in connect
    self.ws = await asyncio.wait_for(coro, timeout=60.0)
              ^^^^^^^^^^^^^^^^^^^^^^^^^^^^^^^^^^^^^^^^^^
  File "/usr/lib/python3.12/asyncio/tasks.py", line 520, in wait_for
    return await fut
           ^^^^^^^^^
  File "/projects/sp4rk/.venv/lib/python3.12/site-packages/discord/gateway.py", line 374, in from_client
    socket = await client.http.ws_connect(str(url))
             ^^^^^^^^^^^^^^^^^^^^^^^^^^^^^^^^^^^^^^
  File "/projects/sp4rk/.venv/lib/python3.12/site-packages/discord/http.py", line 550, in ws_connect
    return await self.__session.ws_connect(url, **kwargs)
           ^^^^^^^^^^^^^^^^^^^^^^^^^^^^^^^^^^^^^^^^^^^^^^
  File "/projects/sp4rk/.venv/lib/python3.12/site-packages/aiohttp/client.py", line 1244, in _ws_connect
    resp = await self.request(
           ^^^^^^^^^^^^^^^^^^^
  File "/projects/sp4rk/.venv/lib/python3.12/site-packages/aiohttp/client.py", line 856, in _request
    resp = await handler(req)
           ^^^^^^^^^^^^^^^^^^
  File "/projects/sp4rk/.venv/lib/python3.12/site-packages/aiohttp/client.py", line 810, in _connect_and_send_request
    conn = await self._connector.connect(
           ^^^^^^^^^^^^^^^^^^^^^^^^^^^^^^
  File "/projects/sp4rk/.venv/lib/python3.12/site-packages/aiohttp/connector.py", line 655, in connect
    proto = await self._create_connection(req, traces, timeout)
            ^^^^^^^^^^^^^^^^^^^^^^^^^^^^^^^^^^^^^^^^^^^^^^^^^^^
  File "/projects/sp4rk/.venv/lib/python3.12/site-packages/aiohttp/connector.py", line 1232, in _create_connection
    _, proto = await self._create_direct_connection(req, traces, timeout)
               ^^^^^^^^^^^^^^^^^^^^^^^^^^^^^^^^^^^^^^^^^^^^^^^^^^^^^^^^^^
  File "/projects/sp4rk/.venv/lib/python3.12/site-packages/aiohttp/connector.py", line 1567, in _create_direct_connection
    raise ClientConnectorDNSError(req.connection_key, exc) from exc
aiohttp.client_exceptions.ClientConnectorDNSError: Cannot connect to host gateway-us-east1-c.discord.gg:443 ssl:default [Temporary failure in name resolution]
2026-09-04 21:59:19,426 WARNING:discord.gateway:Can't keep up, shard ID None websocket is 28.9s behind.
2026-09-04 22:34:43,292 WARNING:discord.gateway:Can't keep up, shard ID None websocket is 14.7s behind.
2026-09-04 23:45:33,751 WARNING:discord.gateway:Can't keep up, shard ID None websocket is 14.7s behind.
2026-09-05 02:33:28,090 ERROR:discord.client:Attempting a reconnect in 1.24s
Traceback (most recent call last):
  File "/projects/sp4rk/.venv/lib/python3.12/site-packages/aiohttp/connector.py", line 1561, in _create_direct_connection
    hosts = await self._resolve_host(host, port, traces=traces)
            ^^^^^^^^^^^^^^^^^^^^^^^^^^^^^^^^^^^^^^^^^^^^^^^^^^^
  File "/projects/sp4rk/.venv/lib/python3.12/site-packages/aiohttp/connector.py", line 1171, in _resolve_host
    return await asyncio.shield(resolved_host_task)
           ^^^^^^^^^^^^^^^^^^^^^^^^^^^^^^^^^^^^^^^^
  File "/projects/sp4rk/.venv/lib/python3.12/site-packages/aiohttp/connector.py", line 1202, in _resolve_host_with_throttle
    addrs = await self._resolver.resolve(host, port, family=self._family)
            ^^^^^^^^^^^^^^^^^^^^^^^^^^^^^^^^^^^^^^^^^^^^^^^^^^^^^^^^^^^^^
  File "/projects/sp4rk/.venv/lib/python3.12/site-packages/aiohttp/resolver.py", line 40, in resolve
    infos = await self._loop.getaddrinfo(
            ^^^^^^^^^^^^^^^^^^^^^^^^^^^^^
  File "/usr/lib/python3.12/asyncio/base_events.py", line 901, in getaddrinfo
    return await self.run_in_executor(
           ^^^^^^^^^^^^^^^^^^^^^^^^^^^
  File "/usr/lib/python3.12/concurrent/futures/thread.py", line 58, in run
    result = self.fn(*self.args, **self.kwargs)
             ^^^^^^^^^^^^^^^^^^^^^^^^^^^^^^^^^^
  File "/usr/lib/python3.12/socket.py", line 963, in getaddrinfo
    for res in _socket.getaddrinfo(host, port, family, type, proto, flags):
               ^^^^^^^^^^^^^^^^^^^^^^^^^^^^^^^^^^^^^^^^^^^^^^^^^^^^^^^^^^^
socket.gaierror: [Errno -3] Temporary failure in name resolution

The above exception was the direct cause of the following exception:

Traceback (most recent call last):
  File "/projects/sp4rk/.venv/lib/python3.12/site-packages/discord/client.py", line 664, in connect
    self.ws = await asyncio.wait_for(coro, timeout=60.0)
              ^^^^^^^^^^^^^^^^^^^^^^^^^^^^^^^^^^^^^^^^^^
  File "/usr/lib/python3.12/asyncio/tasks.py", line 520, in wait_for
    return await fut
           ^^^^^^^^^
  File "/projects/sp4rk/.venv/lib/python3.12/site-packages/discord/gateway.py", line 374, in from_client
    socket = await client.http.ws_connect(str(url))
             ^^^^^^^^^^^^^^^^^^^^^^^^^^^^^^^^^^^^^^
  File "/projects/sp4rk/.venv/lib/python3.12/site-packages/discord/http.py", line 550, in ws_connect
    return await self.__session.ws_connect(url, **kwargs)
           ^^^^^^^^^^^^^^^^^^^^^^^^^^^^^^^^^^^^^^^^^^^^^^
  File "/projects/sp4rk/.venv/lib/python3.12/site-packages/aiohttp/client.py", line 1244, in _ws_connect
    resp = await self.request(
           ^^^^^^^^^^^^^^^^^^^
  File "/projects/sp4rk/.venv/lib/python3.12/site-packages/aiohttp/client.py", line 856, in _request
    resp = await handler(req)
           ^^^^^^^^^^^^^^^^^^
  File "/projects/sp4rk/.venv/lib/python3.12/site-packages/aiohttp/client.py", line 810, in _connect_and_send_request
    conn = await self._connector.connect(
           ^^^^^^^^^^^^^^^^^^^^^^^^^^^^^^
  File "/projects/sp4rk/.venv/lib/python3.12/site-packages/aiohttp/connector.py", line 655, in connect
    proto = await self._create_connection(req, traces, timeout)
            ^^^^^^^^^^^^^^^^^^^^^^^^^^^^^^^^^^^^^^^^^^^^^^^^^^^
  File "/projects/sp4rk/.venv/lib/python3.12/site-packages/aiohttp/connector.py", line 1232, in _create_connection
    _, proto = await self._create_direct_connection(req, traces, timeout)
               ^^^^^^^^^^^^^^^^^^^^^^^^^^^^^^^^^^^^^^^^^^^^^^^^^^^^^^^^^^
  File "/projects/sp4rk/.venv/lib/python3.12/site-packages/aiohttp/connector.py", line 1567, in _create_direct_connection
    raise ClientConnectorDNSError(req.connection_key, exc) from exc
aiohttp.client_exceptions.ClientConnectorDNSError: Cannot connect to host gateway-us-east1-c.discord.gg:443 ssl:default [Temporary failure in name resolution]
2026-09-05 05:19:20,912 ERROR:discord.client:Attempting a reconnect in 1.71s
Traceback (most recent call last):
  File "/projects/sp4rk/.venv/lib/python3.12/site-packages/aiohttp/connector.py", line 1561, in _create_direct_connection
    hosts = await self._resolve_host(host, port, traces=traces)
            ^^^^^^^^^^^^^^^^^^^^^^^^^^^^^^^^^^^^^^^^^^^^^^^^^^^
  File "/projects/sp4rk/.venv/lib/python3.12/site-packages/aiohttp/connector.py", line 1171, in _resolve_host
    return await asyncio.shield(resolved_host_task)
           ^^^^^^^^^^^^^^^^^^^^^^^^^^^^^^^^^^^^^^^^
  File "/projects/sp4rk/.venv/lib/python3.12/site-packages/aiohttp/connector.py", line 1202, in _resolve_host_with_throttle
    addrs = await self._resolver.resolve(host, port, family=self._family)
            ^^^^^^^^^^^^^^^^^^^^^^^^^^^^^^^^^^^^^^^^^^^^^^^^^^^^^^^^^^^^^
  File "/projects/sp4rk/.venv/lib/python3.12/site-packages/aiohttp/resolver.py", line 40, in resolve
    infos = await self._loop.getaddrinfo(
            ^^^^^^^^^^^^^^^^^^^^^^^^^^^^^
  File "/usr/lib/python3.12/asyncio/base_events.py", line 901, in getaddrinfo
    return await self.run_in_executor(
           ^^^^^^^^^^^^^^^^^^^^^^^^^^^
  File "/usr/lib/python3.12/concurrent/futures/thread.py", line 58, in run
    result = self.fn(*self.args, **self.kwargs)
             ^^^^^^^^^^^^^^^^^^^^^^^^^^^^^^^^^^
  File "/usr/lib/python3.12/socket.py", line 963, in getaddrinfo
    for res in _socket.getaddrinfo(host, port, family, type, proto, flags):
               ^^^^^^^^^^^^^^^^^^^^^^^^^^^^^^^^^^^^^^^^^^^^^^^^^^^^^^^^^^^
socket.gaierror: [Errno -3] Temporary failure in name resolution

The above exception was the direct cause of the following exception:

Traceback (most recent call last):
  File "/projects/sp4rk/.venv/lib/python3.12/site-packages/discord/client.py", line 664, in connect
    self.ws = await asyncio.wait_for(coro, timeout=60.0)
              ^^^^^^^^^^^^^^^^^^^^^^^^^^^^^^^^^^^^^^^^^^
  File "/usr/lib/python3.12/asyncio/tasks.py", line 520, in wait_for
    return await fut
           ^^^^^^^^^
  File "/projects/sp4rk/.venv/lib/python3.12/site-packages/discord/gateway.py", line 374, in from_client
    socket = await client.http.ws_connect(str(url))
             ^^^^^^^^^^^^^^^^^^^^^^^^^^^^^^^^^^^^^^
  File "/projects/sp4rk/.venv/lib/python3.12/site-packages/discord/http.py", line 550, in ws_connect
    return await self.__session.ws_connect(url, **kwargs)
           ^^^^^^^^^^^^^^^^^^^^^^^^^^^^^^^^^^^^^^^^^^^^^^
  File "/projects/sp4rk/.venv/lib/python3.12/site-packages/aiohttp/client.py", line 1244, in _ws_connect
    resp = await self.request(
           ^^^^^^^^^^^^^^^^^^^
  File "/projects/sp4rk/.venv/lib/python3.12/site-packages/aiohttp/client.py", line 856, in _request
    resp = await handler(req)
           ^^^^^^^^^^^^^^^^^^
  File "/projects/sp4rk/.venv/lib/python3.12/site-packages/aiohttp/client.py", line 810, in _connect_and_send_request
    conn = await self._connector.connect(
           ^^^^^^^^^^^^^^^^^^^^^^^^^^^^^^
  File "/projects/sp4rk/.venv/lib/python3.12/site-packages/aiohttp/connector.py", line 655, in connect
    proto = await self._create_connection(req, traces, timeout)
            ^^^^^^^^^^^^^^^^^^^^^^^^^^^^^^^^^^^^^^^^^^^^^^^^^^^
  File "/projects/sp4rk/.venv/lib/python3.12/site-packages/aiohttp/connector.py", line 1232, in _create_connection
    _, proto = await self._create_direct_connection(req, traces, timeout)
               ^^^^^^^^^^^^^^^^^^^^^^^^^^^^^^^^^^^^^^^^^^^^^^^^^^^^^^^^^^
  File "/projects/sp4rk/.venv/lib/python3.12/site-packages/aiohttp/connector.py", line 1567, in _create_direct_connection
    raise ClientConnectorDNSError(req.connection_key, exc) from exc
aiohttp.client_exceptions.ClientConnectorDNSError: Cannot connect to host gateway-us-east1-c.discord.gg:443 ssl:default [Temporary failure in name resolution]
2026-09-05 08:05:47,085 ERROR:discord.client:Attempting a reconnect in 1.60s
Traceback (most recent call last):
  File "/projects/sp4rk/.venv/lib/python3.12/site-packages/aiohttp/connector.py", line 1561, in _create_direct_connection
    hosts = await self._resolve_host(host, port, traces=traces)
            ^^^^^^^^^^^^^^^^^^^^^^^^^^^^^^^^^^^^^^^^^^^^^^^^^^^
  File "/projects/sp4rk/.venv/lib/python3.12/site-packages/aiohttp/connector.py", line 1171, in _resolve_host
    return await asyncio.shield(resolved_host_task)
           ^^^^^^^^^^^^^^^^^^^^^^^^^^^^^^^^^^^^^^^^
  File "/projects/sp4rk/.venv/lib/python3.12/site-packages/aiohttp/connector.py", line 1202, in _resolve_host_with_throttle
    addrs = await self._resolver.resolve(host, port, family=self._family)
            ^^^^^^^^^^^^^^^^^^^^^^^^^^^^^^^^^^^^^^^^^^^^^^^^^^^^^^^^^^^^^
  File "/projects/sp4rk/.venv/lib/python3.12/site-packages/aiohttp/resolver.py", line 40, in resolve
    infos = await self._loop.getaddrinfo(
            ^^^^^^^^^^^^^^^^^^^^^^^^^^^^^
  File "/usr/lib/python3.12/asyncio/base_events.py", line 901, in getaddrinfo
    return await self.run_in_executor(
           ^^^^^^^^^^^^^^^^^^^^^^^^^^^
  File "/usr/lib/python3.12/concurrent/futures/thread.py", line 58, in run
    result = self.fn(*self.args, **self.kwargs)
             ^^^^^^^^^^^^^^^^^^^^^^^^^^^^^^^^^^
  File "/usr/lib/python3.12/socket.py", line 963, in getaddrinfo
    for res in _socket.getaddrinfo(host, port, family, type, proto, flags):
               ^^^^^^^^^^^^^^^^^^^^^^^^^^^^^^^^^^^^^^^^^^^^^^^^^^^^^^^^^^^
socket.gaierror: [Errno -3] Temporary failure in name resolution

The above exception was the direct cause of the following exception:

Traceback (most recent call last):
  File "/projects/sp4rk/.venv/lib/python3.12/site-packages/discord/client.py", line 664, in connect
    self.ws = await asyncio.wait_for(coro, timeout=60.0)
              ^^^^^^^^^^^^^^^^^^^^^^^^^^^^^^^^^^^^^^^^^^
  File "/usr/lib/python3.12/asyncio/tasks.py", line 520, in wait_for
    return await fut
           ^^^^^^^^^
  File "/projects/sp4rk/.venv/lib/python3.12/site-packages/discord/gateway.py", line 374, in from_client
    socket = await client.http.ws_connect(str(url))
             ^^^^^^^^^^^^^^^^^^^^^^^^^^^^^^^^^^^^^^
  File "/projects/sp4rk/.venv/lib/python3.12/site-packages/discord/http.py", line 550, in ws_connect
    return await self.__session.ws_connect(url, **kwargs)
           ^^^^^^^^^^^^^^^^^^^^^^^^^^^^^^^^^^^^^^^^^^^^^^
  File "/projects/sp4rk/.venv/lib/python3.12/site-packages/aiohttp/client.py", line 1244, in _ws_connect
    resp = await self.request(
           ^^^^^^^^^^^^^^^^^^^
  File "/projects/sp4rk/.venv/lib/python3.12/site-packages/aiohttp/client.py", line 856, in _request
    resp = await handler(req)
           ^^^^^^^^^^^^^^^^^^
  File "/projects/sp4rk/.venv/lib/python3.12/site-packages/aiohttp/client.py", line 810, in _connect_and_send_request
    conn = await self._connector.connect(
           ^^^^^^^^^^^^^^^^^^^^^^^^^^^^^^
  File "/projects/sp4rk/.venv/lib/python3.12/site-packages/aiohttp/connector.py", line 655, in connect
    proto = await self._create_connection(req, traces, timeout)
            ^^^^^^^^^^^^^^^^^^^^^^^^^^^^^^^^^^^^^^^^^^^^^^^^^^^
  File "/projects/sp4rk/.venv/lib/python3.12/site-packages/aiohttp/connector.py", line 1232, in _create_connection
    _, proto = await self._create_direct_connection(req, traces, timeout)
               ^^^^^^^^^^^^^^^^^^^^^^^^^^^^^^^^^^^^^^^^^^^^^^^^^^^^^^^^^^
  File "/projects/sp4rk/.venv/lib/python3.12/site-packages/aiohttp/connector.py", line 1567, in _create_direct_connection
    raise ClientConnectorDNSError(req.connection_key, exc) from exc
aiohttp.client_exceptions.ClientConnectorDNSError: Cannot connect to host gateway-us-east1-c.discord.gg:443 ssl:default [Temporary failure in name resolution]
2026-09-05 18:00:01,297 WARNING:apscheduler.scheduler:Execution of job "send_due_reminders (trigger: interval[0:00:01], next run at: 2026-09-05 18:00:01 UTC)" skipped: maximum number of running instances reached (1)
2026-09-05 18:00:02,297 WARNING:apscheduler.scheduler:Execution of job "send_due_reminders (trigger: interval[0:00:01], next run at: 2026-09-05 18:00:02 UTC)" skipped: maximum number of running instances reached (1)
2026-09-05 18:00:03,083 WARNING:SP4RK.reminders:DM closed for user 591297089686863872
2026-09-05 18:00:03,297 WARNING:apscheduler.scheduler:Execution of job "send_due_reminders (trigger: interval[0:00:01], next run at: 2026-09-05 18:00:03 UTC)" skipped: maximum number of running instances reached (1)
2026-09-05 18:00:04,297 WARNING:apscheduler.scheduler:Execution of job "send_due_reminders (trigger: interval[0:00:01], next run at: 2026-09-05 18:00:04 UTC)" skipped: maximum number of running instances reached (1)
2026-09-05 18:00:05,297 WARNING:apscheduler.scheduler:Execution of job "send_due_reminders (trigger: interval[0:00:01], next run at: 2026-09-05 18:00:05 UTC)" skipped: maximum number of running instances reached (1)
2026-09-05 18:00:06,297 WARNING:apscheduler.scheduler:Execution of job "send_due_reminders (trigger: interval[0:00:01], next run at: 2026-09-05 18:00:06 UTC)" skipped: maximum number of running instances reached (1)
2026-09-05 18:00:07,298 WARNING:apscheduler.scheduler:Execution of job "send_due_reminders (trigger: interval[0:00:01], next run at: 2026-09-05 18:00:07 UTC)" skipped: maximum number of running instances reached (1)
2026-09-05 18:00:08,296 WARNING:apscheduler.scheduler:Execution of job "send_due_reminders (trigger: interval[0:00:01], next run at: 2026-09-05 18:00:08 UTC)" skipped: maximum number of running instances reached (1)
2026-09-05 18:00:09,298 WARNING:apscheduler.scheduler:Execution of job "send_due_reminders (trigger: interval[0:00:01], next run at: 2026-09-05 18:00:09 UTC)" skipped: maximum number of running instances reached (1)
2026-09-05 18:00:10,297 WARNING:apscheduler.scheduler:Execution of job "send_due_reminders (trigger: interval[0:00:01], next run at: 2026-09-05 18:00:10 UTC)" skipped: maximum number of running instances reached (1)
2026-09-05 18:00:11,297 WARNING:apscheduler.scheduler:Execution of job "send_due_reminders (trigger: interval[0:00:01], next run at: 2026-09-05 18:00:11 UTC)" skipped: maximum number of running instances reached (1)
2026-09-05 18:00:12,297 WARNING:apscheduler.scheduler:Execution of job "send_due_reminders (trigger: interval[0:00:01], next run at: 2026-09-05 18:00:12 UTC)" skipped: maximum number of running instances reached (1)
2026-09-05 18:00:13,297 WARNING:apscheduler.scheduler:Execution of job "send_due_reminders (trigger: interval[0:00:01], next run at: 2026-09-05 18:00:13 UTC)" skipped: maximum number of running instances reached (1)
2026-09-05 18:00:14,296 WARNING:apscheduler.scheduler:Execution of job "send_due_reminders (trigger: interval[0:00:01], next run at: 2026-09-05 18:00:14 UTC)" skipped: maximum number of running instances reached (1)
2026-09-05 18:00:15,297 WARNING:apscheduler.scheduler:Execution of job "send_due_reminders (trigger: interval[0:00:01], next run at: 2026-09-05 18:00:15 UTC)" skipped: maximum number of running instances reached (1)
2026-09-05 18:00:16,298 WARNING:apscheduler.scheduler:Execution of job "send_due_reminders (trigger: interval[0:00:01], next run at: 2026-09-05 18:00:16 UTC)" skipped: maximum number of running instances reached (1)
2026-09-05 18:00:17,297 WARNING:apscheduler.scheduler:Execution of job "send_due_reminders (trigger: interval[0:00:01], next run at: 2026-09-05 18:00:17 UTC)" skipped: maximum number of running instances reached (1)
2026-09-05 18:00:18,298 WARNING:apscheduler.scheduler:Execution of job "send_due_reminders (trigger: interval[0:00:01], next run at: 2026-09-05 18:00:18 UTC)" skipped: maximum number of running instances reached (1)
2026-09-05 18:00:19,297 WARNING:apscheduler.scheduler:Execution of job "send_due_reminders (trigger: interval[0:00:01], next run at: 2026-09-05 18:00:19 UTC)" skipped: maximum number of running instances reached (1)
2026-09-05 18:00:20,297 WARNING:apscheduler.scheduler:Execution of job "send_due_reminders (trigger: interval[0:00:01], next run at: 2026-09-05 18:00:20 UTC)" skipped: maximum number of running instances reached (1)
2026-09-05 18:00:21,297 WARNING:apscheduler.scheduler:Execution of job "send_due_reminders (trigger: interval[0:00:01], next run at: 2026-09-05 18:00:21 UTC)" skipped: maximum number of running instances reached (1)
2026-09-05 18:00:22,297 WARNING:apscheduler.scheduler:Execution of job "send_due_reminders (trigger: interval[0:00:01], next run at: 2026-09-05 18:00:22 UTC)" skipped: maximum number of running instances reached (1)
2026-09-05 20:20:43,826 WARNING:discord.gateway:Can't keep up, shard ID None websocket is 14.7s behind.
2026-09-05 22:37:08,073 ERROR:discord.client:Attempting a reconnect in 0.61s
Traceback (most recent call last):
  File "/projects/sp4rk/.venv/lib/python3.12/site-packages/aiohttp/connector.py", line 1561, in _create_direct_connection
    hosts = await self._resolve_host(host, port, traces=traces)
            ^^^^^^^^^^^^^^^^^^^^^^^^^^^^^^^^^^^^^^^^^^^^^^^^^^^
  File "/projects/sp4rk/.venv/lib/python3.12/site-packages/aiohttp/connector.py", line 1171, in _resolve_host
    return await asyncio.shield(resolved_host_task)
           ^^^^^^^^^^^^^^^^^^^^^^^^^^^^^^^^^^^^^^^^
  File "/projects/sp4rk/.venv/lib/python3.12/site-packages/aiohttp/connector.py", line 1202, in _resolve_host_with_throttle
    addrs = await self._resolver.resolve(host, port, family=self._family)
            ^^^^^^^^^^^^^^^^^^^^^^^^^^^^^^^^^^^^^^^^^^^^^^^^^^^^^^^^^^^^^
  File "/projects/sp4rk/.venv/lib/python3.12/site-packages/aiohttp/resolver.py", line 40, in resolve
    infos = await self._loop.getaddrinfo(
            ^^^^^^^^^^^^^^^^^^^^^^^^^^^^^
  File "/usr/lib/python3.12/asyncio/base_events.py", line 901, in getaddrinfo
    return await self.run_in_executor(
           ^^^^^^^^^^^^^^^^^^^^^^^^^^^
  File "/usr/lib/python3.12/concurrent/futures/thread.py", line 58, in run
    result = self.fn(*self.args, **self.kwargs)
             ^^^^^^^^^^^^^^^^^^^^^^^^^^^^^^^^^^
  File "/usr/lib/python3.12/socket.py", line 963, in getaddrinfo
    for res in _socket.getaddrinfo(host, port, family, type, proto, flags):
               ^^^^^^^^^^^^^^^^^^^^^^^^^^^^^^^^^^^^^^^^^^^^^^^^^^^^^^^^^^^
socket.gaierror: [Errno -3] Temporary failure in name resolution

The above exception was the direct cause of the following exception:

Traceback (most recent call last):
  File "/projects/sp4rk/.venv/lib/python3.12/site-packages/discord/client.py", line 664, in connect
    self.ws = await asyncio.wait_for(coro, timeout=60.0)
              ^^^^^^^^^^^^^^^^^^^^^^^^^^^^^^^^^^^^^^^^^^
  File "/usr/lib/python3.12/asyncio/tasks.py", line 520, in wait_for
    return await fut
           ^^^^^^^^^
  File "/projects/sp4rk/.venv/lib/python3.12/site-packages/discord/gateway.py", line 374, in from_client
    socket = await client.http.ws_connect(str(url))
             ^^^^^^^^^^^^^^^^^^^^^^^^^^^^^^^^^^^^^^
  File "/projects/sp4rk/.venv/lib/python3.12/site-packages/discord/http.py", line 550, in ws_connect
    return await self.__session.ws_connect(url, **kwargs)
           ^^^^^^^^^^^^^^^^^^^^^^^^^^^^^^^^^^^^^^^^^^^^^^
  File "/projects/sp4rk/.venv/lib/python3.12/site-packages/aiohttp/client.py", line 1244, in _ws_connect
    resp = await self.request(
           ^^^^^^^^^^^^^^^^^^^
  File "/projects/sp4rk/.venv/lib/python3.12/site-packages/aiohttp/client.py", line 856, in _request
    resp = await handler(req)
           ^^^^^^^^^^^^^^^^^^
  File "/projects/sp4rk/.venv/lib/python3.12/site-packages/aiohttp/client.py", line 810, in _connect_and_send_request
    conn = await self._connector.connect(
           ^^^^^^^^^^^^^^^^^^^^^^^^^^^^^^
  File "/projects/sp4rk/.venv/lib/python3.12/site-packages/aiohttp/connector.py", line 655, in connect
    proto = await self._create_connection(req, traces, timeout)
            ^^^^^^^^^^^^^^^^^^^^^^^^^^^^^^^^^^^^^^^^^^^^^^^^^^^
  File "/projects/sp4rk/.venv/lib/python3.12/site-packages/aiohttp/connector.py", line 1232, in _create_connection
    _, proto = await self._create_direct_connection(req, traces, timeout)
               ^^^^^^^^^^^^^^^^^^^^^^^^^^^^^^^^^^^^^^^^^^^^^^^^^^^^^^^^^^
  File "/projects/sp4rk/.venv/lib/python3.12/site-packages/aiohttp/connector.py", line 1567, in _create_direct_connection
    raise ClientConnectorDNSError(req.connection_key, exc) from exc
aiohttp.client_exceptions.ClientConnectorDNSError: Cannot connect to host gateway-us-east1-c.discord.gg:443 ssl:default [Temporary failure in name resolution]
2026-09-05 22:37:28,717 ERROR:discord.client:Attempting a reconnect in 1.40s
Traceback (most recent call last):
  File "/projects/sp4rk/.venv/lib/python3.12/site-packages/aiohttp/connector.py", line 1561, in _create_direct_connection
    hosts = await self._resolve_host(host, port, traces=traces)
            ^^^^^^^^^^^^^^^^^^^^^^^^^^^^^^^^^^^^^^^^^^^^^^^^^^^
  File "/projects/sp4rk/.venv/lib/python3.12/site-packages/aiohttp/connector.py", line 1171, in _resolve_host
    return await asyncio.shield(resolved_host_task)
           ^^^^^^^^^^^^^^^^^^^^^^^^^^^^^^^^^^^^^^^^
  File "/projects/sp4rk/.venv/lib/python3.12/site-packages/aiohttp/connector.py", line 1202, in _resolve_host_with_throttle
    addrs = await self._resolver.resolve(host, port, family=self._family)
            ^^^^^^^^^^^^^^^^^^^^^^^^^^^^^^^^^^^^^^^^^^^^^^^^^^^^^^^^^^^^^
  File "/projects/sp4rk/.venv/lib/python3.12/site-packages/aiohttp/resolver.py", line 40, in resolve
    infos = await self._loop.getaddrinfo(
            ^^^^^^^^^^^^^^^^^^^^^^^^^^^^^
  File "/usr/lib/python3.12/asyncio/base_events.py", line 901, in getaddrinfo
    return await self.run_in_executor(
           ^^^^^^^^^^^^^^^^^^^^^^^^^^^
  File "/usr/lib/python3.12/concurrent/futures/thread.py", line 58, in run
    result = self.fn(*self.args, **self.kwargs)
             ^^^^^^^^^^^^^^^^^^^^^^^^^^^^^^^^^^
  File "/usr/lib/python3.12/socket.py", line 963, in getaddrinfo
    for res in _socket.getaddrinfo(host, port, family, type, proto, flags):
               ^^^^^^^^^^^^^^^^^^^^^^^^^^^^^^^^^^^^^^^^^^^^^^^^^^^^^^^^^^^
socket.gaierror: [Errno -3] Temporary failure in name resolution

The above exception was the direct cause of the following exception:

Traceback (most recent call last):
  File "/projects/sp4rk/.venv/lib/python3.12/site-packages/discord/client.py", line 664, in connect
    self.ws = await asyncio.wait_for(coro, timeout=60.0)
              ^^^^^^^^^^^^^^^^^^^^^^^^^^^^^^^^^^^^^^^^^^
  File "/usr/lib/python3.12/asyncio/tasks.py", line 520, in wait_for
    return await fut
           ^^^^^^^^^
  File "/projects/sp4rk/.venv/lib/python3.12/site-packages/discord/gateway.py", line 374, in from_client
    socket = await client.http.ws_connect(str(url))
             ^^^^^^^^^^^^^^^^^^^^^^^^^^^^^^^^^^^^^^
  File "/projects/sp4rk/.venv/lib/python3.12/site-packages/discord/http.py", line 550, in ws_connect
    return await self.__session.ws_connect(url, **kwargs)
           ^^^^^^^^^^^^^^^^^^^^^^^^^^^^^^^^^^^^^^^^^^^^^^
  File "/projects/sp4rk/.venv/lib/python3.12/site-packages/aiohttp/client.py", line 1244, in _ws_connect
    resp = await self.request(
           ^^^^^^^^^^^^^^^^^^^
  File "/projects/sp4rk/.venv/lib/python3.12/site-packages/aiohttp/client.py", line 856, in _request
    resp = await handler(req)
           ^^^^^^^^^^^^^^^^^^
  File "/projects/sp4rk/.venv/lib/python3.12/site-packages/aiohttp/client.py", line 810, in _connect_and_send_request
    conn = await self._connector.connect(
           ^^^^^^^^^^^^^^^^^^^^^^^^^^^^^^
  File "/projects/sp4rk/.venv/lib/python3.12/site-packages/aiohttp/connector.py", line 655, in connect
    proto = await self._create_connection(req, traces, timeout)
            ^^^^^^^^^^^^^^^^^^^^^^^^^^^^^^^^^^^^^^^^^^^^^^^^^^^
  File "/projects/sp4rk/.venv/lib/python3.12/site-packages/aiohttp/connector.py", line 1232, in _create_connection
    _, proto = await self._create_direct_connection(req, traces, timeout)
               ^^^^^^^^^^^^^^^^^^^^^^^^^^^^^^^^^^^^^^^^^^^^^^^^^^^^^^^^^^
  File "/projects/sp4rk/.venv/lib/python3.12/site-packages/aiohttp/connector.py", line 1567, in _create_direct_connection
    raise ClientConnectorDNSError(req.connection_key, exc) from exc
aiohttp.client_exceptions.ClientConnectorDNSError: Cannot connect to host gateway-us-east1-c.discord.gg:443 ssl:default [Temporary failure in name resolution]
2026-09-06 00:22:39,655 WARNING:discord.gateway:Can't keep up, shard ID None websocket is 14.9s behind.
2026-09-06 02:40:10,021 WARNING:discord.gateway:Can't keep up, shard ID None websocket is 15.0s behind.
2026-09-06 07:59:25,320 WARNING:discord.gateway:Can't keep up, shard ID None websocket is 14.5s behind.
2026-09-06 09:16:37,894 WARNING:discord.gateway:Can't keep up, shard ID None websocket is 14.8s behind.
2026-09-06 18:00:01,297 WARNING:apscheduler.scheduler:Execution of job "send_due_reminders (trigger: interval[0:00:01], next run at: 2026-09-06 18:00:01 UTC)" skipped: maximum number of running instances reached (1)
2026-09-06 18:00:01,323 WARNING:SP4RK.reminders:DM closed for user 591297089686863872
2026-09-06 18:00:02,297 WARNING:apscheduler.scheduler:Execution of job "send_due_reminders (trigger: interval[0:00:01], next run at: 2026-09-06 18:00:02 UTC)" skipped: maximum number of running instances reached (1)
2026-09-06 18:00:03,297 WARNING:apscheduler.scheduler:Execution of job "send_due_reminders (trigger: interval[0:00:01], next run at: 2026-09-06 18:00:03 UTC)" skipped: maximum number of running instances reached (1)
2026-09-06 18:00:04,297 WARNING:apscheduler.scheduler:Execution of job "send_due_reminders (trigger: interval[0:00:01], next run at: 2026-09-06 18:00:04 UTC)" skipped: maximum number of running instances reached (1)
2026-09-06 18:00:05,296 WARNING:apscheduler.scheduler:Execution of job "send_due_reminders (trigger: interval[0:00:01], next run at: 2026-09-06 18:00:05 UTC)" skipped: maximum number of running instances reached (1)
2026-09-06 18:00:06,296 WARNING:apscheduler.scheduler:Execution of job "send_due_reminders (trigger: interval[0:00:01], next run at: 2026-09-06 18:00:06 UTC)" skipped: maximum number of running instances reached (1)
2026-09-06 18:00:07,297 WARNING:apscheduler.scheduler:Execution of job "send_due_reminders (trigger: interval[0:00:01], next run at: 2026-09-06 18:00:07 UTC)" skipped: maximum number of running instances reached (1)
2026-09-06 18:00:08,296 WARNING:apscheduler.scheduler:Execution of job "send_due_reminders (trigger: interval[0:00:01], next run at: 2026-09-06 18:00:08 UTC)" skipped: maximum number of running instances reached (1)
2026-09-06 18:00:09,297 WARNING:apscheduler.scheduler:Execution of job "send_due_reminders (trigger: interval[0:00:01], next run at: 2026-09-06 18:00:09 UTC)" skipped: maximum number of running instances reached (1)
2026-09-06 18:00:10,297 WARNING:apscheduler.scheduler:Execution of job "send_due_reminders (trigger: interval[0:00:01], next run at: 2026-09-06 18:00:10 UTC)" skipped: maximum number of running instances reached (1)
2026-09-06 18:00:11,297 WARNING:apscheduler.scheduler:Execution of job "send_due_reminders (trigger: interval[0:00:01], next run at: 2026-09-06 18:00:11 UTC)" skipped: maximum number of running instances reached (1)
2026-09-06 18:00:12,298 WARNING:apscheduler.scheduler:Execution of job "send_due_reminders (trigger: interval[0:00:01], next run at: 2026-09-06 18:00:12 UTC)" skipped: maximum number of running instances reached (1)
2026-09-06 18:00:13,297 WARNING:apscheduler.scheduler:Execution of job "send_due_reminders (trigger: interval[0:00:01], next run at: 2026-09-06 18:00:13 UTC)" skipped: maximum number of running instances reached (1)
2026-09-06 18:00:14,296 WARNING:apscheduler.scheduler:Execution of job "send_due_reminders (trigger: interval[0:00:01], next run at: 2026-09-06 18:00:14 UTC)" skipped: maximum number of running instances reached (1)
2026-09-06 18:00:15,297 WARNING:apscheduler.scheduler:Execution of job "send_due_reminders (trigger: interval[0:00:01], next run at: 2026-09-06 18:00:15 UTC)" skipped: maximum number of running instances reached (1)
2026-09-06 20:50:01,296 WARNING:apscheduler.scheduler:Execution of job "send_due_reminders (trigger: interval[0:00:01], next run at: 2026-09-06 20:50:01 UTC)" skipped: maximum number of running instances reached (1)
2026-09-06 20:50:02,297 WARNING:apscheduler.scheduler:Execution of job "send_due_reminders (trigger: interval[0:00:01], next run at: 2026-09-06 20:50:02 UTC)" skipped: maximum number of running instances reached (1)
2026-09-06 20:50:02,649 WARNING:SP4RK.reminders:DM closed for user 591297089686863872
2026-09-06 20:50:03,296 WARNING:apscheduler.scheduler:Execution of job "send_due_reminders (trigger: interval[0:00:01], next run at: 2026-09-06 20:50:03 UTC)" skipped: maximum number of running instances reached (1)
2026-09-06 20:50:04,296 WARNING:apscheduler.scheduler:Execution of job "send_due_reminders (trigger: interval[0:00:01], next run at: 2026-09-06 20:50:04 UTC)" skipped: maximum number of running instances reached (1)
2026-09-06 20:50:05,298 WARNING:apscheduler.scheduler:Execution of job "send_due_reminders (trigger: interval[0:00:01], next run at: 2026-09-06 20:50:05 UTC)" skipped: maximum number of running instances reached (1)
2026-09-06 20:50:06,297 WARNING:apscheduler.scheduler:Execution of job "send_due_reminders (trigger: interval[0:00:01], next run at: 2026-09-06 20:50:06 UTC)" skipped: maximum number of running instances reached (1)
2026-09-06 20:50:07,296 WARNING:apscheduler.scheduler:Execution of job "send_due_reminders (trigger: interval[0:00:01], next run at: 2026-09-06 20:50:07 UTC)" skipped: maximum number of running instances reached (1)
2026-09-06 20:50:08,297 WARNING:apscheduler.scheduler:Execution of job "send_due_reminders (trigger: interval[0:00:01], next run at: 2026-09-06 20:50:08 UTC)" skipped: maximum number of running instances reached (1)
2026-09-07 02:09:35,383 ERROR:discord.client:Attempting a reconnect in 0.68s
Traceback (most recent call last):
  File "/projects/sp4rk/.venv/lib/python3.12/site-packages/aiohttp/connector.py", line 1561, in _create_direct_connection
    hosts = await self._resolve_host(host, port, traces=traces)
            ^^^^^^^^^^^^^^^^^^^^^^^^^^^^^^^^^^^^^^^^^^^^^^^^^^^
  File "/projects/sp4rk/.venv/lib/python3.12/site-packages/aiohttp/connector.py", line 1171, in _resolve_host
    return await asyncio.shield(resolved_host_task)
           ^^^^^^^^^^^^^^^^^^^^^^^^^^^^^^^^^^^^^^^^
  File "/projects/sp4rk/.venv/lib/python3.12/site-packages/aiohttp/connector.py", line 1202, in _resolve_host_with_throttle
    addrs = await self._resolver.resolve(host, port, family=self._family)
            ^^^^^^^^^^^^^^^^^^^^^^^^^^^^^^^^^^^^^^^^^^^^^^^^^^^^^^^^^^^^^
  File "/projects/sp4rk/.venv/lib/python3.12/site-packages/aiohttp/resolver.py", line 40, in resolve
    infos = await self._loop.getaddrinfo(
            ^^^^^^^^^^^^^^^^^^^^^^^^^^^^^
  File "/usr/lib/python3.12/asyncio/base_events.py", line 901, in getaddrinfo
    return await self.run_in_executor(
           ^^^^^^^^^^^^^^^^^^^^^^^^^^^
  File "/usr/lib/python3.12/concurrent/futures/thread.py", line 58, in run
    result = self.fn(*self.args, **self.kwargs)
             ^^^^^^^^^^^^^^^^^^^^^^^^^^^^^^^^^^
  File "/usr/lib/python3.12/socket.py", line 963, in getaddrinfo
    for res in _socket.getaddrinfo(host, port, family, type, proto, flags):
               ^^^^^^^^^^^^^^^^^^^^^^^^^^^^^^^^^^^^^^^^^^^^^^^^^^^^^^^^^^^
socket.gaierror: [Errno -3] Temporary failure in name resolution

The above exception was the direct cause of the following exception:

Traceback (most recent call last):
  File "/projects/sp4rk/.venv/lib/python3.12/site-packages/discord/client.py", line 664, in connect
    self.ws = await asyncio.wait_for(coro, timeout=60.0)
              ^^^^^^^^^^^^^^^^^^^^^^^^^^^^^^^^^^^^^^^^^^
  File "/usr/lib/python3.12/asyncio/tasks.py", line 520, in wait_for
    return await fut
           ^^^^^^^^^
  File "/projects/sp4rk/.venv/lib/python3.12/site-packages/discord/gateway.py", line 374, in from_client
    socket = await client.http.ws_connect(str(url))
             ^^^^^^^^^^^^^^^^^^^^^^^^^^^^^^^^^^^^^^
  File "/projects/sp4rk/.venv/lib/python3.12/site-packages/discord/http.py", line 550, in ws_connect
    return await self.__session.ws_connect(url, **kwargs)
           ^^^^^^^^^^^^^^^^^^^^^^^^^^^^^^^^^^^^^^^^^^^^^^
  File "/projects/sp4rk/.venv/lib/python3.12/site-packages/aiohttp/client.py", line 1244, in _ws_connect
    resp = await self.request(
           ^^^^^^^^^^^^^^^^^^^
  File "/projects/sp4rk/.venv/lib/python3.12/site-packages/aiohttp/client.py", line 856, in _request
    resp = await handler(req)
           ^^^^^^^^^^^^^^^^^^
  File "/projects/sp4rk/.venv/lib/python3.12/site-packages/aiohttp/client.py", line 810, in _connect_and_send_request
    conn = await self._connector.connect(
           ^^^^^^^^^^^^^^^^^^^^^^^^^^^^^^
  File "/projects/sp4rk/.venv/lib/python3.12/site-packages/aiohttp/connector.py", line 655, in connect
    proto = await self._create_connection(req, traces, timeout)
            ^^^^^^^^^^^^^^^^^^^^^^^^^^^^^^^^^^^^^^^^^^^^^^^^^^^
  File "/projects/sp4rk/.venv/lib/python3.12/site-packages/aiohttp/connector.py", line 1232, in _create_connection
    _, proto = await self._create_direct_connection(req, traces, timeout)
               ^^^^^^^^^^^^^^^^^^^^^^^^^^^^^^^^^^^^^^^^^^^^^^^^^^^^^^^^^^
  File "/projects/sp4rk/.venv/lib/python3.12/site-packages/aiohttp/connector.py", line 1567, in _create_direct_connection
    raise ClientConnectorDNSError(req.connection_key, exc) from exc
aiohttp.client_exceptions.ClientConnectorDNSError: Cannot connect to host gateway-us-east1-c.discord.gg:443 ssl:default [Temporary failure in name resolution]
2026-09-07 02:09:56,098 ERROR:discord.client:Attempting a reconnect in 0.79s
Traceback (most recent call last):
  File "/projects/sp4rk/.venv/lib/python3.12/site-packages/aiohttp/connector.py", line 1561, in _create_direct_connection
    hosts = await self._resolve_host(host, port, traces=traces)
            ^^^^^^^^^^^^^^^^^^^^^^^^^^^^^^^^^^^^^^^^^^^^^^^^^^^
  File "/projects/sp4rk/.venv/lib/python3.12/site-packages/aiohttp/connector.py", line 1171, in _resolve_host
    return await asyncio.shield(resolved_host_task)
           ^^^^^^^^^^^^^^^^^^^^^^^^^^^^^^^^^^^^^^^^
  File "/projects/sp4rk/.venv/lib/python3.12/site-packages/aiohttp/connector.py", line 1202, in _resolve_host_with_throttle
    addrs = await self._resolver.resolve(host, port, family=self._family)
            ^^^^^^^^^^^^^^^^^^^^^^^^^^^^^^^^^^^^^^^^^^^^^^^^^^^^^^^^^^^^^
  File "/projects/sp4rk/.venv/lib/python3.12/site-packages/aiohttp/resolver.py", line 40, in resolve
    infos = await self._loop.getaddrinfo(
            ^^^^^^^^^^^^^^^^^^^^^^^^^^^^^
  File "/usr/lib/python3.12/asyncio/base_events.py", line 901, in getaddrinfo
    return await self.run_in_executor(
           ^^^^^^^^^^^^^^^^^^^^^^^^^^^
  File "/usr/lib/python3.12/concurrent/futures/thread.py", line 58, in run
    result = self.fn(*self.args, **self.kwargs)
             ^^^^^^^^^^^^^^^^^^^^^^^^^^^^^^^^^^
  File "/usr/lib/python3.12/socket.py", line 963, in getaddrinfo
    for res in _socket.getaddrinfo(host, port, family, type, proto, flags):
               ^^^^^^^^^^^^^^^^^^^^^^^^^^^^^^^^^^^^^^^^^^^^^^^^^^^^^^^^^^^
socket.gaierror: [Errno -3] Temporary failure in name resolution

The above exception was the direct cause of the following exception:

Traceback (most recent call last):
  File "/projects/sp4rk/.venv/lib/python3.12/site-packages/discord/client.py", line 664, in connect
    self.ws = await asyncio.wait_for(coro, timeout=60.0)
              ^^^^^^^^^^^^^^^^^^^^^^^^^^^^^^^^^^^^^^^^^^
  File "/usr/lib/python3.12/asyncio/tasks.py", line 520, in wait_for
    return await fut
           ^^^^^^^^^
  File "/projects/sp4rk/.venv/lib/python3.12/site-packages/discord/gateway.py", line 374, in from_client
    socket = await client.http.ws_connect(str(url))
             ^^^^^^^^^^^^^^^^^^^^^^^^^^^^^^^^^^^^^^
  File "/projects/sp4rk/.venv/lib/python3.12/site-packages/discord/http.py", line 550, in ws_connect
    return await self.__session.ws_connect(url, **kwargs)
           ^^^^^^^^^^^^^^^^^^^^^^^^^^^^^^^^^^^^^^^^^^^^^^
  File "/projects/sp4rk/.venv/lib/python3.12/site-packages/aiohttp/client.py", line 1244, in _ws_connect
    resp = await self.request(
           ^^^^^^^^^^^^^^^^^^^
  File "/projects/sp4rk/.venv/lib/python3.12/site-packages/aiohttp/client.py", line 856, in _request
    resp = await handler(req)
           ^^^^^^^^^^^^^^^^^^
  File "/projects/sp4rk/.venv/lib/python3.12/site-packages/aiohttp/client.py", line 810, in _connect_and_send_request
    conn = await self._connector.connect(
           ^^^^^^^^^^^^^^^^^^^^^^^^^^^^^^
  File "/projects/sp4rk/.venv/lib/python3.12/site-packages/aiohttp/connector.py", line 655, in connect
    proto = await self._create_connection(req, traces, timeout)
            ^^^^^^^^^^^^^^^^^^^^^^^^^^^^^^^^^^^^^^^^^^^^^^^^^^^
  File "/projects/sp4rk/.venv/lib/python3.12/site-packages/aiohttp/connector.py", line 1232, in _create_connection
    _, proto = await self._create_direct_connection(req, traces, timeout)
               ^^^^^^^^^^^^^^^^^^^^^^^^^^^^^^^^^^^^^^^^^^^^^^^^^^^^^^^^^^
  File "/projects/sp4rk/.venv/lib/python3.12/site-packages/aiohttp/connector.py", line 1567, in _create_direct_connection
    raise ClientConnectorDNSError(req.connection_key, exc) from exc
aiohttp.client_exceptions.ClientConnectorDNSError: Cannot connect to host gateway-us-east1-c.discord.gg:443 ssl:default [Temporary failure in name resolution]
2026-09-07 02:10:16,914 ERROR:discord.client:Attempting a reconnect in 1.32s
Traceback (most recent call last):
  File "/projects/sp4rk/.venv/lib/python3.12/site-packages/aiohttp/connector.py", line 1561, in _create_direct_connection
    hosts = await self._resolve_host(host, port, traces=traces)
            ^^^^^^^^^^^^^^^^^^^^^^^^^^^^^^^^^^^^^^^^^^^^^^^^^^^
  File "/projects/sp4rk/.venv/lib/python3.12/site-packages/aiohttp/connector.py", line 1171, in _resolve_host
    return await asyncio.shield(resolved_host_task)
           ^^^^^^^^^^^^^^^^^^^^^^^^^^^^^^^^^^^^^^^^
  File "/projects/sp4rk/.venv/lib/python3.12/site-packages/aiohttp/connector.py", line 1202, in _resolve_host_with_throttle
    addrs = await self._resolver.resolve(host, port, family=self._family)
            ^^^^^^^^^^^^^^^^^^^^^^^^^^^^^^^^^^^^^^^^^^^^^^^^^^^^^^^^^^^^^
  File "/projects/sp4rk/.venv/lib/python3.12/site-packages/aiohttp/resolver.py", line 40, in resolve
    infos = await self._loop.getaddrinfo(
            ^^^^^^^^^^^^^^^^^^^^^^^^^^^^^
  File "/usr/lib/python3.12/asyncio/base_events.py", line 901, in getaddrinfo
    return await self.run_in_executor(
           ^^^^^^^^^^^^^^^^^^^^^^^^^^^
  File "/usr/lib/python3.12/concurrent/futures/thread.py", line 58, in run
    result = self.fn(*self.args, **self.kwargs)
             ^^^^^^^^^^^^^^^^^^^^^^^^^^^^^^^^^^
  File "/usr/lib/python3.12/socket.py", line 963, in getaddrinfo
    for res in _socket.getaddrinfo(host, port, family, type, proto, flags):
               ^^^^^^^^^^^^^^^^^^^^^^^^^^^^^^^^^^^^^^^^^^^^^^^^^^^^^^^^^^^
socket.gaierror: [Errno -3] Temporary failure in name resolution

The above exception was the direct cause of the following exception:

Traceback (most recent call last):
  File "/projects/sp4rk/.venv/lib/python3.12/site-packages/discord/client.py", line 664, in connect
    self.ws = await asyncio.wait_for(coro, timeout=60.0)
              ^^^^^^^^^^^^^^^^^^^^^^^^^^^^^^^^^^^^^^^^^^
  File "/usr/lib/python3.12/asyncio/tasks.py", line 520, in wait_for
    return await fut
           ^^^^^^^^^
  File "/projects/sp4rk/.venv/lib/python3.12/site-packages/discord/gateway.py", line 374, in from_client
    socket = await client.http.ws_connect(str(url))
             ^^^^^^^^^^^^^^^^^^^^^^^^^^^^^^^^^^^^^^
  File "/projects/sp4rk/.venv/lib/python3.12/site-packages/discord/http.py", line 550, in ws_connect
    return await self.__session.ws_connect(url, **kwargs)
           ^^^^^^^^^^^^^^^^^^^^^^^^^^^^^^^^^^^^^^^^^^^^^^
  File "/projects/sp4rk/.venv/lib/python3.12/site-packages/aiohttp/client.py", line 1244, in _ws_connect
    resp = await self.request(
           ^^^^^^^^^^^^^^^^^^^
  File "/projects/sp4rk/.venv/lib/python3.12/site-packages/aiohttp/client.py", line 856, in _request
    resp = await handler(req)
           ^^^^^^^^^^^^^^^^^^
  File "/projects/sp4rk/.venv/lib/python3.12/site-packages/aiohttp/client.py", line 810, in _connect_and_send_request
    conn = await self._connector.connect(
           ^^^^^^^^^^^^^^^^^^^^^^^^^^^^^^
  File "/projects/sp4rk/.venv/lib/python3.12/site-packages/aiohttp/connector.py", line 655, in connect
    proto = await self._create_connection(req, traces, timeout)
            ^^^^^^^^^^^^^^^^^^^^^^^^^^^^^^^^^^^^^^^^^^^^^^^^^^^
  File "/projects/sp4rk/.venv/lib/python3.12/site-packages/aiohttp/connector.py", line 1232, in _create_connection
    _, proto = await self._create_direct_connection(req, traces, timeout)
               ^^^^^^^^^^^^^^^^^^^^^^^^^^^^^^^^^^^^^^^^^^^^^^^^^^^^^^^^^^
  File "/projects/sp4rk/.venv/lib/python3.12/site-packages/aiohttp/connector.py", line 1567, in _create_direct_connection
    raise ClientConnectorDNSError(req.connection_key, exc) from exc
aiohttp.client_exceptions.ClientConnectorDNSError: Cannot connect to host gateway-us-east1-c.discord.gg:443 ssl:default [Temporary failure in name resolution]
2026-09-07 02:10:38,262 ERROR:discord.client:Attempting a reconnect in 14.79s
Traceback (most recent call last):
  File "/projects/sp4rk/.venv/lib/python3.12/site-packages/aiohttp/connector.py", line 1561, in _create_direct_connection
    hosts = await self._resolve_host(host, port, traces=traces)
            ^^^^^^^^^^^^^^^^^^^^^^^^^^^^^^^^^^^^^^^^^^^^^^^^^^^
  File "/projects/sp4rk/.venv/lib/python3.12/site-packages/aiohttp/connector.py", line 1171, in _resolve_host
    return await asyncio.shield(resolved_host_task)
           ^^^^^^^^^^^^^^^^^^^^^^^^^^^^^^^^^^^^^^^^
  File "/projects/sp4rk/.venv/lib/python3.12/site-packages/aiohttp/connector.py", line 1202, in _resolve_host_with_throttle
    addrs = await self._resolver.resolve(host, port, family=self._family)
            ^^^^^^^^^^^^^^^^^^^^^^^^^^^^^^^^^^^^^^^^^^^^^^^^^^^^^^^^^^^^^
  File "/projects/sp4rk/.venv/lib/python3.12/site-packages/aiohttp/resolver.py", line 40, in resolve
    infos = await self._loop.getaddrinfo(
            ^^^^^^^^^^^^^^^^^^^^^^^^^^^^^
  File "/usr/lib/python3.12/asyncio/base_events.py", line 901, in getaddrinfo
    return await self.run_in_executor(
           ^^^^^^^^^^^^^^^^^^^^^^^^^^^
  File "/usr/lib/python3.12/concurrent/futures/thread.py", line 58, in run
    result = self.fn(*self.args, **self.kwargs)
             ^^^^^^^^^^^^^^^^^^^^^^^^^^^^^^^^^^
  File "/usr/lib/python3.12/socket.py", line 963, in getaddrinfo
    for res in _socket.getaddrinfo(host, port, family, type, proto, flags):
               ^^^^^^^^^^^^^^^^^^^^^^^^^^^^^^^^^^^^^^^^^^^^^^^^^^^^^^^^^^^
socket.gaierror: [Errno -3] Temporary failure in name resolution

The above exception was the direct cause of the following exception:

Traceback (most recent call last):
  File "/projects/sp4rk/.venv/lib/python3.12/site-packages/discord/client.py", line 664, in connect
    self.ws = await asyncio.wait_for(coro, timeout=60.0)
              ^^^^^^^^^^^^^^^^^^^^^^^^^^^^^^^^^^^^^^^^^^
  File "/usr/lib/python3.12/asyncio/tasks.py", line 520, in wait_for
    return await fut
           ^^^^^^^^^
  File "/projects/sp4rk/.venv/lib/python3.12/site-packages/discord/gateway.py", line 374, in from_client
    socket = await client.http.ws_connect(str(url))
             ^^^^^^^^^^^^^^^^^^^^^^^^^^^^^^^^^^^^^^
  File "/projects/sp4rk/.venv/lib/python3.12/site-packages/discord/http.py", line 550, in ws_connect
    return await self.__session.ws_connect(url, **kwargs)
           ^^^^^^^^^^^^^^^^^^^^^^^^^^^^^^^^^^^^^^^^^^^^^^
  File "/projects/sp4rk/.venv/lib/python3.12/site-packages/aiohttp/client.py", line 1244, in _ws_connect
    resp = await self.request(
           ^^^^^^^^^^^^^^^^^^^
  File "/projects/sp4rk/.venv/lib/python3.12/site-packages/aiohttp/client.py", line 856, in _request
    resp = await handler(req)
           ^^^^^^^^^^^^^^^^^^
  File "/projects/sp4rk/.venv/lib/python3.12/site-packages/aiohttp/client.py", line 810, in _connect_and_send_request
    conn = await self._connector.connect(
           ^^^^^^^^^^^^^^^^^^^^^^^^^^^^^^
  File "/projects/sp4rk/.venv/lib/python3.12/site-packages/aiohttp/connector.py", line 655, in connect
    proto = await self._create_connection(req, traces, timeout)
            ^^^^^^^^^^^^^^^^^^^^^^^^^^^^^^^^^^^^^^^^^^^^^^^^^^^
  File "/projects/sp4rk/.venv/lib/python3.12/site-packages/aiohttp/connector.py", line 1232, in _create_connection
    _, proto = await self._create_direct_connection(req, traces, timeout)
               ^^^^^^^^^^^^^^^^^^^^^^^^^^^^^^^^^^^^^^^^^^^^^^^^^^^^^^^^^^
  File "/projects/sp4rk/.venv/lib/python3.12/site-packages/aiohttp/connector.py", line 1567, in _create_direct_connection
    raise ClientConnectorDNSError(req.connection_key, exc) from exc
aiohttp.client_exceptions.ClientConnectorDNSError: Cannot connect to host gateway-us-east1-c.discord.gg:443 ssl:default [Temporary failure in name resolution]
2026-09-07 03:14:47,347 ERROR:discord.client:Attempting a reconnect in 1.43s
Traceback (most recent call last):
  File "/projects/sp4rk/.venv/lib/python3.12/site-packages/aiohttp/connector.py", line 1561, in _create_direct_connection
    hosts = await self._resolve_host(host, port, traces=traces)
            ^^^^^^^^^^^^^^^^^^^^^^^^^^^^^^^^^^^^^^^^^^^^^^^^^^^
  File "/projects/sp4rk/.venv/lib/python3.12/site-packages/aiohttp/connector.py", line 1171, in _resolve_host
    return await asyncio.shield(resolved_host_task)
           ^^^^^^^^^^^^^^^^^^^^^^^^^^^^^^^^^^^^^^^^
  File "/projects/sp4rk/.venv/lib/python3.12/site-packages/aiohttp/connector.py", line 1202, in _resolve_host_with_throttle
    addrs = await self._resolver.resolve(host, port, family=self._family)
            ^^^^^^^^^^^^^^^^^^^^^^^^^^^^^^^^^^^^^^^^^^^^^^^^^^^^^^^^^^^^^
  File "/projects/sp4rk/.venv/lib/python3.12/site-packages/aiohttp/resolver.py", line 40, in resolve
    infos = await self._loop.getaddrinfo(
            ^^^^^^^^^^^^^^^^^^^^^^^^^^^^^
  File "/usr/lib/python3.12/asyncio/base_events.py", line 901, in getaddrinfo
    return await self.run_in_executor(
           ^^^^^^^^^^^^^^^^^^^^^^^^^^^
  File "/usr/lib/python3.12/concurrent/futures/thread.py", line 58, in run
    result = self.fn(*self.args, **self.kwargs)
             ^^^^^^^^^^^^^^^^^^^^^^^^^^^^^^^^^^
  File "/usr/lib/python3.12/socket.py", line 963, in getaddrinfo
    for res in _socket.getaddrinfo(host, port, family, type, proto, flags):
               ^^^^^^^^^^^^^^^^^^^^^^^^^^^^^^^^^^^^^^^^^^^^^^^^^^^^^^^^^^^
socket.gaierror: [Errno -3] Temporary failure in name resolution

The above exception was the direct cause of the following exception:

Traceback (most recent call last):
  File "/projects/sp4rk/.venv/lib/python3.12/site-packages/discord/client.py", line 664, in connect
    self.ws = await asyncio.wait_for(coro, timeout=60.0)
              ^^^^^^^^^^^^^^^^^^^^^^^^^^^^^^^^^^^^^^^^^^
  File "/usr/lib/python3.12/asyncio/tasks.py", line 520, in wait_for
    return await fut
           ^^^^^^^^^
  File "/projects/sp4rk/.venv/lib/python3.12/site-packages/discord/gateway.py", line 374, in from_client
    socket = await client.http.ws_connect(str(url))
             ^^^^^^^^^^^^^^^^^^^^^^^^^^^^^^^^^^^^^^
  File "/projects/sp4rk/.venv/lib/python3.12/site-packages/discord/http.py", line 550, in ws_connect
    return await self.__session.ws_connect(url, **kwargs)
           ^^^^^^^^^^^^^^^^^^^^^^^^^^^^^^^^^^^^^^^^^^^^^^
  File "/projects/sp4rk/.venv/lib/python3.12/site-packages/aiohttp/client.py", line 1244, in _ws_connect
    resp = await self.request(
           ^^^^^^^^^^^^^^^^^^^
  File "/projects/sp4rk/.venv/lib/python3.12/site-packages/aiohttp/client.py", line 856, in _request
    resp = await handler(req)
           ^^^^^^^^^^^^^^^^^^
  File "/projects/sp4rk/.venv/lib/python3.12/site-packages/aiohttp/client.py", line 810, in _connect_and_send_request
    conn = await self._connector.connect(
           ^^^^^^^^^^^^^^^^^^^^^^^^^^^^^^
  File "/projects/sp4rk/.venv/lib/python3.12/site-packages/aiohttp/connector.py", line 655, in connect
    proto = await self._create_connection(req, traces, timeout)
            ^^^^^^^^^^^^^^^^^^^^^^^^^^^^^^^^^^^^^^^^^^^^^^^^^^^
  File "/projects/sp4rk/.venv/lib/python3.12/site-packages/aiohttp/connector.py", line 1232, in _create_connection
    _, proto = await self._create_direct_connection(req, traces, timeout)
               ^^^^^^^^^^^^^^^^^^^^^^^^^^^^^^^^^^^^^^^^^^^^^^^^^^^^^^^^^^
  File "/projects/sp4rk/.venv/lib/python3.12/site-packages/aiohttp/connector.py", line 1567, in _create_direct_connection
    raise ClientConnectorDNSError(req.connection_key, exc) from exc
aiohttp.client_exceptions.ClientConnectorDNSError: Cannot connect to host gateway-us-east1-c.discord.gg:443 ssl:default [Temporary failure in name resolution]
2026-09-07 08:52:46,921 WARNING:discord.gateway:Can't keep up, shard ID None websocket is 14.7s behind.
2026-09-07 17:27:39,481 ERROR:discord.client:Attempting a reconnect in 1.74s
Traceback (most recent call last):
  File "/projects/sp4rk/.venv/lib/python3.12/site-packages/aiohttp/connector.py", line 1561, in _create_direct_connection
    hosts = await self._resolve_host(host, port, traces=traces)
            ^^^^^^^^^^^^^^^^^^^^^^^^^^^^^^^^^^^^^^^^^^^^^^^^^^^
  File "/projects/sp4rk/.venv/lib/python3.12/site-packages/aiohttp/connector.py", line 1171, in _resolve_host
    return await asyncio.shield(resolved_host_task)
           ^^^^^^^^^^^^^^^^^^^^^^^^^^^^^^^^^^^^^^^^
  File "/projects/sp4rk/.venv/lib/python3.12/site-packages/aiohttp/connector.py", line 1202, in _resolve_host_with_throttle
    addrs = await self._resolver.resolve(host, port, family=self._family)
            ^^^^^^^^^^^^^^^^^^^^^^^^^^^^^^^^^^^^^^^^^^^^^^^^^^^^^^^^^^^^^
  File "/projects/sp4rk/.venv/lib/python3.12/site-packages/aiohttp/resolver.py", line 40, in resolve
    infos = await self._loop.getaddrinfo(
            ^^^^^^^^^^^^^^^^^^^^^^^^^^^^^
  File "/usr/lib/python3.12/asyncio/base_events.py", line 901, in getaddrinfo
    return await self.run_in_executor(
           ^^^^^^^^^^^^^^^^^^^^^^^^^^^
  File "/usr/lib/python3.12/concurrent/futures/thread.py", line 58, in run
    result = self.fn(*self.args, **self.kwargs)
             ^^^^^^^^^^^^^^^^^^^^^^^^^^^^^^^^^^
  File "/usr/lib/python3.12/socket.py", line 963, in getaddrinfo
    for res in _socket.getaddrinfo(host, port, family, type, proto, flags):
               ^^^^^^^^^^^^^^^^^^^^^^^^^^^^^^^^^^^^^^^^^^^^^^^^^^^^^^^^^^^
socket.gaierror: [Errno -3] Temporary failure in name resolution

The above exception was the direct cause of the following exception:

Traceback (most recent call last):
  File "/projects/sp4rk/.venv/lib/python3.12/site-packages/discord/client.py", line 664, in connect
    self.ws = await asyncio.wait_for(coro, timeout=60.0)
              ^^^^^^^^^^^^^^^^^^^^^^^^^^^^^^^^^^^^^^^^^^
  File "/usr/lib/python3.12/asyncio/tasks.py", line 520, in wait_for
    return await fut
           ^^^^^^^^^
  File "/projects/sp4rk/.venv/lib/python3.12/site-packages/discord/gateway.py", line 374, in from_client
    socket = await client.http.ws_connect(str(url))
             ^^^^^^^^^^^^^^^^^^^^^^^^^^^^^^^^^^^^^^
  File "/projects/sp4rk/.venv/lib/python3.12/site-packages/discord/http.py", line 550, in ws_connect
    return await self.__session.ws_connect(url, **kwargs)
           ^^^^^^^^^^^^^^^^^^^^^^^^^^^^^^^^^^^^^^^^^^^^^^
  File "/projects/sp4rk/.venv/lib/python3.12/site-packages/aiohttp/client.py", line 1244, in _ws_connect
    resp = await self.request(
           ^^^^^^^^^^^^^^^^^^^
  File "/projects/sp4rk/.venv/lib/python3.12/site-packages/aiohttp/client.py", line 856, in _request
    resp = await handler(req)
           ^^^^^^^^^^^^^^^^^^
  File "/projects/sp4rk/.venv/lib/python3.12/site-packages/aiohttp/client.py", line 810, in _connect_and_send_request
    conn = await self._connector.connect(
           ^^^^^^^^^^^^^^^^^^^^^^^^^^^^^^
  File "/projects/sp4rk/.venv/lib/python3.12/site-packages/aiohttp/connector.py", line 655, in connect
    proto = await self._create_connection(req, traces, timeout)
            ^^^^^^^^^^^^^^^^^^^^^^^^^^^^^^^^^^^^^^^^^^^^^^^^^^^
  File "/projects/sp4rk/.venv/lib/python3.12/site-packages/aiohttp/connector.py", line 1232, in _create_connection
    _, proto = await self._create_direct_connection(req, traces, timeout)
               ^^^^^^^^^^^^^^^^^^^^^^^^^^^^^^^^^^^^^^^^^^^^^^^^^^^^^^^^^^
  File "/projects/sp4rk/.venv/lib/python3.12/site-packages/aiohttp/connector.py", line 1567, in _create_direct_connection
    raise ClientConnectorDNSError(req.connection_key, exc) from exc
aiohttp.client_exceptions.ClientConnectorDNSError: Cannot connect to host gateway-us-east1-c.discord.gg:443 ssl:default [Temporary failure in name resolution]
2026-09-07 17:43:42,030 ERROR:discord.client:Attempting a reconnect in 2.62s
Traceback (most recent call last):
  File "/projects/sp4rk/.venv/lib/python3.12/site-packages/aiohttp/connector.py", line 1561, in _create_direct_connection
    hosts = await self._resolve_host(host, port, traces=traces)
            ^^^^^^^^^^^^^^^^^^^^^^^^^^^^^^^^^^^^^^^^^^^^^^^^^^^
  File "/projects/sp4rk/.venv/lib/python3.12/site-packages/aiohttp/connector.py", line 1171, in _resolve_host
    return await asyncio.shield(resolved_host_task)
           ^^^^^^^^^^^^^^^^^^^^^^^^^^^^^^^^^^^^^^^^
  File "/projects/sp4rk/.venv/lib/python3.12/site-packages/aiohttp/connector.py", line 1202, in _resolve_host_with_throttle
    addrs = await self._resolver.resolve(host, port, family=self._family)
            ^^^^^^^^^^^^^^^^^^^^^^^^^^^^^^^^^^^^^^^^^^^^^^^^^^^^^^^^^^^^^
  File "/projects/sp4rk/.venv/lib/python3.12/site-packages/aiohttp/resolver.py", line 40, in resolve
    infos = await self._loop.getaddrinfo(
            ^^^^^^^^^^^^^^^^^^^^^^^^^^^^^
  File "/usr/lib/python3.12/asyncio/base_events.py", line 901, in getaddrinfo
    return await self.run_in_executor(
           ^^^^^^^^^^^^^^^^^^^^^^^^^^^
  File "/usr/lib/python3.12/concurrent/futures/thread.py", line 58, in run
    result = self.fn(*self.args, **self.kwargs)
             ^^^^^^^^^^^^^^^^^^^^^^^^^^^^^^^^^^
  File "/usr/lib/python3.12/socket.py", line 963, in getaddrinfo
    for res in _socket.getaddrinfo(host, port, family, type, proto, flags):
               ^^^^^^^^^^^^^^^^^^^^^^^^^^^^^^^^^^^^^^^^^^^^^^^^^^^^^^^^^^^
socket.gaierror: [Errno -3] Temporary failure in name resolution

The above exception was the direct cause of the following exception:

Traceback (most recent call last):
  File "/projects/sp4rk/.venv/lib/python3.12/site-packages/discord/client.py", line 664, in connect
    self.ws = await asyncio.wait_for(coro, timeout=60.0)
              ^^^^^^^^^^^^^^^^^^^^^^^^^^^^^^^^^^^^^^^^^^
  File "/usr/lib/python3.12/asyncio/tasks.py", line 520, in wait_for
    return await fut
           ^^^^^^^^^
  File "/projects/sp4rk/.venv/lib/python3.12/site-packages/discord/gateway.py", line 374, in from_client
    socket = await client.http.ws_connect(str(url))
             ^^^^^^^^^^^^^^^^^^^^^^^^^^^^^^^^^^^^^^
  File "/projects/sp4rk/.venv/lib/python3.12/site-packages/discord/http.py", line 550, in ws_connect
    return await self.__session.ws_connect(url, **kwargs)
           ^^^^^^^^^^^^^^^^^^^^^^^^^^^^^^^^^^^^^^^^^^^^^^
  File "/projects/sp4rk/.venv/lib/python3.12/site-packages/aiohttp/client.py", line 1244, in _ws_connect
    resp = await self.request(
           ^^^^^^^^^^^^^^^^^^^
  File "/projects/sp4rk/.venv/lib/python3.12/site-packages/aiohttp/client.py", line 856, in _request
    resp = await handler(req)
           ^^^^^^^^^^^^^^^^^^
  File "/projects/sp4rk/.venv/lib/python3.12/site-packages/aiohttp/client.py", line 810, in _connect_and_send_request
    conn = await self._connector.connect(
           ^^^^^^^^^^^^^^^^^^^^^^^^^^^^^^
  File "/projects/sp4rk/.venv/lib/python3.12/site-packages/aiohttp/connector.py", line 655, in connect
    proto = await self._create_connection(req, traces, timeout)
            ^^^^^^^^^^^^^^^^^^^^^^^^^^^^^^^^^^^^^^^^^^^^^^^^^^^
  File "/projects/sp4rk/.venv/lib/python3.12/site-packages/aiohttp/connector.py", line 1232, in _create_connection
    _, proto = await self._create_direct_connection(req, traces, timeout)
               ^^^^^^^^^^^^^^^^^^^^^^^^^^^^^^^^^^^^^^^^^^^^^^^^^^^^^^^^^^
  File "/projects/sp4rk/.venv/lib/python3.12/site-packages/aiohttp/connector.py", line 1567, in _create_direct_connection
    raise ClientConnectorDNSError(req.connection_key, exc) from exc
aiohttp.client_exceptions.ClientConnectorDNSError: Cannot connect to host gateway-us-east1-c.discord.gg:443 ssl:default [Temporary failure in name resolution]
2026-09-07 17:44:04,681 ERROR:discord.client:Attempting a reconnect in 1.75s
Traceback (most recent call last):
  File "/projects/sp4rk/.venv/lib/python3.12/site-packages/aiohttp/connector.py", line 1561, in _create_direct_connection
    hosts = await self._resolve_host(host, port, traces=traces)
            ^^^^^^^^^^^^^^^^^^^^^^^^^^^^^^^^^^^^^^^^^^^^^^^^^^^
  File "/projects/sp4rk/.venv/lib/python3.12/site-packages/aiohttp/connector.py", line 1171, in _resolve_host
    return await asyncio.shield(resolved_host_task)
           ^^^^^^^^^^^^^^^^^^^^^^^^^^^^^^^^^^^^^^^^
  File "/projects/sp4rk/.venv/lib/python3.12/site-packages/aiohttp/connector.py", line 1202, in _resolve_host_with_throttle
    addrs = await self._resolver.resolve(host, port, family=self._family)
            ^^^^^^^^^^^^^^^^^^^^^^^^^^^^^^^^^^^^^^^^^^^^^^^^^^^^^^^^^^^^^
  File "/projects/sp4rk/.venv/lib/python3.12/site-packages/aiohttp/resolver.py", line 40, in resolve
    infos = await self._loop.getaddrinfo(
            ^^^^^^^^^^^^^^^^^^^^^^^^^^^^^
  File "/usr/lib/python3.12/asyncio/base_events.py", line 901, in getaddrinfo
    return await self.run_in_executor(
           ^^^^^^^^^^^^^^^^^^^^^^^^^^^
  File "/usr/lib/python3.12/concurrent/futures/thread.py", line 58, in run
    result = self.fn(*self.args, **self.kwargs)
             ^^^^^^^^^^^^^^^^^^^^^^^^^^^^^^^^^^
  File "/usr/lib/python3.12/socket.py", line 963, in getaddrinfo
    for res in _socket.getaddrinfo(host, port, family, type, proto, flags):
               ^^^^^^^^^^^^^^^^^^^^^^^^^^^^^^^^^^^^^^^^^^^^^^^^^^^^^^^^^^^
socket.gaierror: [Errno -3] Temporary failure in name resolution

The above exception was the direct cause of the following exception:

Traceback (most recent call last):
  File "/projects/sp4rk/.venv/lib/python3.12/site-packages/discord/client.py", line 664, in connect
    self.ws = await asyncio.wait_for(coro, timeout=60.0)
              ^^^^^^^^^^^^^^^^^^^^^^^^^^^^^^^^^^^^^^^^^^
  File "/usr/lib/python3.12/asyncio/tasks.py", line 520, in wait_for
    return await fut
           ^^^^^^^^^
  File "/projects/sp4rk/.venv/lib/python3.12/site-packages/discord/gateway.py", line 374, in from_client
    socket = await client.http.ws_connect(str(url))
             ^^^^^^^^^^^^^^^^^^^^^^^^^^^^^^^^^^^^^^
  File "/projects/sp4rk/.venv/lib/python3.12/site-packages/discord/http.py", line 550, in ws_connect
    return await self.__session.ws_connect(url, **kwargs)
           ^^^^^^^^^^^^^^^^^^^^^^^^^^^^^^^^^^^^^^^^^^^^^^
  File "/projects/sp4rk/.venv/lib/python3.12/site-packages/aiohttp/client.py", line 1244, in _ws_connect
    resp = await self.request(
           ^^^^^^^^^^^^^^^^^^^
  File "/projects/sp4rk/.venv/lib/python3.12/site-packages/aiohttp/client.py", line 856, in _request
    resp = await handler(req)
           ^^^^^^^^^^^^^^^^^^
  File "/projects/sp4rk/.venv/lib/python3.12/site-packages/aiohttp/client.py", line 810, in _connect_and_send_request
    conn = await self._connector.connect(
           ^^^^^^^^^^^^^^^^^^^^^^^^^^^^^^
  File "/projects/sp4rk/.venv/lib/python3.12/site-packages/aiohttp/connector.py", line 655, in connect
    proto = await self._create_connection(req, traces, timeout)
            ^^^^^^^^^^^^^^^^^^^^^^^^^^^^^^^^^^^^^^^^^^^^^^^^^^^
  File "/projects/sp4rk/.venv/lib/python3.12/site-packages/aiohttp/connector.py", line 1232, in _create_connection
    _, proto = await self._create_direct_connection(req, traces, timeout)
               ^^^^^^^^^^^^^^^^^^^^^^^^^^^^^^^^^^^^^^^^^^^^^^^^^^^^^^^^^^
  File "/projects/sp4rk/.venv/lib/python3.12/site-packages/aiohttp/connector.py", line 1567, in _create_direct_connection
    raise ClientConnectorDNSError(req.connection_key, exc) from exc
aiohttp.client_exceptions.ClientConnectorDNSError: Cannot connect to host gateway-us-east1-c.discord.gg:443 ssl:default [Temporary failure in name resolution]
2026-09-07 18:01:50,076 WARNING:discord.gateway:Can't keep up, shard ID None websocket is 14.7s behind.
2026-09-07 21:17:55,208 ERROR:discord.client:Attempting a reconnect in 1.57s
Traceback (most recent call last):
  File "/projects/sp4rk/.venv/lib/python3.12/site-packages/aiohttp/connector.py", line 1561, in _create_direct_connection
    hosts = await self._resolve_host(host, port, traces=traces)
            ^^^^^^^^^^^^^^^^^^^^^^^^^^^^^^^^^^^^^^^^^^^^^^^^^^^
  File "/projects/sp4rk/.venv/lib/python3.12/site-packages/aiohttp/connector.py", line 1171, in _resolve_host
    return await asyncio.shield(resolved_host_task)
           ^^^^^^^^^^^^^^^^^^^^^^^^^^^^^^^^^^^^^^^^
  File "/projects/sp4rk/.venv/lib/python3.12/site-packages/aiohttp/connector.py", line 1202, in _resolve_host_with_throttle
    addrs = await self._resolver.resolve(host, port, family=self._family)
            ^^^^^^^^^^^^^^^^^^^^^^^^^^^^^^^^^^^^^^^^^^^^^^^^^^^^^^^^^^^^^
  File "/projects/sp4rk/.venv/lib/python3.12/site-packages/aiohttp/resolver.py", line 40, in resolve
    infos = await self._loop.getaddrinfo(
            ^^^^^^^^^^^^^^^^^^^^^^^^^^^^^
  File "/usr/lib/python3.12/asyncio/base_events.py", line 901, in getaddrinfo
    return await self.run_in_executor(
           ^^^^^^^^^^^^^^^^^^^^^^^^^^^
  File "/usr/lib/python3.12/concurrent/futures/thread.py", line 58, in run
    result = self.fn(*self.args, **self.kwargs)
             ^^^^^^^^^^^^^^^^^^^^^^^^^^^^^^^^^^
  File "/usr/lib/python3.12/socket.py", line 963, in getaddrinfo
    for res in _socket.getaddrinfo(host, port, family, type, proto, flags):
               ^^^^^^^^^^^^^^^^^^^^^^^^^^^^^^^^^^^^^^^^^^^^^^^^^^^^^^^^^^^
socket.gaierror: [Errno -3] Temporary failure in name resolution

The above exception was the direct cause of the following exception:

Traceback (most recent call last):
  File "/projects/sp4rk/.venv/lib/python3.12/site-packages/discord/client.py", line 664, in connect
    self.ws = await asyncio.wait_for(coro, timeout=60.0)
              ^^^^^^^^^^^^^^^^^^^^^^^^^^^^^^^^^^^^^^^^^^
  File "/usr/lib/python3.12/asyncio/tasks.py", line 520, in wait_for
    return await fut
           ^^^^^^^^^
  File "/projects/sp4rk/.venv/lib/python3.12/site-packages/discord/gateway.py", line 374, in from_client
    socket = await client.http.ws_connect(str(url))
             ^^^^^^^^^^^^^^^^^^^^^^^^^^^^^^^^^^^^^^
  File "/projects/sp4rk/.venv/lib/python3.12/site-packages/discord/http.py", line 550, in ws_connect
    return await self.__session.ws_connect(url, **kwargs)
           ^^^^^^^^^^^^^^^^^^^^^^^^^^^^^^^^^^^^^^^^^^^^^^
  File "/projects/sp4rk/.venv/lib/python3.12/site-packages/aiohttp/client.py", line 1244, in _ws_connect
    resp = await self.request(
           ^^^^^^^^^^^^^^^^^^^
  File "/projects/sp4rk/.venv/lib/python3.12/site-packages/aiohttp/client.py", line 856, in _request
    resp = await handler(req)
           ^^^^^^^^^^^^^^^^^^
  File "/projects/sp4rk/.venv/lib/python3.12/site-packages/aiohttp/client.py", line 810, in _connect_and_send_request
    conn = await self._connector.connect(
           ^^^^^^^^^^^^^^^^^^^^^^^^^^^^^^
  File "/projects/sp4rk/.venv/lib/python3.12/site-packages/aiohttp/connector.py", line 655, in connect
    proto = await self._create_connection(req, traces, timeout)
            ^^^^^^^^^^^^^^^^^^^^^^^^^^^^^^^^^^^^^^^^^^^^^^^^^^^
  File "/projects/sp4rk/.venv/lib/python3.12/site-packages/aiohttp/connector.py", line 1232, in _create_connection
    _, proto = await self._create_direct_connection(req, traces, timeout)
               ^^^^^^^^^^^^^^^^^^^^^^^^^^^^^^^^^^^^^^^^^^^^^^^^^^^^^^^^^^
  File "/projects/sp4rk/.venv/lib/python3.12/site-packages/aiohttp/connector.py", line 1567, in _create_direct_connection
    raise ClientConnectorDNSError(req.connection_key, exc) from exc
aiohttp.client_exceptions.ClientConnectorDNSError: Cannot connect to host gateway-us-east1-c.discord.gg:443 ssl:default [Temporary failure in name resolution]
2026-09-07 21:34:30,544 ERROR:discord.client:Attempting a reconnect in 3.75s
Traceback (most recent call last):
  File "/projects/sp4rk/.venv/lib/python3.12/site-packages/aiohttp/connector.py", line 1561, in _create_direct_connection
    hosts = await self._resolve_host(host, port, traces=traces)
            ^^^^^^^^^^^^^^^^^^^^^^^^^^^^^^^^^^^^^^^^^^^^^^^^^^^
  File "/projects/sp4rk/.venv/lib/python3.12/site-packages/aiohttp/connector.py", line 1171, in _resolve_host
    return await asyncio.shield(resolved_host_task)
           ^^^^^^^^^^^^^^^^^^^^^^^^^^^^^^^^^^^^^^^^
  File "/projects/sp4rk/.venv/lib/python3.12/site-packages/aiohttp/connector.py", line 1202, in _resolve_host_with_throttle
    addrs = await self._resolver.resolve(host, port, family=self._family)
            ^^^^^^^^^^^^^^^^^^^^^^^^^^^^^^^^^^^^^^^^^^^^^^^^^^^^^^^^^^^^^
  File "/projects/sp4rk/.venv/lib/python3.12/site-packages/aiohttp/resolver.py", line 40, in resolve
    infos = await self._loop.getaddrinfo(
            ^^^^^^^^^^^^^^^^^^^^^^^^^^^^^
  File "/usr/lib/python3.12/asyncio/base_events.py", line 901, in getaddrinfo
    return await self.run_in_executor(
           ^^^^^^^^^^^^^^^^^^^^^^^^^^^
  File "/usr/lib/python3.12/concurrent/futures/thread.py", line 58, in run
    result = self.fn(*self.args, **self.kwargs)
             ^^^^^^^^^^^^^^^^^^^^^^^^^^^^^^^^^^
  File "/usr/lib/python3.12/socket.py", line 963, in getaddrinfo
    for res in _socket.getaddrinfo(host, port, family, type, proto, flags):
               ^^^^^^^^^^^^^^^^^^^^^^^^^^^^^^^^^^^^^^^^^^^^^^^^^^^^^^^^^^^
socket.gaierror: [Errno -3] Temporary failure in name resolution

The above exception was the direct cause of the following exception:

Traceback (most recent call last):
  File "/projects/sp4rk/.venv/lib/python3.12/site-packages/discord/client.py", line 664, in connect
    self.ws = await asyncio.wait_for(coro, timeout=60.0)
              ^^^^^^^^^^^^^^^^^^^^^^^^^^^^^^^^^^^^^^^^^^
  File "/usr/lib/python3.12/asyncio/tasks.py", line 520, in wait_for
    return await fut
           ^^^^^^^^^
  File "/projects/sp4rk/.venv/lib/python3.12/site-packages/discord/gateway.py", line 374, in from_client
    socket = await client.http.ws_connect(str(url))
             ^^^^^^^^^^^^^^^^^^^^^^^^^^^^^^^^^^^^^^
  File "/projects/sp4rk/.venv/lib/python3.12/site-packages/discord/http.py", line 550, in ws_connect
    return await self.__session.ws_connect(url, **kwargs)
           ^^^^^^^^^^^^^^^^^^^^^^^^^^^^^^^^^^^^^^^^^^^^^^
  File "/projects/sp4rk/.venv/lib/python3.12/site-packages/aiohttp/client.py", line 1244, in _ws_connect
    resp = await self.request(
           ^^^^^^^^^^^^^^^^^^^
  File "/projects/sp4rk/.venv/lib/python3.12/site-packages/aiohttp/client.py", line 856, in _request
    resp = await handler(req)
           ^^^^^^^^^^^^^^^^^^
  File "/projects/sp4rk/.venv/lib/python3.12/site-packages/aiohttp/client.py", line 810, in _connect_and_send_request
    conn = await self._connector.connect(
           ^^^^^^^^^^^^^^^^^^^^^^^^^^^^^^
  File "/projects/sp4rk/.venv/lib/python3.12/site-packages/aiohttp/connector.py", line 655, in connect
    proto = await self._create_connection(req, traces, timeout)
            ^^^^^^^^^^^^^^^^^^^^^^^^^^^^^^^^^^^^^^^^^^^^^^^^^^^
  File "/projects/sp4rk/.venv/lib/python3.12/site-packages/aiohttp/connector.py", line 1232, in _create_connection
    _, proto = await self._create_direct_connection(req, traces, timeout)
               ^^^^^^^^^^^^^^^^^^^^^^^^^^^^^^^^^^^^^^^^^^^^^^^^^^^^^^^^^^
  File "/projects/sp4rk/.venv/lib/python3.12/site-packages/aiohttp/connector.py", line 1567, in _create_direct_connection
    raise ClientConnectorDNSError(req.connection_key, exc) from exc
aiohttp.client_exceptions.ClientConnectorDNSError: Cannot connect to host gateway-us-east1-c.discord.gg:443 ssl:default [Temporary failure in name resolution]
2026-09-07 22:28:43,675 ERROR:discord.client:Attempting a reconnect in 1.45s
Traceback (most recent call last):
  File "/usr/lib/python3.12/asyncio/tasks.py", line 520, in wait_for
    return await fut
           ^^^^^^^^^
  File "/projects/sp4rk/.venv/lib/python3.12/site-packages/discord/gateway.py", line 374, in from_client
    socket = await client.http.ws_connect(str(url))
             ^^^^^^^^^^^^^^^^^^^^^^^^^^^^^^^^^^^^^^
  File "/projects/sp4rk/.venv/lib/python3.12/site-packages/discord/http.py", line 550, in ws_connect
    return await self.__session.ws_connect(url, **kwargs)
           ^^^^^^^^^^^^^^^^^^^^^^^^^^^^^^^^^^^^^^^^^^^^^^
  File "/projects/sp4rk/.venv/lib/python3.12/site-packages/aiohttp/client.py", line 1244, in _ws_connect
    resp = await self.request(
           ^^^^^^^^^^^^^^^^^^^
  File "/projects/sp4rk/.venv/lib/python3.12/site-packages/aiohttp/client.py", line 856, in _request
    resp = await handler(req)
           ^^^^^^^^^^^^^^^^^^
  File "/projects/sp4rk/.venv/lib/python3.12/site-packages/aiohttp/client.py", line 810, in _connect_and_send_request
    conn = await self._connector.connect(
           ^^^^^^^^^^^^^^^^^^^^^^^^^^^^^^
  File "/projects/sp4rk/.venv/lib/python3.12/site-packages/aiohttp/connector.py", line 655, in connect
    proto = await self._create_connection(req, traces, timeout)
            ^^^^^^^^^^^^^^^^^^^^^^^^^^^^^^^^^^^^^^^^^^^^^^^^^^^
  File "/projects/sp4rk/.venv/lib/python3.12/site-packages/aiohttp/connector.py", line 1232, in _create_connection
    _, proto = await self._create_direct_connection(req, traces, timeout)
               ^^^^^^^^^^^^^^^^^^^^^^^^^^^^^^^^^^^^^^^^^^^^^^^^^^^^^^^^^^
  File "/projects/sp4rk/.venv/lib/python3.12/site-packages/aiohttp/connector.py", line 1579, in _create_direct_connection
    transp, proto = await self._wrap_create_connection(
                    ^^^^^^^^^^^^^^^^^^^^^^^^^^^^^^^^^^^
  File "/projects/sp4rk/.venv/lib/python3.12/site-packages/aiohttp/connector.py", line 1291, in _wrap_create_connection
    sock = await aiohappyeyeballs.start_connection(
           ^^^^^^^^^^^^^^^^^^^^^^^^^^^^^^^^^^^^^^^^
  File "/projects/sp4rk/.venv/lib/python3.12/site-packages/aiohappyeyeballs/impl.py", line 89, in start_connection
    sock, _, _ = await _staggered.staggered_race(
                 ^^^^^^^^^^^^^^^^^^^^^^^^^^^^^^^^
  File "/projects/sp4rk/.venv/lib/python3.12/site-packages/aiohappyeyeballs/_staggered.py", line 155, in staggered_race
    done = await _wait_one(
           ^^^^^^^^^^^^^^^^
  File "/projects/sp4rk/.venv/lib/python3.12/site-packages/aiohappyeyeballs/_staggered.py", line 36, in _wait_one
    return await wait_next
           ^^^^^^^^^^^^^^^
asyncio.exceptions.CancelledError

The above exception was the direct cause of the following exception:

Traceback (most recent call last):
  File "/projects/sp4rk/.venv/lib/python3.12/site-packages/discord/client.py", line 664, in connect
    self.ws = await asyncio.wait_for(coro, timeout=60.0)
              ^^^^^^^^^^^^^^^^^^^^^^^^^^^^^^^^^^^^^^^^^^
  File "/usr/lib/python3.12/asyncio/tasks.py", line 519, in wait_for
    async with timeouts.timeout(timeout):
  File "/usr/lib/python3.12/asyncio/timeouts.py", line 115, in __aexit__
    raise TimeoutError from exc_val
TimeoutError
2026-09-07 22:50:40,574 ERROR:discord.client:Attempting a reconnect in 2.86s
Traceback (most recent call last):
  File "/projects/sp4rk/.venv/lib/python3.12/site-packages/aiohttp/connector.py", line 1561, in _create_direct_connection
    hosts = await self._resolve_host(host, port, traces=traces)
            ^^^^^^^^^^^^^^^^^^^^^^^^^^^^^^^^^^^^^^^^^^^^^^^^^^^
  File "/projects/sp4rk/.venv/lib/python3.12/site-packages/aiohttp/connector.py", line 1171, in _resolve_host
    return await asyncio.shield(resolved_host_task)
           ^^^^^^^^^^^^^^^^^^^^^^^^^^^^^^^^^^^^^^^^
  File "/projects/sp4rk/.venv/lib/python3.12/site-packages/aiohttp/connector.py", line 1202, in _resolve_host_with_throttle
    addrs = await self._resolver.resolve(host, port, family=self._family)
            ^^^^^^^^^^^^^^^^^^^^^^^^^^^^^^^^^^^^^^^^^^^^^^^^^^^^^^^^^^^^^
  File "/projects/sp4rk/.venv/lib/python3.12/site-packages/aiohttp/resolver.py", line 40, in resolve
    infos = await self._loop.getaddrinfo(
            ^^^^^^^^^^^^^^^^^^^^^^^^^^^^^
  File "/usr/lib/python3.12/asyncio/base_events.py", line 901, in getaddrinfo
    return await self.run_in_executor(
           ^^^^^^^^^^^^^^^^^^^^^^^^^^^
  File "/usr/lib/python3.12/concurrent/futures/thread.py", line 58, in run
    result = self.fn(*self.args, **self.kwargs)
             ^^^^^^^^^^^^^^^^^^^^^^^^^^^^^^^^^^
  File "/usr/lib/python3.12/socket.py", line 963, in getaddrinfo
    for res in _socket.getaddrinfo(host, port, family, type, proto, flags):
               ^^^^^^^^^^^^^^^^^^^^^^^^^^^^^^^^^^^^^^^^^^^^^^^^^^^^^^^^^^^
socket.gaierror: [Errno -3] Temporary failure in name resolution

The above exception was the direct cause of the following exception:

Traceback (most recent call last):
  File "/projects/sp4rk/.venv/lib/python3.12/site-packages/discord/client.py", line 664, in connect
    self.ws = await asyncio.wait_for(coro, timeout=60.0)
              ^^^^^^^^^^^^^^^^^^^^^^^^^^^^^^^^^^^^^^^^^^
  File "/usr/lib/python3.12/asyncio/tasks.py", line 520, in wait_for
    return await fut
           ^^^^^^^^^
  File "/projects/sp4rk/.venv/lib/python3.12/site-packages/discord/gateway.py", line 374, in from_client
    socket = await client.http.ws_connect(str(url))
             ^^^^^^^^^^^^^^^^^^^^^^^^^^^^^^^^^^^^^^
  File "/projects/sp4rk/.venv/lib/python3.12/site-packages/discord/http.py", line 550, in ws_connect
    return await self.__session.ws_connect(url, **kwargs)
           ^^^^^^^^^^^^^^^^^^^^^^^^^^^^^^^^^^^^^^^^^^^^^^
  File "/projects/sp4rk/.venv/lib/python3.12/site-packages/aiohttp/client.py", line 1244, in _ws_connect
    resp = await self.request(
           ^^^^^^^^^^^^^^^^^^^
  File "/projects/sp4rk/.venv/lib/python3.12/site-packages/aiohttp/client.py", line 856, in _request
    resp = await handler(req)
           ^^^^^^^^^^^^^^^^^^
  File "/projects/sp4rk/.venv/lib/python3.12/site-packages/aiohttp/client.py", line 810, in _connect_and_send_request
    conn = await self._connector.connect(
           ^^^^^^^^^^^^^^^^^^^^^^^^^^^^^^
  File "/projects/sp4rk/.venv/lib/python3.12/site-packages/aiohttp/connector.py", line 655, in connect
    proto = await self._create_connection(req, traces, timeout)
            ^^^^^^^^^^^^^^^^^^^^^^^^^^^^^^^^^^^^^^^^^^^^^^^^^^^
  File "/projects/sp4rk/.venv/lib/python3.12/site-packages/aiohttp/connector.py", line 1232, in _create_connection
    _, proto = await self._create_direct_connection(req, traces, timeout)
               ^^^^^^^^^^^^^^^^^^^^^^^^^^^^^^^^^^^^^^^^^^^^^^^^^^^^^^^^^^
  File "/projects/sp4rk/.venv/lib/python3.12/site-packages/aiohttp/connector.py", line 1567, in _create_direct_connection
    raise ClientConnectorDNSError(req.connection_key, exc) from exc
aiohttp.client_exceptions.ClientConnectorDNSError: Cannot connect to host gateway-us-east1-c.discord.gg:443 ssl:default [Temporary failure in name resolution]
2026-09-07 22:51:03,463 ERROR:discord.client:Attempting a reconnect in 4.44s
Traceback (most recent call last):
  File "/projects/sp4rk/.venv/lib/python3.12/site-packages/aiohttp/connector.py", line 1561, in _create_direct_connection
    hosts = await self._resolve_host(host, port, traces=traces)
            ^^^^^^^^^^^^^^^^^^^^^^^^^^^^^^^^^^^^^^^^^^^^^^^^^^^
  File "/projects/sp4rk/.venv/lib/python3.12/site-packages/aiohttp/connector.py", line 1171, in _resolve_host
    return await asyncio.shield(resolved_host_task)
           ^^^^^^^^^^^^^^^^^^^^^^^^^^^^^^^^^^^^^^^^
  File "/projects/sp4rk/.venv/lib/python3.12/site-packages/aiohttp/connector.py", line 1202, in _resolve_host_with_throttle
    addrs = await self._resolver.resolve(host, port, family=self._family)
            ^^^^^^^^^^^^^^^^^^^^^^^^^^^^^^^^^^^^^^^^^^^^^^^^^^^^^^^^^^^^^
  File "/projects/sp4rk/.venv/lib/python3.12/site-packages/aiohttp/resolver.py", line 40, in resolve
    infos = await self._loop.getaddrinfo(
            ^^^^^^^^^^^^^^^^^^^^^^^^^^^^^
  File "/usr/lib/python3.12/asyncio/base_events.py", line 901, in getaddrinfo
    return await self.run_in_executor(
           ^^^^^^^^^^^^^^^^^^^^^^^^^^^
  File "/usr/lib/python3.12/concurrent/futures/thread.py", line 58, in run
    result = self.fn(*self.args, **self.kwargs)
             ^^^^^^^^^^^^^^^^^^^^^^^^^^^^^^^^^^
  File "/usr/lib/python3.12/socket.py", line 963, in getaddrinfo
    for res in _socket.getaddrinfo(host, port, family, type, proto, flags):
               ^^^^^^^^^^^^^^^^^^^^^^^^^^^^^^^^^^^^^^^^^^^^^^^^^^^^^^^^^^^
socket.gaierror: [Errno -3] Temporary failure in name resolution

The above exception was the direct cause of the following exception:

Traceback (most recent call last):
  File "/projects/sp4rk/.venv/lib/python3.12/site-packages/discord/client.py", line 664, in connect
    self.ws = await asyncio.wait_for(coro, timeout=60.0)
              ^^^^^^^^^^^^^^^^^^^^^^^^^^^^^^^^^^^^^^^^^^
  File "/usr/lib/python3.12/asyncio/tasks.py", line 520, in wait_for
    return await fut
           ^^^^^^^^^
  File "/projects/sp4rk/.venv/lib/python3.12/site-packages/discord/gateway.py", line 374, in from_client
    socket = await client.http.ws_connect(str(url))
             ^^^^^^^^^^^^^^^^^^^^^^^^^^^^^^^^^^^^^^
  File "/projects/sp4rk/.venv/lib/python3.12/site-packages/discord/http.py", line 550, in ws_connect
    return await self.__session.ws_connect(url, **kwargs)
           ^^^^^^^^^^^^^^^^^^^^^^^^^^^^^^^^^^^^^^^^^^^^^^
  File "/projects/sp4rk/.venv/lib/python3.12/site-packages/aiohttp/client.py", line 1244, in _ws_connect
    resp = await self.request(
           ^^^^^^^^^^^^^^^^^^^
  File "/projects/sp4rk/.venv/lib/python3.12/site-packages/aiohttp/client.py", line 856, in _request
    resp = await handler(req)
           ^^^^^^^^^^^^^^^^^^
  File "/projects/sp4rk/.venv/lib/python3.12/site-packages/aiohttp/client.py", line 810, in _connect_and_send_request
    conn = await self._connector.connect(
           ^^^^^^^^^^^^^^^^^^^^^^^^^^^^^^
  File "/projects/sp4rk/.venv/lib/python3.12/site-packages/aiohttp/connector.py", line 655, in connect
    proto = await self._create_connection(req, traces, timeout)
            ^^^^^^^^^^^^^^^^^^^^^^^^^^^^^^^^^^^^^^^^^^^^^^^^^^^
  File "/projects/sp4rk/.venv/lib/python3.12/site-packages/aiohttp/connector.py", line 1232, in _create_connection
    _, proto = await self._create_direct_connection(req, traces, timeout)
               ^^^^^^^^^^^^^^^^^^^^^^^^^^^^^^^^^^^^^^^^^^^^^^^^^^^^^^^^^^
  File "/projects/sp4rk/.venv/lib/python3.12/site-packages/aiohttp/connector.py", line 1567, in _create_direct_connection
    raise ClientConnectorDNSError(req.connection_key, exc) from exc
aiohttp.client_exceptions.ClientConnectorDNSError: Cannot connect to host gateway-us-east1-c.discord.gg:443 ssl:default [Temporary failure in name resolution]
2026-09-08 02:42:48,424 WARNING:discord.gateway:Can't keep up, shard ID None websocket is 14.9s behind.
2026-09-08 03:03:08,714 ERROR:discord.client:Attempting a reconnect in 0.10s
Traceback (most recent call last):
  File "/projects/sp4rk/.venv/lib/python3.12/site-packages/aiohttp/connector.py", line 1561, in _create_direct_connection
    hosts = await self._resolve_host(host, port, traces=traces)
            ^^^^^^^^^^^^^^^^^^^^^^^^^^^^^^^^^^^^^^^^^^^^^^^^^^^
  File "/projects/sp4rk/.venv/lib/python3.12/site-packages/aiohttp/connector.py", line 1171, in _resolve_host
    return await asyncio.shield(resolved_host_task)
           ^^^^^^^^^^^^^^^^^^^^^^^^^^^^^^^^^^^^^^^^
  File "/projects/sp4rk/.venv/lib/python3.12/site-packages/aiohttp/connector.py", line 1202, in _resolve_host_with_throttle
    addrs = await self._resolver.resolve(host, port, family=self._family)
            ^^^^^^^^^^^^^^^^^^^^^^^^^^^^^^^^^^^^^^^^^^^^^^^^^^^^^^^^^^^^^
  File "/projects/sp4rk/.venv/lib/python3.12/site-packages/aiohttp/resolver.py", line 40, in resolve
    infos = await self._loop.getaddrinfo(
            ^^^^^^^^^^^^^^^^^^^^^^^^^^^^^
  File "/usr/lib/python3.12/asyncio/base_events.py", line 901, in getaddrinfo
    return await self.run_in_executor(
           ^^^^^^^^^^^^^^^^^^^^^^^^^^^
  File "/usr/lib/python3.12/concurrent/futures/thread.py", line 58, in run
    result = self.fn(*self.args, **self.kwargs)
             ^^^^^^^^^^^^^^^^^^^^^^^^^^^^^^^^^^
  File "/usr/lib/python3.12/socket.py", line 963, in getaddrinfo
    for res in _socket.getaddrinfo(host, port, family, type, proto, flags):
               ^^^^^^^^^^^^^^^^^^^^^^^^^^^^^^^^^^^^^^^^^^^^^^^^^^^^^^^^^^^
socket.gaierror: [Errno -3] Temporary failure in name resolution

The above exception was the direct cause of the following exception:

Traceback (most recent call last):
  File "/projects/sp4rk/.venv/lib/python3.12/site-packages/discord/client.py", line 664, in connect
    self.ws = await asyncio.wait_for(coro, timeout=60.0)
              ^^^^^^^^^^^^^^^^^^^^^^^^^^^^^^^^^^^^^^^^^^
  File "/usr/lib/python3.12/asyncio/tasks.py", line 520, in wait_for
    return await fut
           ^^^^^^^^^
  File "/projects/sp4rk/.venv/lib/python3.12/site-packages/discord/gateway.py", line 374, in from_client
    socket = await client.http.ws_connect(str(url))
             ^^^^^^^^^^^^^^^^^^^^^^^^^^^^^^^^^^^^^^
  File "/projects/sp4rk/.venv/lib/python3.12/site-packages/discord/http.py", line 550, in ws_connect
    return await self.__session.ws_connect(url, **kwargs)
           ^^^^^^^^^^^^^^^^^^^^^^^^^^^^^^^^^^^^^^^^^^^^^^
  File "/projects/sp4rk/.venv/lib/python3.12/site-packages/aiohttp/client.py", line 1244, in _ws_connect
    resp = await self.request(
           ^^^^^^^^^^^^^^^^^^^
  File "/projects/sp4rk/.venv/lib/python3.12/site-packages/aiohttp/client.py", line 856, in _request
    resp = await handler(req)
           ^^^^^^^^^^^^^^^^^^
  File "/projects/sp4rk/.venv/lib/python3.12/site-packages/aiohttp/client.py", line 810, in _connect_and_send_request
    conn = await self._connector.connect(
           ^^^^^^^^^^^^^^^^^^^^^^^^^^^^^^
  File "/projects/sp4rk/.venv/lib/python3.12/site-packages/aiohttp/connector.py", line 655, in connect
    proto = await self._create_connection(req, traces, timeout)
            ^^^^^^^^^^^^^^^^^^^^^^^^^^^^^^^^^^^^^^^^^^^^^^^^^^^
  File "/projects/sp4rk/.venv/lib/python3.12/site-packages/aiohttp/connector.py", line 1232, in _create_connection
    _, proto = await self._create_direct_connection(req, traces, timeout)
               ^^^^^^^^^^^^^^^^^^^^^^^^^^^^^^^^^^^^^^^^^^^^^^^^^^^^^^^^^^
  File "/projects/sp4rk/.venv/lib/python3.12/site-packages/aiohttp/connector.py", line 1567, in _create_direct_connection
    raise ClientConnectorDNSError(req.connection_key, exc) from exc
aiohttp.client_exceptions.ClientConnectorDNSError: Cannot connect to host gateway-us-east1-c.discord.gg:443 ssl:default [Temporary failure in name resolution]
2026-09-08 03:39:13,976 WARNING:discord.gateway:Can't keep up, shard ID None websocket is 14.8s behind.
2026-09-08 08:26:31,361 WARNING:discord.gateway:Can't keep up, shard ID None websocket is 14.6s behind.
2026-09-08 10:29:29,078 WARNING:discord.gateway:Can't keep up, shard ID None websocket is 15.0s behind.
2026-09-08 13:30:22,100 WARNING:discord.gateway:Can't keep up, shard ID None websocket is 14.7s behind.
2026-09-08 13:46:10,834 WARNING:discord.gateway:Can't keep up, shard ID None websocket is 14.6s behind.
2026-09-08 15:23:36,479 WARNING:discord.gateway:Can't keep up, shard ID None websocket is 14.7s behind.
2026-09-08 15:45:49,672 WARNING:discord.gateway:Can't keep up, shard ID None websocket is 14.8s behind.
2026-09-08 17:20:01,296 WARNING:apscheduler.scheduler:Execution of job "send_due_reminders (trigger: interval[0:00:01], next run at: 2026-09-08 17:20:01 UTC)" skipped: maximum number of running instances reached (1)
2026-09-08 17:20:02,297 WARNING:apscheduler.scheduler:Execution of job "send_due_reminders (trigger: interval[0:00:01], next run at: 2026-09-08 17:20:02 UTC)" skipped: maximum number of running instances reached (1)
2026-09-08 17:20:03,118 WARNING:SP4RK.reminders:DM closed for user 591297089686863872
2026-09-08 17:20:03,297 WARNING:apscheduler.scheduler:Execution of job "send_due_reminders (trigger: interval[0:00:01], next run at: 2026-09-08 17:20:03 UTC)" skipped: maximum number of running instances reached (1)
2026-09-08 17:20:04,296 WARNING:apscheduler.scheduler:Execution of job "send_due_reminders (trigger: interval[0:00:01], next run at: 2026-09-08 17:20:04 UTC)" skipped: maximum number of running instances reached (1)
2026-09-08 17:20:05,297 WARNING:apscheduler.scheduler:Execution of job "send_due_reminders (trigger: interval[0:00:01], next run at: 2026-09-08 17:20:05 UTC)" skipped: maximum number of running instances reached (1)
2026-09-08 17:20:06,297 WARNING:apscheduler.scheduler:Execution of job "send_due_reminders (trigger: interval[0:00:01], next run at: 2026-09-08 17:20:06 UTC)" skipped: maximum number of running instances reached (1)
2026-09-08 17:20:07,298 WARNING:apscheduler.scheduler:Execution of job "send_due_reminders (trigger: interval[0:00:01], next run at: 2026-09-08 17:20:07 UTC)" skipped: maximum number of running instances reached (1)
2026-09-08 17:20:08,297 WARNING:apscheduler.scheduler:Execution of job "send_due_reminders (trigger: interval[0:00:01], next run at: 2026-09-08 17:20:08 UTC)" skipped: maximum number of running instances reached (1)
2026-09-08 17:20:09,297 WARNING:apscheduler.scheduler:Execution of job "send_due_reminders (trigger: interval[0:00:01], next run at: 2026-09-08 17:20:09 UTC)" skipped: maximum number of running instances reached (1)
2026-09-08 20:28:48,656 WARNING:discord.gateway:Can't keep up, shard ID None websocket is 14.6s behind.
2026-09-08 23:14:33,183 ERROR:discord.client:Attempting a reconnect in 0.43s
Traceback (most recent call last):
  File "/projects/sp4rk/.venv/lib/python3.12/site-packages/aiohttp/connector.py", line 1561, in _create_direct_connection
    hosts = await self._resolve_host(host, port, traces=traces)
            ^^^^^^^^^^^^^^^^^^^^^^^^^^^^^^^^^^^^^^^^^^^^^^^^^^^
  File "/projects/sp4rk/.venv/lib/python3.12/site-packages/aiohttp/connector.py", line 1171, in _resolve_host
    return await asyncio.shield(resolved_host_task)
           ^^^^^^^^^^^^^^^^^^^^^^^^^^^^^^^^^^^^^^^^
  File "/projects/sp4rk/.venv/lib/python3.12/site-packages/aiohttp/connector.py", line 1202, in _resolve_host_with_throttle
    addrs = await self._resolver.resolve(host, port, family=self._family)
            ^^^^^^^^^^^^^^^^^^^^^^^^^^^^^^^^^^^^^^^^^^^^^^^^^^^^^^^^^^^^^
  File "/projects/sp4rk/.venv/lib/python3.12/site-packages/aiohttp/resolver.py", line 40, in resolve
    infos = await self._loop.getaddrinfo(
            ^^^^^^^^^^^^^^^^^^^^^^^^^^^^^
  File "/usr/lib/python3.12/asyncio/base_events.py", line 901, in getaddrinfo
    return await self.run_in_executor(
           ^^^^^^^^^^^^^^^^^^^^^^^^^^^
  File "/usr/lib/python3.12/concurrent/futures/thread.py", line 58, in run
    result = self.fn(*self.args, **self.kwargs)
             ^^^^^^^^^^^^^^^^^^^^^^^^^^^^^^^^^^
  File "/usr/lib/python3.12/socket.py", line 963, in getaddrinfo
    for res in _socket.getaddrinfo(host, port, family, type, proto, flags):
               ^^^^^^^^^^^^^^^^^^^^^^^^^^^^^^^^^^^^^^^^^^^^^^^^^^^^^^^^^^^
socket.gaierror: [Errno -3] Temporary failure in name resolution

The above exception was the direct cause of the following exception:

Traceback (most recent call last):
  File "/projects/sp4rk/.venv/lib/python3.12/site-packages/discord/client.py", line 664, in connect
    self.ws = await asyncio.wait_for(coro, timeout=60.0)
              ^^^^^^^^^^^^^^^^^^^^^^^^^^^^^^^^^^^^^^^^^^
  File "/usr/lib/python3.12/asyncio/tasks.py", line 520, in wait_for
    return await fut
           ^^^^^^^^^
  File "/projects/sp4rk/.venv/lib/python3.12/site-packages/discord/gateway.py", line 374, in from_client
    socket = await client.http.ws_connect(str(url))
             ^^^^^^^^^^^^^^^^^^^^^^^^^^^^^^^^^^^^^^
  File "/projects/sp4rk/.venv/lib/python3.12/site-packages/discord/http.py", line 550, in ws_connect
    return await self.__session.ws_connect(url, **kwargs)
           ^^^^^^^^^^^^^^^^^^^^^^^^^^^^^^^^^^^^^^^^^^^^^^
  File "/projects/sp4rk/.venv/lib/python3.12/site-packages/aiohttp/client.py", line 1244, in _ws_connect
    resp = await self.request(
           ^^^^^^^^^^^^^^^^^^^
  File "/projects/sp4rk/.venv/lib/python3.12/site-packages/aiohttp/client.py", line 856, in _request
    resp = await handler(req)
           ^^^^^^^^^^^^^^^^^^
  File "/projects/sp4rk/.venv/lib/python3.12/site-packages/aiohttp/client.py", line 810, in _connect_and_send_request
    conn = await self._connector.connect(
           ^^^^^^^^^^^^^^^^^^^^^^^^^^^^^^
  File "/projects/sp4rk/.venv/lib/python3.12/site-packages/aiohttp/connector.py", line 655, in connect
    proto = await self._create_connection(req, traces, timeout)
            ^^^^^^^^^^^^^^^^^^^^^^^^^^^^^^^^^^^^^^^^^^^^^^^^^^^
  File "/projects/sp4rk/.venv/lib/python3.12/site-packages/aiohttp/connector.py", line 1232, in _create_connection
    _, proto = await self._create_direct_connection(req, traces, timeout)
               ^^^^^^^^^^^^^^^^^^^^^^^^^^^^^^^^^^^^^^^^^^^^^^^^^^^^^^^^^^
  File "/projects/sp4rk/.venv/lib/python3.12/site-packages/aiohttp/connector.py", line 1567, in _create_direct_connection
    raise ClientConnectorDNSError(req.connection_key, exc) from exc
aiohttp.client_exceptions.ClientConnectorDNSError: Cannot connect to host gateway-us-east1-c.discord.gg:443 ssl:default [Temporary failure in name resolution]
2026-09-09 00:00:09,089 WARNING:discord.gateway:Can't keep up, shard ID None websocket is 14.8s behind.
2026-09-09 06:36:44,127 WARNING:discord.gateway:Can't keep up, shard ID None websocket is 14.5s behind.
2026-09-09 07:22:31,188 ERROR:discord.client:Attempting a reconnect in 0.92s
Traceback (most recent call last):
  File "/projects/sp4rk/.venv/lib/python3.12/site-packages/aiohttp/connector.py", line 1561, in _create_direct_connection
    hosts = await self._resolve_host(host, port, traces=traces)
            ^^^^^^^^^^^^^^^^^^^^^^^^^^^^^^^^^^^^^^^^^^^^^^^^^^^
  File "/projects/sp4rk/.venv/lib/python3.12/site-packages/aiohttp/connector.py", line 1171, in _resolve_host
    return await asyncio.shield(resolved_host_task)
           ^^^^^^^^^^^^^^^^^^^^^^^^^^^^^^^^^^^^^^^^
  File "/projects/sp4rk/.venv/lib/python3.12/site-packages/aiohttp/connector.py", line 1202, in _resolve_host_with_throttle
    addrs = await self._resolver.resolve(host, port, family=self._family)
            ^^^^^^^^^^^^^^^^^^^^^^^^^^^^^^^^^^^^^^^^^^^^^^^^^^^^^^^^^^^^^
  File "/projects/sp4rk/.venv/lib/python3.12/site-packages/aiohttp/resolver.py", line 40, in resolve
    infos = await self._loop.getaddrinfo(
            ^^^^^^^^^^^^^^^^^^^^^^^^^^^^^
  File "/usr/lib/python3.12/asyncio/base_events.py", line 901, in getaddrinfo
    return await self.run_in_executor(
           ^^^^^^^^^^^^^^^^^^^^^^^^^^^
  File "/usr/lib/python3.12/concurrent/futures/thread.py", line 58, in run
    result = self.fn(*self.args, **self.kwargs)
             ^^^^^^^^^^^^^^^^^^^^^^^^^^^^^^^^^^
  File "/usr/lib/python3.12/socket.py", line 963, in getaddrinfo
    for res in _socket.getaddrinfo(host, port, family, type, proto, flags):
               ^^^^^^^^^^^^^^^^^^^^^^^^^^^^^^^^^^^^^^^^^^^^^^^^^^^^^^^^^^^
socket.gaierror: [Errno -3] Temporary failure in name resolution

The above exception was the direct cause of the following exception:

Traceback (most recent call last):
  File "/projects/sp4rk/.venv/lib/python3.12/site-packages/discord/client.py", line 664, in connect
    self.ws = await asyncio.wait_for(coro, timeout=60.0)
              ^^^^^^^^^^^^^^^^^^^^^^^^^^^^^^^^^^^^^^^^^^
  File "/usr/lib/python3.12/asyncio/tasks.py", line 520, in wait_for
    return await fut
           ^^^^^^^^^
  File "/projects/sp4rk/.venv/lib/python3.12/site-packages/discord/gateway.py", line 374, in from_client
    socket = await client.http.ws_connect(str(url))
             ^^^^^^^^^^^^^^^^^^^^^^^^^^^^^^^^^^^^^^
  File "/projects/sp4rk/.venv/lib/python3.12/site-packages/discord/http.py", line 550, in ws_connect
    return await self.__session.ws_connect(url, **kwargs)
           ^^^^^^^^^^^^^^^^^^^^^^^^^^^^^^^^^^^^^^^^^^^^^^
  File "/projects/sp4rk/.venv/lib/python3.12/site-packages/aiohttp/client.py", line 1244, in _ws_connect
    resp = await self.request(
           ^^^^^^^^^^^^^^^^^^^
  File "/projects/sp4rk/.venv/lib/python3.12/site-packages/aiohttp/client.py", line 856, in _request
    resp = await handler(req)
           ^^^^^^^^^^^^^^^^^^
  File "/projects/sp4rk/.venv/lib/python3.12/site-packages/aiohttp/client.py", line 810, in _connect_and_send_request
    conn = await self._connector.connect(
           ^^^^^^^^^^^^^^^^^^^^^^^^^^^^^^
  File "/projects/sp4rk/.venv/lib/python3.12/site-packages/aiohttp/connector.py", line 655, in connect
    proto = await self._create_connection(req, traces, timeout)
            ^^^^^^^^^^^^^^^^^^^^^^^^^^^^^^^^^^^^^^^^^^^^^^^^^^^
  File "/projects/sp4rk/.venv/lib/python3.12/site-packages/aiohttp/connector.py", line 1232, in _create_connection
    _, proto = await self._create_direct_connection(req, traces, timeout)
               ^^^^^^^^^^^^^^^^^^^^^^^^^^^^^^^^^^^^^^^^^^^^^^^^^^^^^^^^^^
  File "/projects/sp4rk/.venv/lib/python3.12/site-packages/aiohttp/connector.py", line 1567, in _create_direct_connection
    raise ClientConnectorDNSError(req.connection_key, exc) from exc
aiohttp.client_exceptions.ClientConnectorDNSError: Cannot connect to host gateway-us-east1-c.discord.gg:443 ssl:default [Temporary failure in name resolution]
2026-09-09 07:59:54,610 WARNING:discord.gateway:Can't keep up, shard ID None websocket is 14.7s behind.
2026-09-09 08:27:24,785 WARNING:discord.gateway:Can't keep up, shard ID None websocket is 14.8s behind.
2026-09-09 08:51:11,491 ERROR:discord.client:Attempting a reconnect in 0.27s
Traceback (most recent call last):
  File "/projects/sp4rk/.venv/lib/python3.12/site-packages/aiohttp/connector.py", line 1561, in _create_direct_connection
    hosts = await self._resolve_host(host, port, traces=traces)
            ^^^^^^^^^^^^^^^^^^^^^^^^^^^^^^^^^^^^^^^^^^^^^^^^^^^
  File "/projects/sp4rk/.venv/lib/python3.12/site-packages/aiohttp/connector.py", line 1171, in _resolve_host
    return await asyncio.shield(resolved_host_task)
           ^^^^^^^^^^^^^^^^^^^^^^^^^^^^^^^^^^^^^^^^
  File "/projects/sp4rk/.venv/lib/python3.12/site-packages/aiohttp/connector.py", line 1202, in _resolve_host_with_throttle
    addrs = await self._resolver.resolve(host, port, family=self._family)
            ^^^^^^^^^^^^^^^^^^^^^^^^^^^^^^^^^^^^^^^^^^^^^^^^^^^^^^^^^^^^^
  File "/projects/sp4rk/.venv/lib/python3.12/site-packages/aiohttp/resolver.py", line 40, in resolve
    infos = await self._loop.getaddrinfo(
            ^^^^^^^^^^^^^^^^^^^^^^^^^^^^^
  File "/usr/lib/python3.12/asyncio/base_events.py", line 901, in getaddrinfo
    return await self.run_in_executor(
           ^^^^^^^^^^^^^^^^^^^^^^^^^^^
  File "/usr/lib/python3.12/concurrent/futures/thread.py", line 58, in run
    result = self.fn(*self.args, **self.kwargs)
             ^^^^^^^^^^^^^^^^^^^^^^^^^^^^^^^^^^
  File "/usr/lib/python3.12/socket.py", line 963, in getaddrinfo
    for res in _socket.getaddrinfo(host, port, family, type, proto, flags):
               ^^^^^^^^^^^^^^^^^^^^^^^^^^^^^^^^^^^^^^^^^^^^^^^^^^^^^^^^^^^
socket.gaierror: [Errno -3] Temporary failure in name resolution

The above exception was the direct cause of the following exception:

Traceback (most recent call last):
  File "/projects/sp4rk/.venv/lib/python3.12/site-packages/discord/client.py", line 664, in connect
    self.ws = await asyncio.wait_for(coro, timeout=60.0)
              ^^^^^^^^^^^^^^^^^^^^^^^^^^^^^^^^^^^^^^^^^^
  File "/usr/lib/python3.12/asyncio/tasks.py", line 520, in wait_for
    return await fut
           ^^^^^^^^^
  File "/projects/sp4rk/.venv/lib/python3.12/site-packages/discord/gateway.py", line 374, in from_client
    socket = await client.http.ws_connect(str(url))
             ^^^^^^^^^^^^^^^^^^^^^^^^^^^^^^^^^^^^^^
  File "/projects/sp4rk/.venv/lib/python3.12/site-packages/discord/http.py", line 550, in ws_connect
    return await self.__session.ws_connect(url, **kwargs)
           ^^^^^^^^^^^^^^^^^^^^^^^^^^^^^^^^^^^^^^^^^^^^^^
  File "/projects/sp4rk/.venv/lib/python3.12/site-packages/aiohttp/client.py", line 1244, in _ws_connect
    resp = await self.request(
           ^^^^^^^^^^^^^^^^^^^
  File "/projects/sp4rk/.venv/lib/python3.12/site-packages/aiohttp/client.py", line 856, in _request
    resp = await handler(req)
           ^^^^^^^^^^^^^^^^^^
  File "/projects/sp4rk/.venv/lib/python3.12/site-packages/aiohttp/client.py", line 810, in _connect_and_send_request
    conn = await self._connector.connect(
           ^^^^^^^^^^^^^^^^^^^^^^^^^^^^^^
  File "/projects/sp4rk/.venv/lib/python3.12/site-packages/aiohttp/connector.py", line 655, in connect
    proto = await self._create_connection(req, traces, timeout)
            ^^^^^^^^^^^^^^^^^^^^^^^^^^^^^^^^^^^^^^^^^^^^^^^^^^^
  File "/projects/sp4rk/.venv/lib/python3.12/site-packages/aiohttp/connector.py", line 1232, in _create_connection
    _, proto = await self._create_direct_connection(req, traces, timeout)
               ^^^^^^^^^^^^^^^^^^^^^^^^^^^^^^^^^^^^^^^^^^^^^^^^^^^^^^^^^^
  File "/projects/sp4rk/.venv/lib/python3.12/site-packages/aiohttp/connector.py", line 1567, in _create_direct_connection
    raise ClientConnectorDNSError(req.connection_key, exc) from exc
aiohttp.client_exceptions.ClientConnectorDNSError: Cannot connect to host gateway-us-east1-c.discord.gg:443 ssl:default [Temporary failure in name resolution]
2026-09-09 16:30:01,297 WARNING:apscheduler.scheduler:Execution of job "send_due_reminders (trigger: interval[0:00:01], next run at: 2026-09-09 16:30:01 UTC)" skipped: maximum number of running instances reached (1)
2026-09-09 16:30:02,297 WARNING:apscheduler.scheduler:Execution of job "send_due_reminders (trigger: interval[0:00:01], next run at: 2026-09-09 16:30:02 UTC)" skipped: maximum number of running instances reached (1)
2026-09-09 16:30:03,296 WARNING:apscheduler.scheduler:Execution of job "send_due_reminders (trigger: interval[0:00:01], next run at: 2026-09-09 16:30:03 UTC)" skipped: maximum number of running instances reached (1)
2026-09-09 16:30:04,296 WARNING:apscheduler.scheduler:Execution of job "send_due_reminders (trigger: interval[0:00:01], next run at: 2026-09-09 16:30:04 UTC)" skipped: maximum number of running instances reached (1)
2026-09-09 16:30:05,297 WARNING:apscheduler.scheduler:Execution of job "send_due_reminders (trigger: interval[0:00:01], next run at: 2026-09-09 16:30:05 UTC)" skipped: maximum number of running instances reached (1)
2026-09-09 16:30:06,298 WARNING:apscheduler.scheduler:Execution of job "send_due_reminders (trigger: interval[0:00:01], next run at: 2026-09-09 16:30:06 UTC)" skipped: maximum number of running instances reached (1)
2026-09-09 16:30:07,297 WARNING:apscheduler.scheduler:Execution of job "send_due_reminders (trigger: interval[0:00:01], next run at: 2026-09-09 16:30:07 UTC)" skipped: maximum number of running instances reached (1)
2026-09-09 16:30:08,298 WARNING:apscheduler.scheduler:Execution of job "send_due_reminders (trigger: interval[0:00:01], next run at: 2026-09-09 16:30:08 UTC)" skipped: maximum number of running instances reached (1)
2026-09-09 16:30:09,297 WARNING:apscheduler.scheduler:Execution of job "send_due_reminders (trigger: interval[0:00:01], next run at: 2026-09-09 16:30:09 UTC)" skipped: maximum number of running instances reached (1)
2026-09-09 16:30:10,297 WARNING:apscheduler.scheduler:Execution of job "send_due_reminders (trigger: interval[0:00:01], next run at: 2026-09-09 16:30:10 UTC)" skipped: maximum number of running instances reached (1)
2026-09-09 16:30:11,296 WARNING:apscheduler.scheduler:Execution of job "send_due_reminders (trigger: interval[0:00:01], next run at: 2026-09-09 16:30:11 UTC)" skipped: maximum number of running instances reached (1)
2026-09-09 16:30:12,296 WARNING:apscheduler.scheduler:Execution of job "send_due_reminders (trigger: interval[0:00:01], next run at: 2026-09-09 16:30:12 UTC)" skipped: maximum number of running instances reached (1)
2026-09-09 16:30:13,297 WARNING:apscheduler.scheduler:Execution of job "send_due_reminders (trigger: interval[0:00:01], next run at: 2026-09-09 16:30:13 UTC)" skipped: maximum number of running instances reached (1)
2026-09-09 16:30:14,297 WARNING:apscheduler.scheduler:Execution of job "send_due_reminders (trigger: interval[0:00:01], next run at: 2026-09-09 16:30:14 UTC)" skipped: maximum number of running instances reached (1)
2026-09-09 16:30:15,296 WARNING:apscheduler.scheduler:Execution of job "send_due_reminders (trigger: interval[0:00:01], next run at: 2026-09-09 16:30:15 UTC)" skipped: maximum number of running instances reached (1)
2026-09-09 16:30:16,297 WARNING:apscheduler.scheduler:Execution of job "send_due_reminders (trigger: interval[0:00:01], next run at: 2026-09-09 16:30:16 UTC)" skipped: maximum number of running instances reached (1)
2026-09-09 16:30:17,296 WARNING:apscheduler.scheduler:Execution of job "send_due_reminders (trigger: interval[0:00:01], next run at: 2026-09-09 16:30:17 UTC)" skipped: maximum number of running instances reached (1)
2026-09-09 16:30:18,296 WARNING:apscheduler.scheduler:Execution of job "send_due_reminders (trigger: interval[0:00:01], next run at: 2026-09-09 16:30:18 UTC)" skipped: maximum number of running instances reached (1)
2026-09-09 16:30:19,284 WARNING:SP4RK.reminders:DM closed for user 591297089686863872
2026-09-10 01:28:54,308 ERROR:discord.client:Attempting a reconnect in 0.57s
Traceback (most recent call last):
  File "/projects/sp4rk/.venv/lib/python3.12/site-packages/aiohttp/connector.py", line 1561, in _create_direct_connection
    hosts = await self._resolve_host(host, port, traces=traces)
            ^^^^^^^^^^^^^^^^^^^^^^^^^^^^^^^^^^^^^^^^^^^^^^^^^^^
  File "/projects/sp4rk/.venv/lib/python3.12/site-packages/aiohttp/connector.py", line 1171, in _resolve_host
    return await asyncio.shield(resolved_host_task)
           ^^^^^^^^^^^^^^^^^^^^^^^^^^^^^^^^^^^^^^^^
  File "/projects/sp4rk/.venv/lib/python3.12/site-packages/aiohttp/connector.py", line 1202, in _resolve_host_with_throttle
    addrs = await self._resolver.resolve(host, port, family=self._family)
            ^^^^^^^^^^^^^^^^^^^^^^^^^^^^^^^^^^^^^^^^^^^^^^^^^^^^^^^^^^^^^
  File "/projects/sp4rk/.venv/lib/python3.12/site-packages/aiohttp/resolver.py", line 40, in resolve
    infos = await self._loop.getaddrinfo(
            ^^^^^^^^^^^^^^^^^^^^^^^^^^^^^
  File "/usr/lib/python3.12/asyncio/base_events.py", line 901, in getaddrinfo
    return await self.run_in_executor(
           ^^^^^^^^^^^^^^^^^^^^^^^^^^^
  File "/usr/lib/python3.12/concurrent/futures/thread.py", line 58, in run
    result = self.fn(*self.args, **self.kwargs)
             ^^^^^^^^^^^^^^^^^^^^^^^^^^^^^^^^^^
  File "/usr/lib/python3.12/socket.py", line 963, in getaddrinfo
    for res in _socket.getaddrinfo(host, port, family, type, proto, flags):
               ^^^^^^^^^^^^^^^^^^^^^^^^^^^^^^^^^^^^^^^^^^^^^^^^^^^^^^^^^^^
socket.gaierror: [Errno -3] Temporary failure in name resolution

The above exception was the direct cause of the following exception:

Traceback (most recent call last):
  File "/projects/sp4rk/.venv/lib/python3.12/site-packages/discord/client.py", line 664, in connect
    self.ws = await asyncio.wait_for(coro, timeout=60.0)
              ^^^^^^^^^^^^^^^^^^^^^^^^^^^^^^^^^^^^^^^^^^
  File "/usr/lib/python3.12/asyncio/tasks.py", line 520, in wait_for
    return await fut
           ^^^^^^^^^
  File "/projects/sp4rk/.venv/lib/python3.12/site-packages/discord/gateway.py", line 374, in from_client
    socket = await client.http.ws_connect(str(url))
             ^^^^^^^^^^^^^^^^^^^^^^^^^^^^^^^^^^^^^^
  File "/projects/sp4rk/.venv/lib/python3.12/site-packages/discord/http.py", line 550, in ws_connect
    return await self.__session.ws_connect(url, **kwargs)
           ^^^^^^^^^^^^^^^^^^^^^^^^^^^^^^^^^^^^^^^^^^^^^^
  File "/projects/sp4rk/.venv/lib/python3.12/site-packages/aiohttp/client.py", line 1244, in _ws_connect
    resp = await self.request(
           ^^^^^^^^^^^^^^^^^^^
  File "/projects/sp4rk/.venv/lib/python3.12/site-packages/aiohttp/client.py", line 856, in _request
    resp = await handler(req)
           ^^^^^^^^^^^^^^^^^^
  File "/projects/sp4rk/.venv/lib/python3.12/site-packages/aiohttp/client.py", line 810, in _connect_and_send_request
    conn = await self._connector.connect(
           ^^^^^^^^^^^^^^^^^^^^^^^^^^^^^^
  File "/projects/sp4rk/.venv/lib/python3.12/site-packages/aiohttp/connector.py", line 655, in connect
    proto = await self._create_connection(req, traces, timeout)
            ^^^^^^^^^^^^^^^^^^^^^^^^^^^^^^^^^^^^^^^^^^^^^^^^^^^
  File "/projects/sp4rk/.venv/lib/python3.12/site-packages/aiohttp/connector.py", line 1232, in _create_connection
    _, proto = await self._create_direct_connection(req, traces, timeout)
               ^^^^^^^^^^^^^^^^^^^^^^^^^^^^^^^^^^^^^^^^^^^^^^^^^^^^^^^^^^
  File "/projects/sp4rk/.venv/lib/python3.12/site-packages/aiohttp/connector.py", line 1567, in _create_direct_connection
    raise ClientConnectorDNSError(req.connection_key, exc) from exc
aiohttp.client_exceptions.ClientConnectorDNSError: Cannot connect to host gateway-us-east1-c.discord.gg:443 ssl:default [Temporary failure in name resolution]
2026-09-10 03:34:34,700 ERROR:discord.client:Attempting a reconnect in 0.36s
Traceback (most recent call last):
  File "/projects/sp4rk/.venv/lib/python3.12/site-packages/aiohttp/connector.py", line 1561, in _create_direct_connection
    hosts = await self._resolve_host(host, port, traces=traces)
            ^^^^^^^^^^^^^^^^^^^^^^^^^^^^^^^^^^^^^^^^^^^^^^^^^^^
  File "/projects/sp4rk/.venv/lib/python3.12/site-packages/aiohttp/connector.py", line 1171, in _resolve_host
    return await asyncio.shield(resolved_host_task)
           ^^^^^^^^^^^^^^^^^^^^^^^^^^^^^^^^^^^^^^^^
  File "/projects/sp4rk/.venv/lib/python3.12/site-packages/aiohttp/connector.py", line 1202, in _resolve_host_with_throttle
    addrs = await self._resolver.resolve(host, port, family=self._family)
            ^^^^^^^^^^^^^^^^^^^^^^^^^^^^^^^^^^^^^^^^^^^^^^^^^^^^^^^^^^^^^
  File "/projects/sp4rk/.venv/lib/python3.12/site-packages/aiohttp/resolver.py", line 40, in resolve
    infos = await self._loop.getaddrinfo(
            ^^^^^^^^^^^^^^^^^^^^^^^^^^^^^
  File "/usr/lib/python3.12/asyncio/base_events.py", line 901, in getaddrinfo
    return await self.run_in_executor(
           ^^^^^^^^^^^^^^^^^^^^^^^^^^^
  File "/usr/lib/python3.12/concurrent/futures/thread.py", line 58, in run
    result = self.fn(*self.args, **self.kwargs)
             ^^^^^^^^^^^^^^^^^^^^^^^^^^^^^^^^^^
  File "/usr/lib/python3.12/socket.py", line 963, in getaddrinfo
    for res in _socket.getaddrinfo(host, port, family, type, proto, flags):
               ^^^^^^^^^^^^^^^^^^^^^^^^^^^^^^^^^^^^^^^^^^^^^^^^^^^^^^^^^^^
socket.gaierror: [Errno -3] Temporary failure in name resolution

The above exception was the direct cause of the following exception:

Traceback (most recent call last):
  File "/projects/sp4rk/.venv/lib/python3.12/site-packages/discord/client.py", line 664, in connect
    self.ws = await asyncio.wait_for(coro, timeout=60.0)
              ^^^^^^^^^^^^^^^^^^^^^^^^^^^^^^^^^^^^^^^^^^
  File "/usr/lib/python3.12/asyncio/tasks.py", line 520, in wait_for
    return await fut
           ^^^^^^^^^
  File "/projects/sp4rk/.venv/lib/python3.12/site-packages/discord/gateway.py", line 374, in from_client
    socket = await client.http.ws_connect(str(url))
             ^^^^^^^^^^^^^^^^^^^^^^^^^^^^^^^^^^^^^^
  File "/projects/sp4rk/.venv/lib/python3.12/site-packages/discord/http.py", line 550, in ws_connect
    return await self.__session.ws_connect(url, **kwargs)
           ^^^^^^^^^^^^^^^^^^^^^^^^^^^^^^^^^^^^^^^^^^^^^^
  File "/projects/sp4rk/.venv/lib/python3.12/site-packages/aiohttp/client.py", line 1244, in _ws_connect
    resp = await self.request(
           ^^^^^^^^^^^^^^^^^^^
  File "/projects/sp4rk/.venv/lib/python3.12/site-packages/aiohttp/client.py", line 856, in _request
    resp = await handler(req)
           ^^^^^^^^^^^^^^^^^^
  File "/projects/sp4rk/.venv/lib/python3.12/site-packages/aiohttp/client.py", line 810, in _connect_and_send_request
    conn = await self._connector.connect(
           ^^^^^^^^^^^^^^^^^^^^^^^^^^^^^^
  File "/projects/sp4rk/.venv/lib/python3.12/site-packages/aiohttp/connector.py", line 655, in connect
    proto = await self._create_connection(req, traces, timeout)
            ^^^^^^^^^^^^^^^^^^^^^^^^^^^^^^^^^^^^^^^^^^^^^^^^^^^
  File "/projects/sp4rk/.venv/lib/python3.12/site-packages/aiohttp/connector.py", line 1232, in _create_connection
    _, proto = await self._create_direct_connection(req, traces, timeout)
               ^^^^^^^^^^^^^^^^^^^^^^^^^^^^^^^^^^^^^^^^^^^^^^^^^^^^^^^^^^
  File "/projects/sp4rk/.venv/lib/python3.12/site-packages/aiohttp/connector.py", line 1567, in _create_direct_connection
    raise ClientConnectorDNSError(req.connection_key, exc) from exc
aiohttp.client_exceptions.ClientConnectorDNSError: Cannot connect to host gateway-us-east1-c.discord.gg:443 ssl:default [Temporary failure in name resolution]
2026-09-10 09:09:42,160 ERROR:discord.client:Attempting a reconnect in 1.91s
Traceback (most recent call last):
  File "/projects/sp4rk/.venv/lib/python3.12/site-packages/aiohttp/connector.py", line 1561, in _create_direct_connection
    hosts = await self._resolve_host(host, port, traces=traces)
            ^^^^^^^^^^^^^^^^^^^^^^^^^^^^^^^^^^^^^^^^^^^^^^^^^^^
  File "/projects/sp4rk/.venv/lib/python3.12/site-packages/aiohttp/connector.py", line 1171, in _resolve_host
    return await asyncio.shield(resolved_host_task)
           ^^^^^^^^^^^^^^^^^^^^^^^^^^^^^^^^^^^^^^^^
  File "/projects/sp4rk/.venv/lib/python3.12/site-packages/aiohttp/connector.py", line 1202, in _resolve_host_with_throttle
    addrs = await self._resolver.resolve(host, port, family=self._family)
            ^^^^^^^^^^^^^^^^^^^^^^^^^^^^^^^^^^^^^^^^^^^^^^^^^^^^^^^^^^^^^
  File "/projects/sp4rk/.venv/lib/python3.12/site-packages/aiohttp/resolver.py", line 40, in resolve
    infos = await self._loop.getaddrinfo(
            ^^^^^^^^^^^^^^^^^^^^^^^^^^^^^
  File "/usr/lib/python3.12/asyncio/base_events.py", line 901, in getaddrinfo
    return await self.run_in_executor(
           ^^^^^^^^^^^^^^^^^^^^^^^^^^^
  File "/usr/lib/python3.12/concurrent/futures/thread.py", line 58, in run
    result = self.fn(*self.args, **self.kwargs)
             ^^^^^^^^^^^^^^^^^^^^^^^^^^^^^^^^^^
  File "/usr/lib/python3.12/socket.py", line 963, in getaddrinfo
    for res in _socket.getaddrinfo(host, port, family, type, proto, flags):
               ^^^^^^^^^^^^^^^^^^^^^^^^^^^^^^^^^^^^^^^^^^^^^^^^^^^^^^^^^^^
socket.gaierror: [Errno -3] Temporary failure in name resolution

The above exception was the direct cause of the following exception:

Traceback (most recent call last):
  File "/projects/sp4rk/.venv/lib/python3.12/site-packages/discord/client.py", line 664, in connect
    self.ws = await asyncio.wait_for(coro, timeout=60.0)
              ^^^^^^^^^^^^^^^^^^^^^^^^^^^^^^^^^^^^^^^^^^
  File "/usr/lib/python3.12/asyncio/tasks.py", line 520, in wait_for
    return await fut
           ^^^^^^^^^
  File "/projects/sp4rk/.venv/lib/python3.12/site-packages/discord/gateway.py", line 374, in from_client
    socket = await client.http.ws_connect(str(url))
             ^^^^^^^^^^^^^^^^^^^^^^^^^^^^^^^^^^^^^^
  File "/projects/sp4rk/.venv/lib/python3.12/site-packages/discord/http.py", line 550, in ws_connect
    return await self.__session.ws_connect(url, **kwargs)
           ^^^^^^^^^^^^^^^^^^^^^^^^^^^^^^^^^^^^^^^^^^^^^^
  File "/projects/sp4rk/.venv/lib/python3.12/site-packages/aiohttp/client.py", line 1244, in _ws_connect
    resp = await self.request(
           ^^^^^^^^^^^^^^^^^^^
  File "/projects/sp4rk/.venv/lib/python3.12/site-packages/aiohttp/client.py", line 856, in _request
    resp = await handler(req)
           ^^^^^^^^^^^^^^^^^^
  File "/projects/sp4rk/.venv/lib/python3.12/site-packages/aiohttp/client.py", line 810, in _connect_and_send_request
    conn = await self._connector.connect(
           ^^^^^^^^^^^^^^^^^^^^^^^^^^^^^^
  File "/projects/sp4rk/.venv/lib/python3.12/site-packages/aiohttp/connector.py", line 655, in connect
    proto = await self._create_connection(req, traces, timeout)
            ^^^^^^^^^^^^^^^^^^^^^^^^^^^^^^^^^^^^^^^^^^^^^^^^^^^
  File "/projects/sp4rk/.venv/lib/python3.12/site-packages/aiohttp/connector.py", line 1232, in _create_connection
    _, proto = await self._create_direct_connection(req, traces, timeout)
               ^^^^^^^^^^^^^^^^^^^^^^^^^^^^^^^^^^^^^^^^^^^^^^^^^^^^^^^^^^
  File "/projects/sp4rk/.venv/lib/python3.12/site-packages/aiohttp/connector.py", line 1567, in _create_direct_connection
    raise ClientConnectorDNSError(req.connection_key, exc) from exc
aiohttp.client_exceptions.ClientConnectorDNSError: Cannot connect to host gateway-us-east1-c.discord.gg:443 ssl:default [Temporary failure in name resolution]
2026-09-10 10:41:25,229 WARNING:discord.gateway:Can't keep up, shard ID None websocket is 14.5s behind.
2026-09-10 11:56:21,924 ERROR:discord.client:Attempting a reconnect in 1.99s
Traceback (most recent call last):
  File "/projects/sp4rk/.venv/lib/python3.12/site-packages/aiohttp/connector.py", line 1561, in _create_direct_connection
    hosts = await self._resolve_host(host, port, traces=traces)
            ^^^^^^^^^^^^^^^^^^^^^^^^^^^^^^^^^^^^^^^^^^^^^^^^^^^
  File "/projects/sp4rk/.venv/lib/python3.12/site-packages/aiohttp/connector.py", line 1171, in _resolve_host
    return await asyncio.shield(resolved_host_task)
           ^^^^^^^^^^^^^^^^^^^^^^^^^^^^^^^^^^^^^^^^
  File "/projects/sp4rk/.venv/lib/python3.12/site-packages/aiohttp/connector.py", line 1202, in _resolve_host_with_throttle
    addrs = await self._resolver.resolve(host, port, family=self._family)
            ^^^^^^^^^^^^^^^^^^^^^^^^^^^^^^^^^^^^^^^^^^^^^^^^^^^^^^^^^^^^^
  File "/projects/sp4rk/.venv/lib/python3.12/site-packages/aiohttp/resolver.py", line 40, in resolve
    infos = await self._loop.getaddrinfo(
            ^^^^^^^^^^^^^^^^^^^^^^^^^^^^^
  File "/usr/lib/python3.12/asyncio/base_events.py", line 901, in getaddrinfo
    return await self.run_in_executor(
           ^^^^^^^^^^^^^^^^^^^^^^^^^^^
  File "/usr/lib/python3.12/concurrent/futures/thread.py", line 58, in run
    result = self.fn(*self.args, **self.kwargs)
             ^^^^^^^^^^^^^^^^^^^^^^^^^^^^^^^^^^
  File "/usr/lib/python3.12/socket.py", line 963, in getaddrinfo
    for res in _socket.getaddrinfo(host, port, family, type, proto, flags):
               ^^^^^^^^^^^^^^^^^^^^^^^^^^^^^^^^^^^^^^^^^^^^^^^^^^^^^^^^^^^
socket.gaierror: [Errno -3] Temporary failure in name resolution

The above exception was the direct cause of the following exception:

Traceback (most recent call last):
  File "/projects/sp4rk/.venv/lib/python3.12/site-packages/discord/client.py", line 664, in connect
    self.ws = await asyncio.wait_for(coro, timeout=60.0)
              ^^^^^^^^^^^^^^^^^^^^^^^^^^^^^^^^^^^^^^^^^^
  File "/usr/lib/python3.12/asyncio/tasks.py", line 520, in wait_for
    return await fut
           ^^^^^^^^^
  File "/projects/sp4rk/.venv/lib/python3.12/site-packages/discord/gateway.py", line 374, in from_client
    socket = await client.http.ws_connect(str(url))
             ^^^^^^^^^^^^^^^^^^^^^^^^^^^^^^^^^^^^^^
  File "/projects/sp4rk/.venv/lib/python3.12/site-packages/discord/http.py", line 550, in ws_connect
    return await self.__session.ws_connect(url, **kwargs)
           ^^^^^^^^^^^^^^^^^^^^^^^^^^^^^^^^^^^^^^^^^^^^^^
  File "/projects/sp4rk/.venv/lib/python3.12/site-packages/aiohttp/client.py", line 1244, in _ws_connect
    resp = await self.request(
           ^^^^^^^^^^^^^^^^^^^
  File "/projects/sp4rk/.venv/lib/python3.12/site-packages/aiohttp/client.py", line 856, in _request
    resp = await handler(req)
           ^^^^^^^^^^^^^^^^^^
  File "/projects/sp4rk/.venv/lib/python3.12/site-packages/aiohttp/client.py", line 810, in _connect_and_send_request
    conn = await self._connector.connect(
           ^^^^^^^^^^^^^^^^^^^^^^^^^^^^^^
  File "/projects/sp4rk/.venv/lib/python3.12/site-packages/aiohttp/connector.py", line 655, in connect
    proto = await self._create_connection(req, traces, timeout)
            ^^^^^^^^^^^^^^^^^^^^^^^^^^^^^^^^^^^^^^^^^^^^^^^^^^^
  File "/projects/sp4rk/.venv/lib/python3.12/site-packages/aiohttp/connector.py", line 1232, in _create_connection
    _, proto = await self._create_direct_connection(req, traces, timeout)
               ^^^^^^^^^^^^^^^^^^^^^^^^^^^^^^^^^^^^^^^^^^^^^^^^^^^^^^^^^^
  File "/projects/sp4rk/.venv/lib/python3.12/site-packages/aiohttp/connector.py", line 1567, in _create_direct_connection
    raise ClientConnectorDNSError(req.connection_key, exc) from exc
aiohttp.client_exceptions.ClientConnectorDNSError: Cannot connect to host gateway-us-east1-c.discord.gg:443 ssl:default [Temporary failure in name resolution]
2026-09-10 12:49:52,373 ERROR:discord.client:Attempting a reconnect in 0.63s
Traceback (most recent call last):
  File "/projects/sp4rk/.venv/lib/python3.12/site-packages/aiohttp/connector.py", line 1561, in _create_direct_connection
    hosts = await self._resolve_host(host, port, traces=traces)
            ^^^^^^^^^^^^^^^^^^^^^^^^^^^^^^^^^^^^^^^^^^^^^^^^^^^
  File "/projects/sp4rk/.venv/lib/python3.12/site-packages/aiohttp/connector.py", line 1171, in _resolve_host
    return await asyncio.shield(resolved_host_task)
           ^^^^^^^^^^^^^^^^^^^^^^^^^^^^^^^^^^^^^^^^
  File "/projects/sp4rk/.venv/lib/python3.12/site-packages/aiohttp/connector.py", line 1202, in _resolve_host_with_throttle
    addrs = await self._resolver.resolve(host, port, family=self._family)
            ^^^^^^^^^^^^^^^^^^^^^^^^^^^^^^^^^^^^^^^^^^^^^^^^^^^^^^^^^^^^^
  File "/projects/sp4rk/.venv/lib/python3.12/site-packages/aiohttp/resolver.py", line 40, in resolve
    infos = await self._loop.getaddrinfo(
            ^^^^^^^^^^^^^^^^^^^^^^^^^^^^^
  File "/usr/lib/python3.12/asyncio/base_events.py", line 901, in getaddrinfo
    return await self.run_in_executor(
           ^^^^^^^^^^^^^^^^^^^^^^^^^^^
  File "/usr/lib/python3.12/concurrent/futures/thread.py", line 58, in run
    result = self.fn(*self.args, **self.kwargs)
             ^^^^^^^^^^^^^^^^^^^^^^^^^^^^^^^^^^
  File "/usr/lib/python3.12/socket.py", line 963, in getaddrinfo
    for res in _socket.getaddrinfo(host, port, family, type, proto, flags):
               ^^^^^^^^^^^^^^^^^^^^^^^^^^^^^^^^^^^^^^^^^^^^^^^^^^^^^^^^^^^
socket.gaierror: [Errno -3] Temporary failure in name resolution

The above exception was the direct cause of the following exception:

Traceback (most recent call last):
  File "/projects/sp4rk/.venv/lib/python3.12/site-packages/discord/client.py", line 664, in connect
    self.ws = await asyncio.wait_for(coro, timeout=60.0)
              ^^^^^^^^^^^^^^^^^^^^^^^^^^^^^^^^^^^^^^^^^^
  File "/usr/lib/python3.12/asyncio/tasks.py", line 520, in wait_for
    return await fut
           ^^^^^^^^^
  File "/projects/sp4rk/.venv/lib/python3.12/site-packages/discord/gateway.py", line 374, in from_client
    socket = await client.http.ws_connect(str(url))
             ^^^^^^^^^^^^^^^^^^^^^^^^^^^^^^^^^^^^^^
  File "/projects/sp4rk/.venv/lib/python3.12/site-packages/discord/http.py", line 550, in ws_connect
    return await self.__session.ws_connect(url, **kwargs)
           ^^^^^^^^^^^^^^^^^^^^^^^^^^^^^^^^^^^^^^^^^^^^^^
  File "/projects/sp4rk/.venv/lib/python3.12/site-packages/aiohttp/client.py", line 1244, in _ws_connect
    resp = await self.request(
           ^^^^^^^^^^^^^^^^^^^
  File "/projects/sp4rk/.venv/lib/python3.12/site-packages/aiohttp/client.py", line 856, in _request
    resp = await handler(req)
           ^^^^^^^^^^^^^^^^^^
  File "/projects/sp4rk/.venv/lib/python3.12/site-packages/aiohttp/client.py", line 810, in _connect_and_send_request
    conn = await self._connector.connect(
           ^^^^^^^^^^^^^^^^^^^^^^^^^^^^^^
  File "/projects/sp4rk/.venv/lib/python3.12/site-packages/aiohttp/connector.py", line 655, in connect
    proto = await self._create_connection(req, traces, timeout)
            ^^^^^^^^^^^^^^^^^^^^^^^^^^^^^^^^^^^^^^^^^^^^^^^^^^^
  File "/projects/sp4rk/.venv/lib/python3.12/site-packages/aiohttp/connector.py", line 1232, in _create_connection
    _, proto = await self._create_direct_connection(req, traces, timeout)
               ^^^^^^^^^^^^^^^^^^^^^^^^^^^^^^^^^^^^^^^^^^^^^^^^^^^^^^^^^^
  File "/projects/sp4rk/.venv/lib/python3.12/site-packages/aiohttp/connector.py", line 1567, in _create_direct_connection
    raise ClientConnectorDNSError(req.connection_key, exc) from exc
aiohttp.client_exceptions.ClientConnectorDNSError: Cannot connect to host gateway-us-east1-c.discord.gg:443 ssl:default [Temporary failure in name resolution]
2026-09-10 17:20:11,181 ERROR:discord.client:Attempting a reconnect in 1.97s
Traceback (most recent call last):
  File "/projects/sp4rk/.venv/lib/python3.12/site-packages/aiohttp/connector.py", line 1561, in _create_direct_connection
    hosts = await self._resolve_host(host, port, traces=traces)
            ^^^^^^^^^^^^^^^^^^^^^^^^^^^^^^^^^^^^^^^^^^^^^^^^^^^
  File "/projects/sp4rk/.venv/lib/python3.12/site-packages/aiohttp/connector.py", line 1171, in _resolve_host
    return await asyncio.shield(resolved_host_task)
           ^^^^^^^^^^^^^^^^^^^^^^^^^^^^^^^^^^^^^^^^
  File "/projects/sp4rk/.venv/lib/python3.12/site-packages/aiohttp/connector.py", line 1202, in _resolve_host_with_throttle
    addrs = await self._resolver.resolve(host, port, family=self._family)
            ^^^^^^^^^^^^^^^^^^^^^^^^^^^^^^^^^^^^^^^^^^^^^^^^^^^^^^^^^^^^^
  File "/projects/sp4rk/.venv/lib/python3.12/site-packages/aiohttp/resolver.py", line 40, in resolve
    infos = await self._loop.getaddrinfo(
            ^^^^^^^^^^^^^^^^^^^^^^^^^^^^^
  File "/usr/lib/python3.12/asyncio/base_events.py", line 901, in getaddrinfo
    return await self.run_in_executor(
           ^^^^^^^^^^^^^^^^^^^^^^^^^^^
  File "/usr/lib/python3.12/concurrent/futures/thread.py", line 58, in run
    result = self.fn(*self.args, **self.kwargs)
             ^^^^^^^^^^^^^^^^^^^^^^^^^^^^^^^^^^
  File "/usr/lib/python3.12/socket.py", line 963, in getaddrinfo
    for res in _socket.getaddrinfo(host, port, family, type, proto, flags):
               ^^^^^^^^^^^^^^^^^^^^^^^^^^^^^^^^^^^^^^^^^^^^^^^^^^^^^^^^^^^
socket.gaierror: [Errno -3] Temporary failure in name resolution

The above exception was the direct cause of the following exception:

Traceback (most recent call last):
  File "/projects/sp4rk/.venv/lib/python3.12/site-packages/discord/client.py", line 664, in connect
    self.ws = await asyncio.wait_for(coro, timeout=60.0)
              ^^^^^^^^^^^^^^^^^^^^^^^^^^^^^^^^^^^^^^^^^^
  File "/usr/lib/python3.12/asyncio/tasks.py", line 520, in wait_for
    return await fut
           ^^^^^^^^^
  File "/projects/sp4rk/.venv/lib/python3.12/site-packages/discord/gateway.py", line 374, in from_client
    socket = await client.http.ws_connect(str(url))
             ^^^^^^^^^^^^^^^^^^^^^^^^^^^^^^^^^^^^^^
  File "/projects/sp4rk/.venv/lib/python3.12/site-packages/discord/http.py", line 550, in ws_connect
    return await self.__session.ws_connect(url, **kwargs)
           ^^^^^^^^^^^^^^^^^^^^^^^^^^^^^^^^^^^^^^^^^^^^^^
  File "/projects/sp4rk/.venv/lib/python3.12/site-packages/aiohttp/client.py", line 1244, in _ws_connect
    resp = await self.request(
           ^^^^^^^^^^^^^^^^^^^
  File "/projects/sp4rk/.venv/lib/python3.12/site-packages/aiohttp/client.py", line 856, in _request
    resp = await handler(req)
           ^^^^^^^^^^^^^^^^^^
  File "/projects/sp4rk/.venv/lib/python3.12/site-packages/aiohttp/client.py", line 810, in _connect_and_send_request
    conn = await self._connector.connect(
           ^^^^^^^^^^^^^^^^^^^^^^^^^^^^^^
  File "/projects/sp4rk/.venv/lib/python3.12/site-packages/aiohttp/connector.py", line 655, in connect
    proto = await self._create_connection(req, traces, timeout)
            ^^^^^^^^^^^^^^^^^^^^^^^^^^^^^^^^^^^^^^^^^^^^^^^^^^^
  File "/projects/sp4rk/.venv/lib/python3.12/site-packages/aiohttp/connector.py", line 1232, in _create_connection
    _, proto = await self._create_direct_connection(req, traces, timeout)
               ^^^^^^^^^^^^^^^^^^^^^^^^^^^^^^^^^^^^^^^^^^^^^^^^^^^^^^^^^^
  File "/projects/sp4rk/.venv/lib/python3.12/site-packages/aiohttp/connector.py", line 1567, in _create_direct_connection
    raise ClientConnectorDNSError(req.connection_key, exc) from exc
aiohttp.client_exceptions.ClientConnectorDNSError: Cannot connect to host gateway-us-east1-c.discord.gg:443 ssl:default [Temporary failure in name resolution]
2026-09-10 21:11:02,350 WARNING:apscheduler.scheduler:Execution of job "send_due_reminders (trigger: interval[0:00:01], next run at: 2026-09-10 21:11:02 UTC)" skipped: maximum number of running instances reached (1)
2026-09-10 21:11:04,470 WARNING:apscheduler.scheduler:Execution of job "send_due_reminders (trigger: interval[0:00:01], next run at: 2026-09-10 21:11:04 UTC)" skipped: maximum number of running instances reached (1)
2026-09-10 21:11:07,385 WARNING:apscheduler.scheduler:Execution of job "send_due_reminders (trigger: interval[0:00:01], next run at: 2026-09-10 21:11:07 UTC)" skipped: maximum number of running instances reached (1)
2026-09-10 21:11:19,328 WARNING:apscheduler.scheduler:Execution of job "send_due_reminders (trigger: interval[0:00:01], next run at: 2026-09-10 21:11:19 UTC)" skipped: maximum number of running instances reached (1)
2026-09-10 21:11:21,371 WARNING:apscheduler.scheduler:Execution of job "send_due_reminders (trigger: interval[0:00:01], next run at: 2026-09-10 21:11:21 UTC)" skipped: maximum number of running instances reached (1)
2026-09-10 21:11:28,716 WARNING:apscheduler.scheduler:Execution of job "send_due_reminders (trigger: interval[0:00:01], next run at: 2026-09-10 21:11:28 UTC)" skipped: maximum number of running instances reached (1)
2026-09-10 21:11:31,391 WARNING:apscheduler.scheduler:Execution of job "send_due_reminders (trigger: interval[0:00:01], next run at: 2026-09-10 21:11:31 UTC)" skipped: maximum number of running instances reached (1)
2026-09-10 21:11:34,349 WARNING:apscheduler.scheduler:Execution of job "send_due_reminders (trigger: interval[0:00:01], next run at: 2026-09-10 21:11:34 UTC)" skipped: maximum number of running instances reached (1)
2026-09-10 21:11:39,318 WARNING:apscheduler.scheduler:Execution of job "send_due_reminders (trigger: interval[0:00:01], next run at: 2026-09-10 21:11:39 UTC)" skipped: maximum number of running instances reached (1)
2026-09-10 21:11:48,642 WARNING:apscheduler.scheduler:Execution of job "send_due_reminders (trigger: interval[0:00:01], next run at: 2026-09-10 21:11:48 UTC)" skipped: maximum number of running instances reached (1)
2026-09-10 21:12:01,300 WARNING:apscheduler.scheduler:Execution of job "send_due_reminders (trigger: interval[0:00:01], next run at: 2026-09-10 21:12:01 UTC)" skipped: maximum number of running instances reached (1)
2026-09-10 21:12:03,402 WARNING:apscheduler.scheduler:Execution of job "send_due_reminders (trigger: interval[0:00:01], next run at: 2026-09-10 21:12:03 UTC)" skipped: maximum number of running instances reached (1)
2026-09-10 21:12:11,379 WARNING:apscheduler.scheduler:Execution of job "send_due_reminders (trigger: interval[0:00:01], next run at: 2026-09-10 21:12:11 UTC)" skipped: maximum number of running instances reached (1)
2026-09-10 21:12:13,380 WARNING:apscheduler.scheduler:Execution of job "send_due_reminders (trigger: interval[0:00:01], next run at: 2026-09-10 21:12:13 UTC)" skipped: maximum number of running instances reached (1)
2026-09-10 21:12:19,417 WARNING:apscheduler.scheduler:Execution of job "send_due_reminders (trigger: interval[0:00:01], next run at: 2026-09-10 21:12:19 UTC)" skipped: maximum number of running instances reached (1)
2026-09-10 21:12:20,435 WARNING:apscheduler.scheduler:Execution of job "send_due_reminders (trigger: interval[0:00:01], next run at: 2026-09-10 21:12:20 UTC)" skipped: maximum number of running instances reached (1)
2026-09-10 21:12:22,448 WARNING:apscheduler.scheduler:Execution of job "send_due_reminders (trigger: interval[0:00:01], next run at: 2026-09-10 21:12:22 UTC)" skipped: maximum number of running instances reached (1)
2026-09-10 21:12:28,309 WARNING:apscheduler.scheduler:Execution of job "send_due_reminders (trigger: interval[0:00:01], next run at: 2026-09-10 21:12:28 UTC)" skipped: maximum number of running instances reached (1)
2026-09-10 21:12:33,354 WARNING:apscheduler.scheduler:Execution of job "send_due_reminders (trigger: interval[0:00:01], next run at: 2026-09-10 21:12:33 UTC)" skipped: maximum number of running instances reached (1)
2026-09-10 21:12:38,299 WARNING:apscheduler.scheduler:Execution of job "send_due_reminders (trigger: interval[0:00:01], next run at: 2026-09-10 21:12:38 UTC)" skipped: maximum number of running instances reached (1)
2026-09-10 21:12:41,422 WARNING:apscheduler.scheduler:Execution of job "send_due_reminders (trigger: interval[0:00:01], next run at: 2026-09-10 21:12:41 UTC)" skipped: maximum number of running instances reached (1)
2026-09-10 21:12:47,420 WARNING:apscheduler.scheduler:Execution of job "send_due_reminders (trigger: interval[0:00:01], next run at: 2026-09-10 21:12:47 UTC)" skipped: maximum number of running instances reached (1)
2026-09-10 21:13:03,433 WARNING:apscheduler.scheduler:Execution of job "send_due_reminders (trigger: interval[0:00:01], next run at: 2026-09-10 21:13:03 UTC)" skipped: maximum number of running instances reached (1)
2026-09-10 21:13:05,435 WARNING:apscheduler.scheduler:Execution of job "send_due_reminders (trigger: interval[0:00:01], next run at: 2026-09-10 21:13:05 UTC)" skipped: maximum number of running instances reached (1)
2026-09-10 21:13:07,567 WARNING:apscheduler.scheduler:Execution of job "send_due_reminders (trigger: interval[0:00:01], next run at: 2026-09-10 21:13:07 UTC)" skipped: maximum number of running instances reached (1)
2026-09-10 21:13:18,361 WARNING:apscheduler.scheduler:Execution of job "send_due_reminders (trigger: interval[0:00:01], next run at: 2026-09-10 21:13:18 UTC)" skipped: maximum number of running instances reached (1)
2026-09-10 21:22:15,650 WARNING:apscheduler.scheduler:Execution of job "send_due_reminders (trigger: interval[0:00:01], next run at: 2026-09-10 21:22:15 UTC)" skipped: maximum number of running instances reached (1)
2026-09-10 21:22:37,332 WARNING:apscheduler.scheduler:Execution of job "send_due_reminders (trigger: interval[0:00:01], next run at: 2026-09-10 21:22:37 UTC)" skipped: maximum number of running instances reached (1)
2026-09-10 21:22:41,568 WARNING:apscheduler.scheduler:Execution of job "send_due_reminders (trigger: interval[0:00:01], next run at: 2026-09-10 21:22:41 UTC)" skipped: maximum number of running instances reached (1)
2026-09-10 21:22:50,532 WARNING:apscheduler.scheduler:Execution of job "send_due_reminders (trigger: interval[0:00:01], next run at: 2026-09-10 21:22:50 UTC)" skipped: maximum number of running instances reached (1)
2026-09-10 21:23:03,393 WARNING:apscheduler.scheduler:Execution of job "send_due_reminders (trigger: interval[0:00:01], next run at: 2026-09-10 21:23:03 UTC)" skipped: maximum number of running instances reached (1)
2026-09-10 21:23:11,354 WARNING:apscheduler.scheduler:Execution of job "send_due_reminders (trigger: interval[0:00:01], next run at: 2026-09-10 21:23:11 UTC)" skipped: maximum number of running instances reached (1)
2026-09-10 21:23:16,433 WARNING:apscheduler.scheduler:Execution of job "send_due_reminders (trigger: interval[0:00:01], next run at: 2026-09-10 21:23:16 UTC)" skipped: maximum number of running instances reached (1)
2026-09-10 21:23:18,356 WARNING:apscheduler.scheduler:Execution of job "send_due_reminders (trigger: interval[0:00:01], next run at: 2026-09-10 21:23:18 UTC)" skipped: maximum number of running instances reached (1)
2026-09-10 21:23:20,668 WARNING:apscheduler.scheduler:Execution of job "send_due_reminders (trigger: interval[0:00:01], next run at: 2026-09-10 21:23:20 UTC)" skipped: maximum number of running instances reached (1)
2026-09-10 21:23:21,299 WARNING:apscheduler.scheduler:Execution of job "send_due_reminders (trigger: interval[0:00:01], next run at: 2026-09-10 21:23:21 UTC)" skipped: maximum number of running instances reached (1)
2026-09-10 21:23:23,314 WARNING:apscheduler.scheduler:Execution of job "send_due_reminders (trigger: interval[0:00:01], next run at: 2026-09-10 21:23:23 UTC)" skipped: maximum number of running instances reached (1)
2026-09-10 21:23:25,307 WARNING:apscheduler.scheduler:Execution of job "send_due_reminders (trigger: interval[0:00:01], next run at: 2026-09-10 21:23:25 UTC)" skipped: maximum number of running instances reached (1)
2026-09-10 21:23:28,377 WARNING:apscheduler.scheduler:Execution of job "send_due_reminders (trigger: interval[0:00:01], next run at: 2026-09-10 21:23:28 UTC)" skipped: maximum number of running instances reached (1)
2026-09-10 21:23:33,306 WARNING:apscheduler.scheduler:Execution of job "send_due_reminders (trigger: interval[0:00:01], next run at: 2026-09-10 21:23:33 UTC)" skipped: maximum number of running instances reached (1)
2026-09-10 21:23:35,324 WARNING:apscheduler.scheduler:Execution of job "send_due_reminders (trigger: interval[0:00:01], next run at: 2026-09-10 21:23:35 UTC)" skipped: maximum number of running instances reached (1)
2026-09-10 21:23:39,394 WARNING:apscheduler.scheduler:Execution of job "send_due_reminders (trigger: interval[0:00:01], next run at: 2026-09-10 21:23:39 UTC)" skipped: maximum number of running instances reached (1)
2026-09-10 21:23:43,430 WARNING:apscheduler.scheduler:Execution of job "send_due_reminders (trigger: interval[0:00:01], next run at: 2026-09-10 21:23:43 UTC)" skipped: maximum number of running instances reached (1)
2026-09-10 21:24:09,505 WARNING:apscheduler.scheduler:Execution of job "send_due_reminders (trigger: interval[0:00:01], next run at: 2026-09-10 21:24:09 UTC)" skipped: maximum number of running instances reached (1)
2026-09-10 21:24:11,461 WARNING:apscheduler.scheduler:Execution of job "send_due_reminders (trigger: interval[0:00:01], next run at: 2026-09-10 21:24:11 UTC)" skipped: maximum number of running instances reached (1)
2026-09-10 21:24:13,725 WARNING:apscheduler.scheduler:Execution of job "send_due_reminders (trigger: interval[0:00:01], next run at: 2026-09-10 21:24:13 UTC)" skipped: maximum number of running instances reached (1)
2026-09-10 21:24:16,466 WARNING:apscheduler.scheduler:Execution of job "send_due_reminders (trigger: interval[0:00:01], next run at: 2026-09-10 21:24:16 UTC)" skipped: maximum number of running instances reached (1)
2026-09-10 21:24:29,354 WARNING:apscheduler.scheduler:Execution of job "send_due_reminders (trigger: interval[0:00:01], next run at: 2026-09-10 21:24:29 UTC)" skipped: maximum number of running instances reached (1)
2026-09-10 21:24:33,635 WARNING:apscheduler.scheduler:Execution of job "send_due_reminders (trigger: interval[0:00:01], next run at: 2026-09-10 21:24:33 UTC)" skipped: maximum number of running instances reached (1)
2026-09-10 21:25:00,377 WARNING:apscheduler.scheduler:Execution of job "send_due_reminders (trigger: interval[0:00:01], next run at: 2026-09-10 21:25:00 UTC)" skipped: maximum number of running instances reached (1)
2026-09-10 21:25:02,461 WARNING:apscheduler.scheduler:Execution of job "send_due_reminders (trigger: interval[0:00:01], next run at: 2026-09-10 21:25:02 UTC)" skipped: maximum number of running instances reached (1)
2026-09-10 21:25:07,341 WARNING:apscheduler.scheduler:Execution of job "send_due_reminders (trigger: interval[0:00:01], next run at: 2026-09-10 21:25:07 UTC)" skipped: maximum number of running instances reached (1)
2026-09-10 21:25:08,360 WARNING:apscheduler.scheduler:Execution of job "send_due_reminders (trigger: interval[0:00:01], next run at: 2026-09-10 21:25:08 UTC)" skipped: maximum number of running instances reached (1)
2026-09-10 21:25:10,895 WARNING:discord.gateway:Can't keep up, shard ID None websocket is 42.0s behind.
2026-09-10 21:25:11,302 WARNING:apscheduler.scheduler:Execution of job "send_due_reminders (trigger: interval[0:00:01], next run at: 2026-09-10 21:25:11 UTC)" skipped: maximum number of running instances reached (1)
2026-09-10 21:25:19,334 WARNING:apscheduler.scheduler:Execution of job "send_due_reminders (trigger: interval[0:00:01], next run at: 2026-09-10 21:25:19 UTC)" skipped: maximum number of running instances reached (1)
2026-09-10 21:25:21,453 WARNING:apscheduler.scheduler:Execution of job "send_due_reminders (trigger: interval[0:00:01], next run at: 2026-09-10 21:25:21 UTC)" skipped: maximum number of running instances reached (1)
2026-09-10 21:25:23,448 WARNING:apscheduler.scheduler:Execution of job "send_due_reminders (trigger: interval[0:00:01], next run at: 2026-09-10 21:25:23 UTC)" skipped: maximum number of running instances reached (1)
2026-09-10 21:25:27,422 WARNING:apscheduler.scheduler:Execution of job "send_due_reminders (trigger: interval[0:00:01], next run at: 2026-09-10 21:25:27 UTC)" skipped: maximum number of running instances reached (1)
2026-09-10 21:25:32,302 WARNING:apscheduler.scheduler:Execution of job "send_due_reminders (trigger: interval[0:00:01], next run at: 2026-09-10 21:25:32 UTC)" skipped: maximum number of running instances reached (1)
2026-09-10 22:45:35,112 ERROR:discord.client:Attempting a reconnect in 0.86s
Traceback (most recent call last):
  File "/projects/sp4rk/.venv/lib/python3.12/site-packages/aiohttp/connector.py", line 1561, in _create_direct_connection
    hosts = await self._resolve_host(host, port, traces=traces)
            ^^^^^^^^^^^^^^^^^^^^^^^^^^^^^^^^^^^^^^^^^^^^^^^^^^^
  File "/projects/sp4rk/.venv/lib/python3.12/site-packages/aiohttp/connector.py", line 1171, in _resolve_host
    return await asyncio.shield(resolved_host_task)
           ^^^^^^^^^^^^^^^^^^^^^^^^^^^^^^^^^^^^^^^^
  File "/projects/sp4rk/.venv/lib/python3.12/site-packages/aiohttp/connector.py", line 1202, in _resolve_host_with_throttle
    addrs = await self._resolver.resolve(host, port, family=self._family)
            ^^^^^^^^^^^^^^^^^^^^^^^^^^^^^^^^^^^^^^^^^^^^^^^^^^^^^^^^^^^^^
  File "/projects/sp4rk/.venv/lib/python3.12/site-packages/aiohttp/resolver.py", line 40, in resolve
    infos = await self._loop.getaddrinfo(
            ^^^^^^^^^^^^^^^^^^^^^^^^^^^^^
  File "/usr/lib/python3.12/asyncio/base_events.py", line 901, in getaddrinfo
    return await self.run_in_executor(
           ^^^^^^^^^^^^^^^^^^^^^^^^^^^
  File "/usr/lib/python3.12/concurrent/futures/thread.py", line 58, in run
    result = self.fn(*self.args, **self.kwargs)
             ^^^^^^^^^^^^^^^^^^^^^^^^^^^^^^^^^^
  File "/usr/lib/python3.12/socket.py", line 963, in getaddrinfo
    for res in _socket.getaddrinfo(host, port, family, type, proto, flags):
               ^^^^^^^^^^^^^^^^^^^^^^^^^^^^^^^^^^^^^^^^^^^^^^^^^^^^^^^^^^^
socket.gaierror: [Errno -3] Temporary failure in name resolution

The above exception was the direct cause of the following exception:

Traceback (most recent call last):
  File "/projects/sp4rk/.venv/lib/python3.12/site-packages/discord/client.py", line 664, in connect
    self.ws = await asyncio.wait_for(coro, timeout=60.0)
              ^^^^^^^^^^^^^^^^^^^^^^^^^^^^^^^^^^^^^^^^^^
  File "/usr/lib/python3.12/asyncio/tasks.py", line 520, in wait_for
    return await fut
           ^^^^^^^^^
  File "/projects/sp4rk/.venv/lib/python3.12/site-packages/discord/gateway.py", line 374, in from_client
    socket = await client.http.ws_connect(str(url))
             ^^^^^^^^^^^^^^^^^^^^^^^^^^^^^^^^^^^^^^
  File "/projects/sp4rk/.venv/lib/python3.12/site-packages/discord/http.py", line 550, in ws_connect
    return await self.__session.ws_connect(url, **kwargs)
           ^^^^^^^^^^^^^^^^^^^^^^^^^^^^^^^^^^^^^^^^^^^^^^
  File "/projects/sp4rk/.venv/lib/python3.12/site-packages/aiohttp/client.py", line 1244, in _ws_connect
    resp = await self.request(
           ^^^^^^^^^^^^^^^^^^^
  File "/projects/sp4rk/.venv/lib/python3.12/site-packages/aiohttp/client.py", line 856, in _request
    resp = await handler(req)
           ^^^^^^^^^^^^^^^^^^
  File "/projects/sp4rk/.venv/lib/python3.12/site-packages/aiohttp/client.py", line 810, in _connect_and_send_request
    conn = await self._connector.connect(
           ^^^^^^^^^^^^^^^^^^^^^^^^^^^^^^
  File "/projects/sp4rk/.venv/lib/python3.12/site-packages/aiohttp/connector.py", line 655, in connect
    proto = await self._create_connection(req, traces, timeout)
            ^^^^^^^^^^^^^^^^^^^^^^^^^^^^^^^^^^^^^^^^^^^^^^^^^^^
  File "/projects/sp4rk/.venv/lib/python3.12/site-packages/aiohttp/connector.py", line 1232, in _create_connection
    _, proto = await self._create_direct_connection(req, traces, timeout)
               ^^^^^^^^^^^^^^^^^^^^^^^^^^^^^^^^^^^^^^^^^^^^^^^^^^^^^^^^^^
  File "/projects/sp4rk/.venv/lib/python3.12/site-packages/aiohttp/connector.py", line 1567, in _create_direct_connection
    raise ClientConnectorDNSError(req.connection_key, exc) from exc
aiohttp.client_exceptions.ClientConnectorDNSError: Cannot connect to host gateway-us-east1-c.discord.gg:443 ssl:default [Temporary failure in name resolution]
2026-09-11 05:36:54,060 ERROR:discord.client:Attempting a reconnect in 0.69s
Traceback (most recent call last):
  File "/projects/sp4rk/.venv/lib/python3.12/site-packages/aiohttp/connector.py", line 1561, in _create_direct_connection
    hosts = await self._resolve_host(host, port, traces=traces)
            ^^^^^^^^^^^^^^^^^^^^^^^^^^^^^^^^^^^^^^^^^^^^^^^^^^^
  File "/projects/sp4rk/.venv/lib/python3.12/site-packages/aiohttp/connector.py", line 1171, in _resolve_host
    return await asyncio.shield(resolved_host_task)
           ^^^^^^^^^^^^^^^^^^^^^^^^^^^^^^^^^^^^^^^^
  File "/projects/sp4rk/.venv/lib/python3.12/site-packages/aiohttp/connector.py", line 1202, in _resolve_host_with_throttle
    addrs = await self._resolver.resolve(host, port, family=self._family)
            ^^^^^^^^^^^^^^^^^^^^^^^^^^^^^^^^^^^^^^^^^^^^^^^^^^^^^^^^^^^^^
  File "/projects/sp4rk/.venv/lib/python3.12/site-packages/aiohttp/resolver.py", line 40, in resolve
    infos = await self._loop.getaddrinfo(
            ^^^^^^^^^^^^^^^^^^^^^^^^^^^^^
  File "/usr/lib/python3.12/asyncio/base_events.py", line 901, in getaddrinfo
    return await self.run_in_executor(
           ^^^^^^^^^^^^^^^^^^^^^^^^^^^
  File "/usr/lib/python3.12/concurrent/futures/thread.py", line 58, in run
    result = self.fn(*self.args, **self.kwargs)
             ^^^^^^^^^^^^^^^^^^^^^^^^^^^^^^^^^^
  File "/usr/lib/python3.12/socket.py", line 963, in getaddrinfo
    for res in _socket.getaddrinfo(host, port, family, type, proto, flags):
               ^^^^^^^^^^^^^^^^^^^^^^^^^^^^^^^^^^^^^^^^^^^^^^^^^^^^^^^^^^^
socket.gaierror: [Errno -3] Temporary failure in name resolution

The above exception was the direct cause of the following exception:

Traceback (most recent call last):
  File "/projects/sp4rk/.venv/lib/python3.12/site-packages/discord/client.py", line 664, in connect
    self.ws = await asyncio.wait_for(coro, timeout=60.0)
              ^^^^^^^^^^^^^^^^^^^^^^^^^^^^^^^^^^^^^^^^^^
  File "/usr/lib/python3.12/asyncio/tasks.py", line 520, in wait_for
    return await fut
           ^^^^^^^^^
  File "/projects/sp4rk/.venv/lib/python3.12/site-packages/discord/gateway.py", line 374, in from_client
    socket = await client.http.ws_connect(str(url))
             ^^^^^^^^^^^^^^^^^^^^^^^^^^^^^^^^^^^^^^
  File "/projects/sp4rk/.venv/lib/python3.12/site-packages/discord/http.py", line 550, in ws_connect
    return await self.__session.ws_connect(url, **kwargs)
           ^^^^^^^^^^^^^^^^^^^^^^^^^^^^^^^^^^^^^^^^^^^^^^
  File "/projects/sp4rk/.venv/lib/python3.12/site-packages/aiohttp/client.py", line 1244, in _ws_connect
    resp = await self.request(
           ^^^^^^^^^^^^^^^^^^^
  File "/projects/sp4rk/.venv/lib/python3.12/site-packages/aiohttp/client.py", line 856, in _request
    resp = await handler(req)
           ^^^^^^^^^^^^^^^^^^
  File "/projects/sp4rk/.venv/lib/python3.12/site-packages/aiohttp/client.py", line 810, in _connect_and_send_request
    conn = await self._connector.connect(
           ^^^^^^^^^^^^^^^^^^^^^^^^^^^^^^
  File "/projects/sp4rk/.venv/lib/python3.12/site-packages/aiohttp/connector.py", line 655, in connect
    proto = await self._create_connection(req, traces, timeout)
            ^^^^^^^^^^^^^^^^^^^^^^^^^^^^^^^^^^^^^^^^^^^^^^^^^^^
  File "/projects/sp4rk/.venv/lib/python3.12/site-packages/aiohttp/connector.py", line 1232, in _create_connection
    _, proto = await self._create_direct_connection(req, traces, timeout)
               ^^^^^^^^^^^^^^^^^^^^^^^^^^^^^^^^^^^^^^^^^^^^^^^^^^^^^^^^^^
  File "/projects/sp4rk/.venv/lib/python3.12/site-packages/aiohttp/connector.py", line 1567, in _create_direct_connection
    raise ClientConnectorDNSError(req.connection_key, exc) from exc
aiohttp.client_exceptions.ClientConnectorDNSError: Cannot connect to host gateway-us-east1-c.discord.gg:443 ssl:default [Temporary failure in name resolution]
2026-09-11 08:52:37,291 ERROR:discord.client:Attempting a reconnect in 1.29s
Traceback (most recent call last):
  File "/projects/sp4rk/.venv/lib/python3.12/site-packages/aiohttp/connector.py", line 1561, in _create_direct_connection
    hosts = await self._resolve_host(host, port, traces=traces)
            ^^^^^^^^^^^^^^^^^^^^^^^^^^^^^^^^^^^^^^^^^^^^^^^^^^^
  File "/projects/sp4rk/.venv/lib/python3.12/site-packages/aiohttp/connector.py", line 1171, in _resolve_host
    return await asyncio.shield(resolved_host_task)
           ^^^^^^^^^^^^^^^^^^^^^^^^^^^^^^^^^^^^^^^^
  File "/projects/sp4rk/.venv/lib/python3.12/site-packages/aiohttp/connector.py", line 1202, in _resolve_host_with_throttle
    addrs = await self._resolver.resolve(host, port, family=self._family)
            ^^^^^^^^^^^^^^^^^^^^^^^^^^^^^^^^^^^^^^^^^^^^^^^^^^^^^^^^^^^^^
  File "/projects/sp4rk/.venv/lib/python3.12/site-packages/aiohttp/resolver.py", line 40, in resolve
    infos = await self._loop.getaddrinfo(
            ^^^^^^^^^^^^^^^^^^^^^^^^^^^^^
  File "/usr/lib/python3.12/asyncio/base_events.py", line 901, in getaddrinfo
    return await self.run_in_executor(
           ^^^^^^^^^^^^^^^^^^^^^^^^^^^
  File "/usr/lib/python3.12/concurrent/futures/thread.py", line 58, in run
    result = self.fn(*self.args, **self.kwargs)
             ^^^^^^^^^^^^^^^^^^^^^^^^^^^^^^^^^^
  File "/usr/lib/python3.12/socket.py", line 963, in getaddrinfo
    for res in _socket.getaddrinfo(host, port, family, type, proto, flags):
               ^^^^^^^^^^^^^^^^^^^^^^^^^^^^^^^^^^^^^^^^^^^^^^^^^^^^^^^^^^^
socket.gaierror: [Errno -3] Temporary failure in name resolution

The above exception was the direct cause of the following exception:

Traceback (most recent call last):
  File "/projects/sp4rk/.venv/lib/python3.12/site-packages/discord/client.py", line 664, in connect
    self.ws = await asyncio.wait_for(coro, timeout=60.0)
              ^^^^^^^^^^^^^^^^^^^^^^^^^^^^^^^^^^^^^^^^^^
  File "/usr/lib/python3.12/asyncio/tasks.py", line 520, in wait_for
    return await fut
           ^^^^^^^^^
  File "/projects/sp4rk/.venv/lib/python3.12/site-packages/discord/gateway.py", line 374, in from_client
    socket = await client.http.ws_connect(str(url))
             ^^^^^^^^^^^^^^^^^^^^^^^^^^^^^^^^^^^^^^
  File "/projects/sp4rk/.venv/lib/python3.12/site-packages/discord/http.py", line 550, in ws_connect
    return await self.__session.ws_connect(url, **kwargs)
           ^^^^^^^^^^^^^^^^^^^^^^^^^^^^^^^^^^^^^^^^^^^^^^
  File "/projects/sp4rk/.venv/lib/python3.12/site-packages/aiohttp/client.py", line 1244, in _ws_connect
    resp = await self.request(
           ^^^^^^^^^^^^^^^^^^^
  File "/projects/sp4rk/.venv/lib/python3.12/site-packages/aiohttp/client.py", line 856, in _request
    resp = await handler(req)
           ^^^^^^^^^^^^^^^^^^
  File "/projects/sp4rk/.venv/lib/python3.12/site-packages/aiohttp/client.py", line 810, in _connect_and_send_request
    conn = await self._connector.connect(
           ^^^^^^^^^^^^^^^^^^^^^^^^^^^^^^
  File "/projects/sp4rk/.venv/lib/python3.12/site-packages/aiohttp/connector.py", line 655, in connect
    proto = await self._create_connection(req, traces, timeout)
            ^^^^^^^^^^^^^^^^^^^^^^^^^^^^^^^^^^^^^^^^^^^^^^^^^^^
  File "/projects/sp4rk/.venv/lib/python3.12/site-packages/aiohttp/connector.py", line 1232, in _create_connection
    _, proto = await self._create_direct_connection(req, traces, timeout)
               ^^^^^^^^^^^^^^^^^^^^^^^^^^^^^^^^^^^^^^^^^^^^^^^^^^^^^^^^^^
  File "/projects/sp4rk/.venv/lib/python3.12/site-packages/aiohttp/connector.py", line 1567, in _create_direct_connection
    raise ClientConnectorDNSError(req.connection_key, exc) from exc
aiohttp.client_exceptions.ClientConnectorDNSError: Cannot connect to host gateway-us-east1-c.discord.gg:443 ssl:default [Temporary failure in name resolution]
2026-09-11 09:11:55,513 ERROR:discord.client:Attempting a reconnect in 1.72s
Traceback (most recent call last):
  File "/projects/sp4rk/.venv/lib/python3.12/site-packages/aiohttp/connector.py", line 1561, in _create_direct_connection
    hosts = await self._resolve_host(host, port, traces=traces)
            ^^^^^^^^^^^^^^^^^^^^^^^^^^^^^^^^^^^^^^^^^^^^^^^^^^^
  File "/projects/sp4rk/.venv/lib/python3.12/site-packages/aiohttp/connector.py", line 1171, in _resolve_host
    return await asyncio.shield(resolved_host_task)
           ^^^^^^^^^^^^^^^^^^^^^^^^^^^^^^^^^^^^^^^^
  File "/projects/sp4rk/.venv/lib/python3.12/site-packages/aiohttp/connector.py", line 1202, in _resolve_host_with_throttle
    addrs = await self._resolver.resolve(host, port, family=self._family)
            ^^^^^^^^^^^^^^^^^^^^^^^^^^^^^^^^^^^^^^^^^^^^^^^^^^^^^^^^^^^^^
  File "/projects/sp4rk/.venv/lib/python3.12/site-packages/aiohttp/resolver.py", line 40, in resolve
    infos = await self._loop.getaddrinfo(
            ^^^^^^^^^^^^^^^^^^^^^^^^^^^^^
  File "/usr/lib/python3.12/asyncio/base_events.py", line 901, in getaddrinfo
    return await self.run_in_executor(
           ^^^^^^^^^^^^^^^^^^^^^^^^^^^
  File "/usr/lib/python3.12/concurrent/futures/thread.py", line 58, in run
    result = self.fn(*self.args, **self.kwargs)
             ^^^^^^^^^^^^^^^^^^^^^^^^^^^^^^^^^^
  File "/usr/lib/python3.12/socket.py", line 963, in getaddrinfo
    for res in _socket.getaddrinfo(host, port, family, type, proto, flags):
               ^^^^^^^^^^^^^^^^^^^^^^^^^^^^^^^^^^^^^^^^^^^^^^^^^^^^^^^^^^^
socket.gaierror: [Errno -3] Temporary failure in name resolution

The above exception was the direct cause of the following exception:

Traceback (most recent call last):
  File "/projects/sp4rk/.venv/lib/python3.12/site-packages/discord/client.py", line 664, in connect
    self.ws = await asyncio.wait_for(coro, timeout=60.0)
              ^^^^^^^^^^^^^^^^^^^^^^^^^^^^^^^^^^^^^^^^^^
  File "/usr/lib/python3.12/asyncio/tasks.py", line 520, in wait_for
    return await fut
           ^^^^^^^^^
  File "/projects/sp4rk/.venv/lib/python3.12/site-packages/discord/gateway.py", line 374, in from_client
    socket = await client.http.ws_connect(str(url))
             ^^^^^^^^^^^^^^^^^^^^^^^^^^^^^^^^^^^^^^
  File "/projects/sp4rk/.venv/lib/python3.12/site-packages/discord/http.py", line 550, in ws_connect
    return await self.__session.ws_connect(url, **kwargs)
           ^^^^^^^^^^^^^^^^^^^^^^^^^^^^^^^^^^^^^^^^^^^^^^
  File "/projects/sp4rk/.venv/lib/python3.12/site-packages/aiohttp/client.py", line 1244, in _ws_connect
    resp = await self.request(
           ^^^^^^^^^^^^^^^^^^^
  File "/projects/sp4rk/.venv/lib/python3.12/site-packages/aiohttp/client.py", line 856, in _request
    resp = await handler(req)
           ^^^^^^^^^^^^^^^^^^
  File "/projects/sp4rk/.venv/lib/python3.12/site-packages/aiohttp/client.py", line 810, in _connect_and_send_request
    conn = await self._connector.connect(
           ^^^^^^^^^^^^^^^^^^^^^^^^^^^^^^
  File "/projects/sp4rk/.venv/lib/python3.12/site-packages/aiohttp/connector.py", line 655, in connect
    proto = await self._create_connection(req, traces, timeout)
            ^^^^^^^^^^^^^^^^^^^^^^^^^^^^^^^^^^^^^^^^^^^^^^^^^^^
  File "/projects/sp4rk/.venv/lib/python3.12/site-packages/aiohttp/connector.py", line 1232, in _create_connection
    _, proto = await self._create_direct_connection(req, traces, timeout)
               ^^^^^^^^^^^^^^^^^^^^^^^^^^^^^^^^^^^^^^^^^^^^^^^^^^^^^^^^^^
  File "/projects/sp4rk/.venv/lib/python3.12/site-packages/aiohttp/connector.py", line 1567, in _create_direct_connection
    raise ClientConnectorDNSError(req.connection_key, exc) from exc
aiohttp.client_exceptions.ClientConnectorDNSError: Cannot connect to host gateway-us-east1-c.discord.gg:443 ssl:default [Temporary failure in name resolution]
2026-09-11 10:44:23,061 WARNING:discord.gateway:Can't keep up, shard ID None websocket is 14.7s behind.
2026-09-11 12:31:49,039 ERROR:discord.client:Attempting a reconnect in 0.99s
Traceback (most recent call last):
  File "/projects/sp4rk/.venv/lib/python3.12/site-packages/aiohttp/connector.py", line 1561, in _create_direct_connection
    hosts = await self._resolve_host(host, port, traces=traces)
            ^^^^^^^^^^^^^^^^^^^^^^^^^^^^^^^^^^^^^^^^^^^^^^^^^^^
  File "/projects/sp4rk/.venv/lib/python3.12/site-packages/aiohttp/connector.py", line 1171, in _resolve_host
    return await asyncio.shield(resolved_host_task)
           ^^^^^^^^^^^^^^^^^^^^^^^^^^^^^^^^^^^^^^^^
  File "/projects/sp4rk/.venv/lib/python3.12/site-packages/aiohttp/connector.py", line 1202, in _resolve_host_with_throttle
    addrs = await self._resolver.resolve(host, port, family=self._family)
            ^^^^^^^^^^^^^^^^^^^^^^^^^^^^^^^^^^^^^^^^^^^^^^^^^^^^^^^^^^^^^
  File "/projects/sp4rk/.venv/lib/python3.12/site-packages/aiohttp/resolver.py", line 40, in resolve
    infos = await self._loop.getaddrinfo(
            ^^^^^^^^^^^^^^^^^^^^^^^^^^^^^
  File "/usr/lib/python3.12/asyncio/base_events.py", line 901, in getaddrinfo
    return await self.run_in_executor(
           ^^^^^^^^^^^^^^^^^^^^^^^^^^^
  File "/usr/lib/python3.12/concurrent/futures/thread.py", line 58, in run
    result = self.fn(*self.args, **self.kwargs)
             ^^^^^^^^^^^^^^^^^^^^^^^^^^^^^^^^^^
  File "/usr/lib/python3.12/socket.py", line 963, in getaddrinfo
    for res in _socket.getaddrinfo(host, port, family, type, proto, flags):
               ^^^^^^^^^^^^^^^^^^^^^^^^^^^^^^^^^^^^^^^^^^^^^^^^^^^^^^^^^^^
socket.gaierror: [Errno -3] Temporary failure in name resolution

The above exception was the direct cause of the following exception:

Traceback (most recent call last):
  File "/projects/sp4rk/.venv/lib/python3.12/site-packages/discord/client.py", line 664, in connect
    self.ws = await asyncio.wait_for(coro, timeout=60.0)
              ^^^^^^^^^^^^^^^^^^^^^^^^^^^^^^^^^^^^^^^^^^
  File "/usr/lib/python3.12/asyncio/tasks.py", line 520, in wait_for
    return await fut
           ^^^^^^^^^
  File "/projects/sp4rk/.venv/lib/python3.12/site-packages/discord/gateway.py", line 374, in from_client
    socket = await client.http.ws_connect(str(url))
             ^^^^^^^^^^^^^^^^^^^^^^^^^^^^^^^^^^^^^^
  File "/projects/sp4rk/.venv/lib/python3.12/site-packages/discord/http.py", line 550, in ws_connect
    return await self.__session.ws_connect(url, **kwargs)
           ^^^^^^^^^^^^^^^^^^^^^^^^^^^^^^^^^^^^^^^^^^^^^^
  File "/projects/sp4rk/.venv/lib/python3.12/site-packages/aiohttp/client.py", line 1244, in _ws_connect
    resp = await self.request(
           ^^^^^^^^^^^^^^^^^^^
  File "/projects/sp4rk/.venv/lib/python3.12/site-packages/aiohttp/client.py", line 856, in _request
    resp = await handler(req)
           ^^^^^^^^^^^^^^^^^^
  File "/projects/sp4rk/.venv/lib/python3.12/site-packages/aiohttp/client.py", line 810, in _connect_and_send_request
    conn = await self._connector.connect(
           ^^^^^^^^^^^^^^^^^^^^^^^^^^^^^^
  File "/projects/sp4rk/.venv/lib/python3.12/site-packages/aiohttp/connector.py", line 655, in connect
    proto = await self._create_connection(req, traces, timeout)
            ^^^^^^^^^^^^^^^^^^^^^^^^^^^^^^^^^^^^^^^^^^^^^^^^^^^
  File "/projects/sp4rk/.venv/lib/python3.12/site-packages/aiohttp/connector.py", line 1232, in _create_connection
    _, proto = await self._create_direct_connection(req, traces, timeout)
               ^^^^^^^^^^^^^^^^^^^^^^^^^^^^^^^^^^^^^^^^^^^^^^^^^^^^^^^^^^
  File "/projects/sp4rk/.venv/lib/python3.12/site-packages/aiohttp/connector.py", line 1567, in _create_direct_connection
    raise ClientConnectorDNSError(req.connection_key, exc) from exc
aiohttp.client_exceptions.ClientConnectorDNSError: Cannot connect to host gateway-us-east1-c.discord.gg:443 ssl:default [Temporary failure in name resolution]
2026-09-11 16:26:41,205 WARNING:discord.gateway:Can't keep up, shard ID None websocket is 16.0s behind.
2026-09-11 22:11:01,607 ERROR:discord.client:Attempting a reconnect in 1.33s
Traceback (most recent call last):
  File "/projects/sp4rk/.venv/lib/python3.12/site-packages/aiohttp/connector.py", line 1561, in _create_direct_connection
    hosts = await self._resolve_host(host, port, traces=traces)
            ^^^^^^^^^^^^^^^^^^^^^^^^^^^^^^^^^^^^^^^^^^^^^^^^^^^
  File "/projects/sp4rk/.venv/lib/python3.12/site-packages/aiohttp/connector.py", line 1171, in _resolve_host
    return await asyncio.shield(resolved_host_task)
           ^^^^^^^^^^^^^^^^^^^^^^^^^^^^^^^^^^^^^^^^
  File "/projects/sp4rk/.venv/lib/python3.12/site-packages/aiohttp/connector.py", line 1202, in _resolve_host_with_throttle
    addrs = await self._resolver.resolve(host, port, family=self._family)
            ^^^^^^^^^^^^^^^^^^^^^^^^^^^^^^^^^^^^^^^^^^^^^^^^^^^^^^^^^^^^^
  File "/projects/sp4rk/.venv/lib/python3.12/site-packages/aiohttp/resolver.py", line 40, in resolve
    infos = await self._loop.getaddrinfo(
            ^^^^^^^^^^^^^^^^^^^^^^^^^^^^^
  File "/usr/lib/python3.12/asyncio/base_events.py", line 901, in getaddrinfo
    return await self.run_in_executor(
           ^^^^^^^^^^^^^^^^^^^^^^^^^^^
  File "/usr/lib/python3.12/concurrent/futures/thread.py", line 58, in run
    result = self.fn(*self.args, **self.kwargs)
             ^^^^^^^^^^^^^^^^^^^^^^^^^^^^^^^^^^
  File "/usr/lib/python3.12/socket.py", line 963, in getaddrinfo
    for res in _socket.getaddrinfo(host, port, family, type, proto, flags):
               ^^^^^^^^^^^^^^^^^^^^^^^^^^^^^^^^^^^^^^^^^^^^^^^^^^^^^^^^^^^
socket.gaierror: [Errno -3] Temporary failure in name resolution

The above exception was the direct cause of the following exception:

Traceback (most recent call last):
  File "/projects/sp4rk/.venv/lib/python3.12/site-packages/discord/client.py", line 664, in connect
    self.ws = await asyncio.wait_for(coro, timeout=60.0)
              ^^^^^^^^^^^^^^^^^^^^^^^^^^^^^^^^^^^^^^^^^^
  File "/usr/lib/python3.12/asyncio/tasks.py", line 520, in wait_for
    return await fut
           ^^^^^^^^^
  File "/projects/sp4rk/.venv/lib/python3.12/site-packages/discord/gateway.py", line 374, in from_client
    socket = await client.http.ws_connect(str(url))
             ^^^^^^^^^^^^^^^^^^^^^^^^^^^^^^^^^^^^^^
  File "/projects/sp4rk/.venv/lib/python3.12/site-packages/discord/http.py", line 550, in ws_connect
    return await self.__session.ws_connect(url, **kwargs)
           ^^^^^^^^^^^^^^^^^^^^^^^^^^^^^^^^^^^^^^^^^^^^^^
  File "/projects/sp4rk/.venv/lib/python3.12/site-packages/aiohttp/client.py", line 1244, in _ws_connect
    resp = await self.request(
           ^^^^^^^^^^^^^^^^^^^
  File "/projects/sp4rk/.venv/lib/python3.12/site-packages/aiohttp/client.py", line 856, in _request
    resp = await handler(req)
           ^^^^^^^^^^^^^^^^^^
  File "/projects/sp4rk/.venv/lib/python3.12/site-packages/aiohttp/client.py", line 810, in _connect_and_send_request
    conn = await self._connector.connect(
           ^^^^^^^^^^^^^^^^^^^^^^^^^^^^^^
  File "/projects/sp4rk/.venv/lib/python3.12/site-packages/aiohttp/connector.py", line 655, in connect
    proto = await self._create_connection(req, traces, timeout)
            ^^^^^^^^^^^^^^^^^^^^^^^^^^^^^^^^^^^^^^^^^^^^^^^^^^^
  File "/projects/sp4rk/.venv/lib/python3.12/site-packages/aiohttp/connector.py", line 1232, in _create_connection
    _, proto = await self._create_direct_connection(req, traces, timeout)
               ^^^^^^^^^^^^^^^^^^^^^^^^^^^^^^^^^^^^^^^^^^^^^^^^^^^^^^^^^^
  File "/projects/sp4rk/.venv/lib/python3.12/site-packages/aiohttp/connector.py", line 1567, in _create_direct_connection
    raise ClientConnectorDNSError(req.connection_key, exc) from exc
aiohttp.client_exceptions.ClientConnectorDNSError: Cannot connect to host gateway-us-east1-c.discord.gg:443 ssl:default [Temporary failure in name resolution]
2026-09-12 00:39:16,723 WARNING:discord.gateway:Can't keep up, shard ID None websocket is 14.6s behind.
2026-09-12 10:01:43,863 WARNING:discord.gateway:Can't keep up, shard ID None websocket is 14.9s behind.
2026-09-12 19:37:10,279 ERROR:discord.client:Attempting a reconnect in 0.46s
Traceback (most recent call last):
  File "/projects/sp4rk/.venv/lib/python3.12/site-packages/aiohttp/connector.py", line 1561, in _create_direct_connection
    hosts = await self._resolve_host(host, port, traces=traces)
            ^^^^^^^^^^^^^^^^^^^^^^^^^^^^^^^^^^^^^^^^^^^^^^^^^^^
  File "/projects/sp4rk/.venv/lib/python3.12/site-packages/aiohttp/connector.py", line 1171, in _resolve_host
    return await asyncio.shield(resolved_host_task)
           ^^^^^^^^^^^^^^^^^^^^^^^^^^^^^^^^^^^^^^^^
  File "/projects/sp4rk/.venv/lib/python3.12/site-packages/aiohttp/connector.py", line 1202, in _resolve_host_with_throttle
    addrs = await self._resolver.resolve(host, port, family=self._family)
            ^^^^^^^^^^^^^^^^^^^^^^^^^^^^^^^^^^^^^^^^^^^^^^^^^^^^^^^^^^^^^
  File "/projects/sp4rk/.venv/lib/python3.12/site-packages/aiohttp/resolver.py", line 40, in resolve
    infos = await self._loop.getaddrinfo(
            ^^^^^^^^^^^^^^^^^^^^^^^^^^^^^
  File "/usr/lib/python3.12/asyncio/base_events.py", line 901, in getaddrinfo
    return await self.run_in_executor(
           ^^^^^^^^^^^^^^^^^^^^^^^^^^^
  File "/usr/lib/python3.12/concurrent/futures/thread.py", line 58, in run
    result = self.fn(*self.args, **self.kwargs)
             ^^^^^^^^^^^^^^^^^^^^^^^^^^^^^^^^^^
  File "/usr/lib/python3.12/socket.py", line 963, in getaddrinfo
    for res in _socket.getaddrinfo(host, port, family, type, proto, flags):
               ^^^^^^^^^^^^^^^^^^^^^^^^^^^^^^^^^^^^^^^^^^^^^^^^^^^^^^^^^^^
socket.gaierror: [Errno -3] Temporary failure in name resolution

The above exception was the direct cause of the following exception:

Traceback (most recent call last):
  File "/projects/sp4rk/.venv/lib/python3.12/site-packages/discord/client.py", line 664, in connect
    self.ws = await asyncio.wait_for(coro, timeout=60.0)
              ^^^^^^^^^^^^^^^^^^^^^^^^^^^^^^^^^^^^^^^^^^
  File "/usr/lib/python3.12/asyncio/tasks.py", line 520, in wait_for
    return await fut
           ^^^^^^^^^
  File "/projects/sp4rk/.venv/lib/python3.12/site-packages/discord/gateway.py", line 374, in from_client
    socket = await client.http.ws_connect(str(url))
             ^^^^^^^^^^^^^^^^^^^^^^^^^^^^^^^^^^^^^^
  File "/projects/sp4rk/.venv/lib/python3.12/site-packages/discord/http.py", line 550, in ws_connect
    return await self.__session.ws_connect(url, **kwargs)
           ^^^^^^^^^^^^^^^^^^^^^^^^^^^^^^^^^^^^^^^^^^^^^^
  File "/projects/sp4rk/.venv/lib/python3.12/site-packages/aiohttp/client.py", line 1244, in _ws_connect
    resp = await self.request(
           ^^^^^^^^^^^^^^^^^^^
  File "/projects/sp4rk/.venv/lib/python3.12/site-packages/aiohttp/client.py", line 856, in _request
    resp = await handler(req)
           ^^^^^^^^^^^^^^^^^^
  File "/projects/sp4rk/.venv/lib/python3.12/site-packages/aiohttp/client.py", line 810, in _connect_and_send_request
    conn = await self._connector.connect(
           ^^^^^^^^^^^^^^^^^^^^^^^^^^^^^^
  File "/projects/sp4rk/.venv/lib/python3.12/site-packages/aiohttp/connector.py", line 655, in connect
    proto = await self._create_connection(req, traces, timeout)
            ^^^^^^^^^^^^^^^^^^^^^^^^^^^^^^^^^^^^^^^^^^^^^^^^^^^
  File "/projects/sp4rk/.venv/lib/python3.12/site-packages/aiohttp/connector.py", line 1232, in _create_connection
    _, proto = await self._create_direct_connection(req, traces, timeout)
               ^^^^^^^^^^^^^^^^^^^^^^^^^^^^^^^^^^^^^^^^^^^^^^^^^^^^^^^^^^
  File "/projects/sp4rk/.venv/lib/python3.12/site-packages/aiohttp/connector.py", line 1567, in _create_direct_connection
    raise ClientConnectorDNSError(req.connection_key, exc) from exc
aiohttp.client_exceptions.ClientConnectorDNSError: Cannot connect to host gateway-us-east1-c.discord.gg:443 ssl:default [Temporary failure in name resolution]
2026-09-12 20:11:04,991 ERROR:discord.client:Attempting a reconnect in 0.26s
Traceback (most recent call last):
  File "/projects/sp4rk/.venv/lib/python3.12/site-packages/aiohttp/connector.py", line 1561, in _create_direct_connection
    hosts = await self._resolve_host(host, port, traces=traces)
            ^^^^^^^^^^^^^^^^^^^^^^^^^^^^^^^^^^^^^^^^^^^^^^^^^^^
  File "/projects/sp4rk/.venv/lib/python3.12/site-packages/aiohttp/connector.py", line 1171, in _resolve_host
    return await asyncio.shield(resolved_host_task)
           ^^^^^^^^^^^^^^^^^^^^^^^^^^^^^^^^^^^^^^^^
  File "/projects/sp4rk/.venv/lib/python3.12/site-packages/aiohttp/connector.py", line 1202, in _resolve_host_with_throttle
    addrs = await self._resolver.resolve(host, port, family=self._family)
            ^^^^^^^^^^^^^^^^^^^^^^^^^^^^^^^^^^^^^^^^^^^^^^^^^^^^^^^^^^^^^
  File "/projects/sp4rk/.venv/lib/python3.12/site-packages/aiohttp/resolver.py", line 40, in resolve
    infos = await self._loop.getaddrinfo(
            ^^^^^^^^^^^^^^^^^^^^^^^^^^^^^
  File "/usr/lib/python3.12/asyncio/base_events.py", line 901, in getaddrinfo
    return await self.run_in_executor(
           ^^^^^^^^^^^^^^^^^^^^^^^^^^^
  File "/usr/lib/python3.12/concurrent/futures/thread.py", line 58, in run
    result = self.fn(*self.args, **self.kwargs)
             ^^^^^^^^^^^^^^^^^^^^^^^^^^^^^^^^^^
  File "/usr/lib/python3.12/socket.py", line 963, in getaddrinfo
    for res in _socket.getaddrinfo(host, port, family, type, proto, flags):
               ^^^^^^^^^^^^^^^^^^^^^^^^^^^^^^^^^^^^^^^^^^^^^^^^^^^^^^^^^^^
socket.gaierror: [Errno -3] Temporary failure in name resolution

The above exception was the direct cause of the following exception:

Traceback (most recent call last):
  File "/projects/sp4rk/.venv/lib/python3.12/site-packages/discord/client.py", line 664, in connect
    self.ws = await asyncio.wait_for(coro, timeout=60.0)
              ^^^^^^^^^^^^^^^^^^^^^^^^^^^^^^^^^^^^^^^^^^
  File "/usr/lib/python3.12/asyncio/tasks.py", line 520, in wait_for
    return await fut
           ^^^^^^^^^
  File "/projects/sp4rk/.venv/lib/python3.12/site-packages/discord/gateway.py", line 374, in from_client
    socket = await client.http.ws_connect(str(url))
             ^^^^^^^^^^^^^^^^^^^^^^^^^^^^^^^^^^^^^^
  File "/projects/sp4rk/.venv/lib/python3.12/site-packages/discord/http.py", line 550, in ws_connect
    return await self.__session.ws_connect(url, **kwargs)
           ^^^^^^^^^^^^^^^^^^^^^^^^^^^^^^^^^^^^^^^^^^^^^^
  File "/projects/sp4rk/.venv/lib/python3.12/site-packages/aiohttp/client.py", line 1244, in _ws_connect
    resp = await self.request(
           ^^^^^^^^^^^^^^^^^^^
  File "/projects/sp4rk/.venv/lib/python3.12/site-packages/aiohttp/client.py", line 856, in _request
    resp = await handler(req)
           ^^^^^^^^^^^^^^^^^^
  File "/projects/sp4rk/.venv/lib/python3.12/site-packages/aiohttp/client.py", line 810, in _connect_and_send_request
    conn = await self._connector.connect(
           ^^^^^^^^^^^^^^^^^^^^^^^^^^^^^^
  File "/projects/sp4rk/.venv/lib/python3.12/site-packages/aiohttp/connector.py", line 655, in connect
    proto = await self._create_connection(req, traces, timeout)
            ^^^^^^^^^^^^^^^^^^^^^^^^^^^^^^^^^^^^^^^^^^^^^^^^^^^
  File "/projects/sp4rk/.venv/lib/python3.12/site-packages/aiohttp/connector.py", line 1232, in _create_connection
    _, proto = await self._create_direct_connection(req, traces, timeout)
               ^^^^^^^^^^^^^^^^^^^^^^^^^^^^^^^^^^^^^^^^^^^^^^^^^^^^^^^^^^
  File "/projects/sp4rk/.venv/lib/python3.12/site-packages/aiohttp/connector.py", line 1567, in _create_direct_connection
    raise ClientConnectorDNSError(req.connection_key, exc) from exc
aiohttp.client_exceptions.ClientConnectorDNSError: Cannot connect to host gateway-us-east1-c.discord.gg:443 ssl:default [Temporary failure in name resolution]
2026-09-12 20:29:42,005 ERROR:discord.client:Attempting a reconnect in 5.86s
Traceback (most recent call last):
  File "/projects/sp4rk/.venv/lib/python3.12/site-packages/aiohttp/connector.py", line 1561, in _create_direct_connection
    hosts = await self._resolve_host(host, port, traces=traces)
            ^^^^^^^^^^^^^^^^^^^^^^^^^^^^^^^^^^^^^^^^^^^^^^^^^^^
  File "/projects/sp4rk/.venv/lib/python3.12/site-packages/aiohttp/connector.py", line 1171, in _resolve_host
    return await asyncio.shield(resolved_host_task)
           ^^^^^^^^^^^^^^^^^^^^^^^^^^^^^^^^^^^^^^^^
  File "/projects/sp4rk/.venv/lib/python3.12/site-packages/aiohttp/connector.py", line 1202, in _resolve_host_with_throttle
    addrs = await self._resolver.resolve(host, port, family=self._family)
            ^^^^^^^^^^^^^^^^^^^^^^^^^^^^^^^^^^^^^^^^^^^^^^^^^^^^^^^^^^^^^
  File "/projects/sp4rk/.venv/lib/python3.12/site-packages/aiohttp/resolver.py", line 40, in resolve
    infos = await self._loop.getaddrinfo(
            ^^^^^^^^^^^^^^^^^^^^^^^^^^^^^
  File "/usr/lib/python3.12/asyncio/base_events.py", line 901, in getaddrinfo
    return await self.run_in_executor(
           ^^^^^^^^^^^^^^^^^^^^^^^^^^^
  File "/usr/lib/python3.12/concurrent/futures/thread.py", line 58, in run
    result = self.fn(*self.args, **self.kwargs)
             ^^^^^^^^^^^^^^^^^^^^^^^^^^^^^^^^^^
  File "/usr/lib/python3.12/socket.py", line 963, in getaddrinfo
    for res in _socket.getaddrinfo(host, port, family, type, proto, flags):
               ^^^^^^^^^^^^^^^^^^^^^^^^^^^^^^^^^^^^^^^^^^^^^^^^^^^^^^^^^^^
socket.gaierror: [Errno -3] Temporary failure in name resolution

The above exception was the direct cause of the following exception:

Traceback (most recent call last):
  File "/projects/sp4rk/.venv/lib/python3.12/site-packages/discord/client.py", line 664, in connect
    self.ws = await asyncio.wait_for(coro, timeout=60.0)
              ^^^^^^^^^^^^^^^^^^^^^^^^^^^^^^^^^^^^^^^^^^
  File "/usr/lib/python3.12/asyncio/tasks.py", line 520, in wait_for
    return await fut
           ^^^^^^^^^
  File "/projects/sp4rk/.venv/lib/python3.12/site-packages/discord/gateway.py", line 374, in from_client
    socket = await client.http.ws_connect(str(url))
             ^^^^^^^^^^^^^^^^^^^^^^^^^^^^^^^^^^^^^^
  File "/projects/sp4rk/.venv/lib/python3.12/site-packages/discord/http.py", line 550, in ws_connect
    return await self.__session.ws_connect(url, **kwargs)
           ^^^^^^^^^^^^^^^^^^^^^^^^^^^^^^^^^^^^^^^^^^^^^^
  File "/projects/sp4rk/.venv/lib/python3.12/site-packages/aiohttp/client.py", line 1244, in _ws_connect
    resp = await self.request(
           ^^^^^^^^^^^^^^^^^^^
  File "/projects/sp4rk/.venv/lib/python3.12/site-packages/aiohttp/client.py", line 856, in _request
    resp = await handler(req)
           ^^^^^^^^^^^^^^^^^^
  File "/projects/sp4rk/.venv/lib/python3.12/site-packages/aiohttp/client.py", line 810, in _connect_and_send_request
    conn = await self._connector.connect(
           ^^^^^^^^^^^^^^^^^^^^^^^^^^^^^^
  File "/projects/sp4rk/.venv/lib/python3.12/site-packages/aiohttp/connector.py", line 655, in connect
    proto = await self._create_connection(req, traces, timeout)
            ^^^^^^^^^^^^^^^^^^^^^^^^^^^^^^^^^^^^^^^^^^^^^^^^^^^
  File "/projects/sp4rk/.venv/lib/python3.12/site-packages/aiohttp/connector.py", line 1232, in _create_connection
    _, proto = await self._create_direct_connection(req, traces, timeout)
               ^^^^^^^^^^^^^^^^^^^^^^^^^^^^^^^^^^^^^^^^^^^^^^^^^^^^^^^^^^
  File "/projects/sp4rk/.venv/lib/python3.12/site-packages/aiohttp/connector.py", line 1567, in _create_direct_connection
    raise ClientConnectorDNSError(req.connection_key, exc) from exc
aiohttp.client_exceptions.ClientConnectorDNSError: Cannot connect to host gateway-us-east1-c.discord.gg:443 ssl:default [Temporary failure in name resolution]
2026-09-12 23:14:43,215 WARNING:discord.gateway:Can't keep up, shard ID None websocket is 14.5s behind.
2026-09-13 05:32:32,710 WARNING:discord.gateway:Can't keep up, shard ID None websocket is 14.6s behind.
2026-09-13 06:14:20,673 WARNING:discord.gateway:Can't keep up, shard ID None websocket is 14.7s behind.
2026-09-13 20:50:01,099 WARNING:SP4RK.reminders:DM closed for user 591297089686863872
2026-09-13 20:50:01,297 WARNING:apscheduler.scheduler:Execution of job "send_due_reminders (trigger: interval[0:00:01], next run at: 2026-09-13 20:50:01 UTC)" skipped: maximum number of running instances reached (1)
2026-09-13 20:50:02,297 WARNING:apscheduler.scheduler:Execution of job "send_due_reminders (trigger: interval[0:00:01], next run at: 2026-09-13 20:50:02 UTC)" skipped: maximum number of running instances reached (1)
2026-09-13 20:50:03,297 WARNING:apscheduler.scheduler:Execution of job "send_due_reminders (trigger: interval[0:00:01], next run at: 2026-09-13 20:50:03 UTC)" skipped: maximum number of running instances reached (1)
2026-09-13 20:50:04,296 WARNING:apscheduler.scheduler:Execution of job "send_due_reminders (trigger: interval[0:00:01], next run at: 2026-09-13 20:50:04 UTC)" skipped: maximum number of running instances reached (1)
2026-09-13 20:50:05,296 WARNING:apscheduler.scheduler:Execution of job "send_due_reminders (trigger: interval[0:00:01], next run at: 2026-09-13 20:50:05 UTC)" skipped: maximum number of running instances reached (1)
2026-09-13 20:50:06,297 WARNING:apscheduler.scheduler:Execution of job "send_due_reminders (trigger: interval[0:00:01], next run at: 2026-09-13 20:50:06 UTC)" skipped: maximum number of running instances reached (1)
2026-09-13 20:50:07,297 WARNING:apscheduler.scheduler:Execution of job "send_due_reminders (trigger: interval[0:00:01], next run at: 2026-09-13 20:50:07 UTC)" skipped: maximum number of running instances reached (1)
2026-09-13 20:50:08,296 WARNING:apscheduler.scheduler:Execution of job "send_due_reminders (trigger: interval[0:00:01], next run at: 2026-09-13 20:50:08 UTC)" skipped: maximum number of running instances reached (1)
2026-09-13 20:50:09,297 WARNING:apscheduler.scheduler:Execution of job "send_due_reminders (trigger: interval[0:00:01], next run at: 2026-09-13 20:50:09 UTC)" skipped: maximum number of running instances reached (1)
2026-09-13 20:50:10,297 WARNING:apscheduler.scheduler:Execution of job "send_due_reminders (trigger: interval[0:00:01], next run at: 2026-09-13 20:50:10 UTC)" skipped: maximum number of running instances reached (1)
2026-09-13 20:50:11,297 WARNING:apscheduler.scheduler:Execution of job "send_due_reminders (trigger: interval[0:00:01], next run at: 2026-09-13 20:50:11 UTC)" skipped: maximum number of running instances reached (1)
2026-09-13 20:50:12,296 WARNING:apscheduler.scheduler:Execution of job "send_due_reminders (trigger: interval[0:00:01], next run at: 2026-09-13 20:50:12 UTC)" skipped: maximum number of running instances reached (1)
2026-09-14 01:14:27,110 ERROR:discord.client:Attempting a reconnect in 0.23s
Traceback (most recent call last):
  File "/projects/sp4rk/.venv/lib/python3.12/site-packages/aiohttp/connector.py", line 1561, in _create_direct_connection
    hosts = await self._resolve_host(host, port, traces=traces)
            ^^^^^^^^^^^^^^^^^^^^^^^^^^^^^^^^^^^^^^^^^^^^^^^^^^^
  File "/projects/sp4rk/.venv/lib/python3.12/site-packages/aiohttp/connector.py", line 1171, in _resolve_host
    return await asyncio.shield(resolved_host_task)
           ^^^^^^^^^^^^^^^^^^^^^^^^^^^^^^^^^^^^^^^^
  File "/projects/sp4rk/.venv/lib/python3.12/site-packages/aiohttp/connector.py", line 1202, in _resolve_host_with_throttle
    addrs = await self._resolver.resolve(host, port, family=self._family)
            ^^^^^^^^^^^^^^^^^^^^^^^^^^^^^^^^^^^^^^^^^^^^^^^^^^^^^^^^^^^^^
  File "/projects/sp4rk/.venv/lib/python3.12/site-packages/aiohttp/resolver.py", line 40, in resolve
    infos = await self._loop.getaddrinfo(
            ^^^^^^^^^^^^^^^^^^^^^^^^^^^^^
  File "/usr/lib/python3.12/asyncio/base_events.py", line 901, in getaddrinfo
    return await self.run_in_executor(
           ^^^^^^^^^^^^^^^^^^^^^^^^^^^
  File "/usr/lib/python3.12/concurrent/futures/thread.py", line 58, in run
    result = self.fn(*self.args, **self.kwargs)
             ^^^^^^^^^^^^^^^^^^^^^^^^^^^^^^^^^^
  File "/usr/lib/python3.12/socket.py", line 963, in getaddrinfo
    for res in _socket.getaddrinfo(host, port, family, type, proto, flags):
               ^^^^^^^^^^^^^^^^^^^^^^^^^^^^^^^^^^^^^^^^^^^^^^^^^^^^^^^^^^^
socket.gaierror: [Errno -3] Temporary failure in name resolution

The above exception was the direct cause of the following exception:

Traceback (most recent call last):
  File "/projects/sp4rk/.venv/lib/python3.12/site-packages/discord/client.py", line 664, in connect
    self.ws = await asyncio.wait_for(coro, timeout=60.0)
              ^^^^^^^^^^^^^^^^^^^^^^^^^^^^^^^^^^^^^^^^^^
  File "/usr/lib/python3.12/asyncio/tasks.py", line 520, in wait_for
    return await fut
           ^^^^^^^^^
  File "/projects/sp4rk/.venv/lib/python3.12/site-packages/discord/gateway.py", line 374, in from_client
    socket = await client.http.ws_connect(str(url))
             ^^^^^^^^^^^^^^^^^^^^^^^^^^^^^^^^^^^^^^
  File "/projects/sp4rk/.venv/lib/python3.12/site-packages/discord/http.py", line 550, in ws_connect
    return await self.__session.ws_connect(url, **kwargs)
           ^^^^^^^^^^^^^^^^^^^^^^^^^^^^^^^^^^^^^^^^^^^^^^
  File "/projects/sp4rk/.venv/lib/python3.12/site-packages/aiohttp/client.py", line 1244, in _ws_connect
    resp = await self.request(
           ^^^^^^^^^^^^^^^^^^^
  File "/projects/sp4rk/.venv/lib/python3.12/site-packages/aiohttp/client.py", line 856, in _request
    resp = await handler(req)
           ^^^^^^^^^^^^^^^^^^
  File "/projects/sp4rk/.venv/lib/python3.12/site-packages/aiohttp/client.py", line 810, in _connect_and_send_request
    conn = await self._connector.connect(
           ^^^^^^^^^^^^^^^^^^^^^^^^^^^^^^
  File "/projects/sp4rk/.venv/lib/python3.12/site-packages/aiohttp/connector.py", line 655, in connect
    proto = await self._create_connection(req, traces, timeout)
            ^^^^^^^^^^^^^^^^^^^^^^^^^^^^^^^^^^^^^^^^^^^^^^^^^^^
  File "/projects/sp4rk/.venv/lib/python3.12/site-packages/aiohttp/connector.py", line 1232, in _create_connection
    _, proto = await self._create_direct_connection(req, traces, timeout)
               ^^^^^^^^^^^^^^^^^^^^^^^^^^^^^^^^^^^^^^^^^^^^^^^^^^^^^^^^^^
  File "/projects/sp4rk/.venv/lib/python3.12/site-packages/aiohttp/connector.py", line 1567, in _create_direct_connection
    raise ClientConnectorDNSError(req.connection_key, exc) from exc
aiohttp.client_exceptions.ClientConnectorDNSError: Cannot connect to host gateway-us-east1-c.discord.gg:443 ssl:default [Temporary failure in name resolution]
2026-09-14 07:38:06,341 WARNING:discord.gateway:Can't keep up, shard ID None websocket is 14.7s behind.
2026-09-14 09:48:06,565 WARNING:discord.gateway:Can't keep up, shard ID None websocket is 14.8s behind.
